file_name,text
video/glLQrEijrKg_000300/video.mp4,playing hammond organ
video/LDoXsip0BEQ_000177/video.mp4,parrot talking
video/6jiO0tPLK7U_000090/video.mp4,basketball bounce
video/cRlp5v9BHeE_000011/video.mp4,car passing by
video/WgZ8KAnnTb8_000030/video.mp4,rapping
video/ATnl-fq5nAk_000030/video.mp4,playing acoustic guitar
video/20Nlj7Cz4E0_000030/video.mp4,male singing
video/2P1uwGQfaPA_000004/video.mp4,alarm clock ringing
video/NlCfScKw_Mk_000030/video.mp4,playing synthesizer
video/W1nb2hIeDKc_000021/video.mp4,striking bowling
video/QDppmIicknY_000030/video.mp4,playing bagpipes
video/apZT-WEJ--A_000175/video.mp4,people slurping
video/7rzEesL55fM_000340/video.mp4,playing vibraphone
video/BLXwpGCn2KQ_000030/video.mp4,orchestra
video/xElEg-6DBtM_000018/video.mp4,hail
video/XOI5jgUu3fA_000442/video.mp4,blowtorch igniting
video/hsmrvZEc_uw_000150/video.mp4,playing electronic organ
video/si_IAMPOXlQ_000170/video.mp4,playing timpani
video/2rK6HBRC8HQ_000040/video.mp4,playing castanets
video/qJ2cY646opA_000000/video.mp4,people slapping
video/2uYTNgvxVwk_000257/video.mp4,people humming
video/8vohm5gaLs8_000049/video.mp4,bowling impact
video/-XxUW9gW6mc_000060/video.mp4,wind rustling leaves
video/wjmMSonpdT0_000030/video.mp4,helicopter
video/DUlxiX4ri1Q_000045/video.mp4,alarm clock ringing
video/DiBKqoKUjOk_000080/video.mp4,goose honking
video/KPG9s_s8siA_000030/video.mp4,playing vibraphone
video/Flusa6-SaDM_000090/video.mp4,horse clip-clop
video/4q9NPjOpWy8_000146/video.mp4,wood thrush calling
video/2XQzahrQ_tE_000025/video.mp4,sea waves
video/MVLEz28ZdFU_000010/video.mp4,people coughing
video/h_GXTAWpJC8_000002/video.mp4,cat growling
video/QXnFAcMyAHA_000030/video.mp4,playing harp
video/JrZZVNhUDtY_000127/video.mp4,driving snowmobile
video/0_8-g2rof7E_000049/video.mp4,"heart sounds, heartbeat"
video/EIzBD62ja8E_000030/video.mp4,playing acoustic guitar
video/asKuYgAcyIk_000030/video.mp4,car passing by
video/tV3rvUSlVnY_000030/video.mp4,playing steelpan
video/N0c6P3Po5J0_000062/video.mp4,cuckoo bird calling
video/aEYwqY-Zt_k_000011/video.mp4,"donkey, ass braying"
video/GteozUDpJRc_000030/video.mp4,"engine accelerating, revving, vroom"
video/hO7Y77gKIMo_000150/video.mp4,raining
video/nEmU3E8rras_000012/video.mp4,playing washboard
video/MnEZwnRuQR8_000030/video.mp4,firing cannon
video/l-qyJLFOVYI_000000/video.mp4,cheetah chirrup
video/1cqcTbDxsHM_000130/video.mp4,playing theremin
video/YXqu1CeA2c4_000044/video.mp4,people giggling
video/-Tok_g_jgE0_000268/video.mp4,rope skipping
video/puoRo9q7-ec_000009/video.mp4,disc scratching
video/m9jDl571rHU_000010/video.mp4,playing hammond organ
video/6OjIjy7Hc6I_000030/video.mp4,playing synthesizer
video/PDToHQeouq8_000050/video.mp4,stream burbling
video/bkIBHUh7LrE_000115/video.mp4,cricket chirping
video/4enilF4pEko_000000/video.mp4,mouse pattering
video/_547JTmvb9g_000030/video.mp4,people sniggering
video/fYhJdb8ka3k_000030/video.mp4,typing on computer keyboard
video/vb1SalyslCs_000050/video.mp4,sailing
video/Olfiy3sCF88_000030/video.mp4,duck quacking
video/145N68nh4m0_000130/video.mp4,police car (siren)
video/sqGwflGZk4Y_000080/video.mp4,playing badminton
video/DfEOfuu863Q_000016/video.mp4,running electric fan
video/qoo1sZq09pQ_000180/video.mp4,playing french horn
video/9PdzaYwgQBE_000030/video.mp4,pumping water
video/xw3yx95ZsLg_000030/video.mp4,singing bowl
video/oeNMiCqg9JA_000106/video.mp4,ripping paper
video/1NkUBIl2Plw_000030/video.mp4,raining
video/mcYd-WlyCIw_000006/video.mp4,telephone bell ringing
video/PYislCydAPQ_000030/video.mp4,playing french horn
video/XzsPKZf62G0_000420/video.mp4,machine gun shooting
video/CDIex7WRfFo_000025/video.mp4,telephone bell ringing
video/4oEjg-ZPXBc_000030/video.mp4,playing badminton
video/40CVvVDVWVM_000051/video.mp4,ferret dooking
video/uoCay5JXnn4_000000/video.mp4,toilet flushing
video/h4MaAn43I20_000069/video.mp4,yodelling
video/wCPEfqnHzNc_000067/video.mp4,alarm clock ringing
video/eMQySEjyCUw_000160/video.mp4,playing vibraphone
video/WSuGM1DGvCM_000006/video.mp4,people cheering
video/kZegES0woJo_000035/video.mp4,snake hissing
video/zuqaQqmtzXs_000095/video.mp4,playing tuning fork
video/E4kSn6knAZE_000143/video.mp4,striking pool
video/BI8YQ3ueD24_000030/video.mp4,tapping guitar
video/F5e-SEICJP4_000060/video.mp4,playing steelpan
video/hOua7RdPg38_000090/video.mp4,baby laughter
video/mSL8MpANRBE_000013/video.mp4,lathe spinning
video/VzB1ly5SirQ_000380/video.mp4,police radio chatter
video/dpEVjaFAhAs_000360/video.mp4,hair dryer drying
video/gyP7-OSixNk_000030/video.mp4,playing hammond organ
video/mkayu6dgMQs_000190/video.mp4,playing gong
video/XQHs8qK9HPA_000082/video.mp4,"ice cream truck, ice cream van"
video/bh3M0wYsW1k_000076/video.mp4,alarm clock ringing
video/RvHRucMiAbw_000000/video.mp4,bull bellowing
video/YbcsO5O7X9c_000056/video.mp4,dog baying
video/alYGQZPX7vc_000030/video.mp4,playing piano
video/khgvtI-pnOE_000012/video.mp4,barn swallow calling
video/B5KE79I2f-A_000188/video.mp4,wind noise
video/1_v-Kro86Io_000010/video.mp4,playing harpsichord
video/MBVEZnvdBUM_000019/video.mp4,metronome
video/PuvTDLP8lwM_000030/video.mp4,typing on computer keyboard
video/Y16pPj3zfo4_000007/video.mp4,"alligators, crocodiles hissing"
video/rJftCcAQZEY_000460/video.mp4,cricket chirping
video/8HUmHsf6dG4_000000/video.mp4,spraying water
video/aP0nFHftn9A_000070/video.mp4,typing on typewriter
video/DQRapqt_69c_000128/video.mp4,sharpen knife
video/nn5WR8xkcVM_000313/video.mp4,bouncing on trampoline
video/doX8FjlNPf8_000030/video.mp4,playing sitar
video/GQb6gTJD7zA_000000/video.mp4,playing flute
video/SDdlINEPMPc_000030/video.mp4,wind rustling leaves
video/Ahhba-EM4nI_000000/video.mp4,people sneezing
video/ebRLSVHIGEE_000050/video.mp4,thunder
video/iPf4W-YgqEs_000120/video.mp4,eating with cutlery
video/y05npVHuQtg_000024/video.mp4,cattle mooing
video/XNGrVxQFrdI_000440/video.mp4,pumping water
video/HhJNtJYbWkk_000032/video.mp4,fireworks banging
video/7GJ9EGKOxSI_000200/video.mp4,alarm clock ringing
video/7-V8cMwkXTk_000030/video.mp4,"motorboat, speedboat acceleration"
video/LaiJ0mPbbdk_000016/video.mp4,horse neighing
video/DKrhM5ESJzM_000045/video.mp4,arc welding
video/4Au6hL7urlY_000368/video.mp4,"fly, housefly buzzing"
video/E7qRkUYu580_000307/video.mp4,sea waves
video/eosvNU2eucs_000260/video.mp4,playing clarinet
video/M-bmsXbJBdw_000034/video.mp4,"race car, auto racing"
video/Bd-1gr7807g_000016/video.mp4,volcano explosion
video/o8_9STVfnvI_000059/video.mp4,horse clip-clop
video/PeN0BUbCdVE_000030/video.mp4,printer printing
video/ivKeAXf2H_g_000011/video.mp4,playing guiro
video/680o8EChP_o_000105/video.mp4,striking pool
video/35HFjLYQiwY_000030/video.mp4,lawn mowing
video/NAdLC19r7MU_000245/video.mp4,planing timber
video/F8OkghIn9L8_000320/video.mp4,chainsawing trees
video/cM_VbOBRWK8_000000/video.mp4,playing harmonica
video/GxT7fj69ni4_000056/video.mp4,chimpanzee pant-hooting
video/SM10Hrl5d7U_000010/video.mp4,playing electronic organ
video/zUxqWMvjKBw_000099/video.mp4,driving snowmobile
video/QW8-FlKlqAA_000480/video.mp4,playing bagpipes
video/1MP3sQTk8wo_000000/video.mp4,dog barking
video/cuINEhfQW98_000109/video.mp4,ice cracking
video/Fnsn0MeW3X4_000580/video.mp4,playing french horn
video/QnR9JhVGgu8_000348/video.mp4,car engine idling
video/idUZsNLnyDg_000030/video.mp4,tapping guitar
video/JNvGSWULJLA_000588/video.mp4,dinosaurs bellowing
video/J3ALZUC6tYI_000065/video.mp4,civil defense siren
video/MZEwJXbLjIE_000260/video.mp4,people whistling
video/ZT3jQW3tvt0_000015/video.mp4,canary calling
video/ZcQ_w49a8UU_000066/video.mp4,mouse clicking
video/pWjfnwWIXQ4_000150/video.mp4,bird wings flapping
video/25AuI5wE_FM_000004/video.mp4,lathe spinning
video/iYBjjt6HwPM_000109/video.mp4,sea waves
video/MYejbTz5DWY_000166/video.mp4,shot football
video/gs-lSymjBVE_000030/video.mp4,"ice cream truck, ice cream van"
video/H4rdJlSSt5Y_000030/video.mp4,playing banjo
video/1BivKH8w7Fo_000037/video.mp4,people cheering
video/nnkzdwz1D8Q_000280/video.mp4,cricket chirping
video/7Tdbu-kCGPI_000077/video.mp4,baltimore oriole calling
video/6sRQnpEEQ0E_000390/video.mp4,lighting firecrackers
video/7M8qifHEvQA_000140/video.mp4,people eating apple
video/S0sPNaWcdrs_000043/video.mp4,playing bongo
video/PZJtBkLPDbM_000460/video.mp4,arc welding
video/xAJtCxlsvGg_000003/video.mp4,warbler chirping
video/7L5ceYe0f_s_000120/video.mp4,wind rustling leaves
video/0eTrzI5-ong_000030/video.mp4,playing zither
video/QXnJ2manIdI_000030/video.mp4,"female speech, woman speaking"
video/qeTDQnAZ81w_000087/video.mp4,underwater bubbling
video/YCwS46UER0Q_000207/video.mp4,playing squash
video/6fQqyrMAuFI_000500/video.mp4,"motorboat, speedboat acceleration"
video/tQpSR44-vLY_000150/video.mp4,lathe spinning
video/2N-TQnG4t90_000045/video.mp4,woodpecker pecking tree
video/crS5cwurdfY_000160/video.mp4,lawn mowing
video/shkxVcpYF8c_000222/video.mp4,mouse clicking
video/AG2YTG36nYg_000504/video.mp4,scuba diving
video/cEEoKQ38fHY_000030/video.mp4,driving buses
video/TCjpetxykx0_000210/video.mp4,playing sitar
video/DqOGYyFVnKk_000200/video.mp4,skateboarding
video/Gx4Ua7b7qcI_000016/video.mp4,blowtorch igniting
video/aEuT4gYoOzg_000020/video.mp4,woodpecker pecking tree
video/ejg4V7F-ArQ_000327/video.mp4,bowling impact
video/R5I7L3qtgNk_000061/video.mp4,ice cracking
video/2x373CrHD6E_000000/video.mp4,cupboard opening or closing
video/Ts3ZcUaELzA_000030/video.mp4,playing electric guitar
video/R_B5ruT7kAI_000000/video.mp4,train wheels squealing
video/LmtTU7Ihc4M_000350/video.mp4,machine gun shooting
video/WMZ3ZAMcE3s_000204/video.mp4,cat hissing
video/99iIggWrfNM_000030/video.mp4,"engine accelerating, revving, vroom"
video/B5KE79I2f-A_000220/video.mp4,wind noise
video/4P518ZMug-U_000115/video.mp4,people booing
video/HgSqmsr5GOQ_000030/video.mp4,fire crackling
video/bMYhXjEJl_8_000070/video.mp4,ocean burbling
video/4U7GK4-5No4_000046/video.mp4,"electric shaver, electric razor shaving"
video/NwBREzh6M_I_000050/video.mp4,opening or closing drawers
video/PeWX2XHqnTw_000005/video.mp4,playing double bass
video/AwAFAi8sa-0_000450/video.mp4,playing volleyball
video/KDE80kI1Kf0_000040/video.mp4,owl hooting
video/eZ5iippq3rA_000030/video.mp4,crow cawing
video/7fft0a682rE_000000/video.mp4,bird wings flapping
video/Bgnaur8-fas_000160/video.mp4,playing bongo
video/mwYb2HLIAmw_000030/video.mp4,"female speech, woman speaking"
video/KqcvoJkKeRk_000081/video.mp4,playing squash
video/v44s14ocMV4_000033/video.mp4,playing oboe
video/DIAS8gDM8Hg_000003/video.mp4,dog baying
video/wKVqltUq1Xo_000052/video.mp4,golf driving
video/ZRVktsXO9FI_000066/video.mp4,scuba diving
video/3LulQoOXNB0_000030/video.mp4,driving motorcycle
video/1VHm2PacRWc_000020/video.mp4,cow lowing
video/Zbz0xb0BYSk_000090/video.mp4,chicken crowing
video/ENX0totqysA_000030/video.mp4,playing piano
video/2WTk_j_fivY_000030/video.mp4,reversing beeps
video/YlLqWCeiVPw_000030/video.mp4,cat meowing
video/QqBqzQofczg_000090/video.mp4,mouse pattering
video/adh99_Q735w_000140/video.mp4,playing gong
video/0NZQRllfNhE_000140/video.mp4,mynah bird singing
video/R3urUtvSgkU_000030/video.mp4,playing bass guitar
video/H8q7kRegenA_000490/video.mp4,playing vibraphone
video/fPAsWpYozPM_000112/video.mp4,chipmunk chirping
video/hnz86eMFjkQ_000002/video.mp4,people sneezing
video/jzxUgRqabsA_000010/video.mp4,crow cawing
video/QJDLZ53UsLk_000320/video.mp4,car passing by
video/DrN1hZuDLqA_000153/video.mp4,lathe spinning
video/4V_-nmgCdCk_000380/video.mp4,mouse pattering
video/CnxNaUbF61U_000030/video.mp4,sloshing water
video/99VNZPt2MIs_000126/video.mp4,elephant trumpeting
video/ZsWs23ldI4k_000110/video.mp4,people hiccup
video/N0d1cK2k1Eg_000000/video.mp4,cattle mooing
video/s6ZrQ73zxdw_000131/video.mp4,playing tympani
video/O_SKumO328I_000030/video.mp4,driving buses
video/ITKMtPL1pWw_000001/video.mp4,underwater bubbling
video/EBnrA85wsc4_000030/video.mp4,people eating
video/Z0wu_Qi3Cxk_000115/video.mp4,police radio chatter
video/qaZYMjKrUCo_000460/video.mp4,using sewing machines
video/-G04QpzSpbU_000020/video.mp4,cat purring
video/hFkC9DzHoho_000189/video.mp4,playing bassoon
video/twAF2WFdZMk_000143/video.mp4,slot machine
video/0hdkmTWLnw8_000042/video.mp4,playing darts
video/uwH37lkK6OQ_000070/video.mp4,otter growling
video/Owg_XU9XmRM_000030/video.mp4,driving buses
video/vhUM-UOKpSk_000053/video.mp4,playing ukulele
video/8hE1DIB6wfw_000030/video.mp4,baby crying
video/r4kvzWLSDT4_000030/video.mp4,playing double bass
video/MI6AgoqRlZg_000069/video.mp4,chicken crowing
video/StO32FBBIH4_000011/video.mp4,baby crying
video/D1VQAb8CfWM_000022/video.mp4,cat hissing
video/Dvq1kY70ip4_000025/video.mp4,snake hissing
video/VCWoxeOUJzc_000083/video.mp4,"alligators, crocodiles hissing"
video/CUWfvJiJFLQ_000030/video.mp4,playing bagpipes
video/G0SUSiUozWM_000236/video.mp4,popping popcorn
video/m-FO9gFY5Go_000030/video.mp4,people hiccup
video/K2pP4vbDrBw_000108/video.mp4,playing congas
video/wOzgCyoi9l8_000006/video.mp4,gibbon howling
video/a2mT_KRRa1Y_000002/video.mp4,"fly, housefly buzzing"
video/mZ6ALw9GOUU_000030/video.mp4,playing harp
video/nxklbthehL0_000100/video.mp4,people cheering
video/tiMD7FdhbPo_000050/video.mp4,playing trumpet
video/3ANlPU9YFmw_000030/video.mp4,frog croaking
video/5NyjOIjRKKM_000018/video.mp4,dog bow-wow
video/UpTkrr-4feg_000015/video.mp4,ferret dooking
video/NwA9JSlK_lM_000030/video.mp4,playing banjo
video/Szwd-0tatdo_000120/video.mp4,thunder
video/8n2oR0jgQ5A_000021/video.mp4,shot football
video/Hrpr-PM2fQQ_000000/video.mp4,skidding
video/V5xL8hLFY58_000030/video.mp4,playing mandolin
video/ktLR-WjB_C8_000044/video.mp4,ripping paper
video/RXIRbazT2Rs_000270/video.mp4,using sewing machines
video/R_yxyBvaauw_000040/video.mp4,barn swallow calling
video/2bCuw7U_Rac_000390/video.mp4,playing accordion
video/QDW_uCMnMMU_000000/video.mp4,people screaming
video/33JKpT0qUcE_000000/video.mp4,cat growling
video/o1psbzO1YPU_000065/video.mp4,"fly, housefly buzzing"
video/V4YUpQKeKD4_000020/video.mp4,playing vibraphone
video/dgpEiV4huf4_000690/video.mp4,striking bowling
video/MaaPWkNBhR8_000173/video.mp4,car engine idling
video/irHVR7HFtn4_000034/video.mp4,"heart sounds, heartbeat"
video/Drxkm1HyVxI_000021/video.mp4,sliding door
video/HZDIyvYqEC8_000066/video.mp4,magpie calling
video/9nNBz3phufo_000040/video.mp4,eating with cutlery
video/j68v0fnyXg8_000030/video.mp4,people clapping
video/THhP1idrWXA_000030/video.mp4,people sniggering
video/a6XuFDaKFgM_000092/video.mp4,arc welding
video/ER1fTL9-pQw_000030/video.mp4,people finger snapping
video/-2Dm0VjW8oM_000001/video.mp4,"pigeon, dove cooing"
video/PljzqcsQ62U_000030/video.mp4,"bird chirping, tweeting"
video/O1RmrE_HfpE_000030/video.mp4,playing didgeridoo
video/NmtINqVMjHE_000258/video.mp4,playing darts
video/ZvcqyRbXyls_000030/video.mp4,police car (siren)
video/986MPr2JYY4_000016/video.mp4,people battle cry
video/4BUKAcdGfaI_000009/video.mp4,tap dancing
video/QS9exOjY2u0_000026/video.mp4,playing shofar
video/W3eYhk9XxRs_000046/video.mp4,chipmunk chirping
video/9koUQIbosEg_000259/video.mp4,car engine idling
video/z55K86oQrMo_000063/video.mp4,opening or closing car electric windows
video/G4fTKotMoWI_000030/video.mp4,playing acoustic guitar
video/rU7WZkmqSGc_000072/video.mp4,baltimore oriole calling
video/mCaniZpghFE_000310/video.mp4,playing harp
video/zsSLTyIhuf0_000000/video.mp4,playing tennis
video/xxxorj7BKe0_000064/video.mp4,playing squash
video/Aq3pc1q58Kw_000084/video.mp4,cat caterwauling
video/xsHb8V7bKbo_000010/video.mp4,people finger snapping
video/7XNy97YAGjo_000251/video.mp4,roller coaster running
video/0J_TdiZ3TKA_000030/video.mp4,male singing
video/1zQtgRqPHZU_000046/video.mp4,bathroom ventilation fan running
video/XryEq7dg_fY_000082/video.mp4,train whistling
video/f9rfsCGlpes_000000/video.mp4,dog whimpering
video/cNPwX7nKmOs_000030/video.mp4,"rowboat, canoe, kayak rowing"
video/Y3Iu9Xq-TaU_000505/video.mp4,people slurping
video/Oct7HCu1Vwo_000035/video.mp4,smoke detector beeping
video/2e1tRszQIPE_000057/video.mp4,bouncing on trampoline
video/5gsfdVBThoI_000111/video.mp4,playing bass drum
video/cZBUN4-Vu2g_000118/video.mp4,chipmunk chirping
video/LhL0H-LI8SE_000090/video.mp4,baby laughter
video/Gg6Jx9UTBZI_000158/video.mp4,baltimore oriole calling
video/W_-t9sBGOg4_000072/video.mp4,playing double bass
video/5QpSgohMobQ_000030/video.mp4,car engine starting
video/-5CGQGSFGyg_000060/video.mp4,playing electronic organ
video/sP0anQjatZQ_000032/video.mp4,chipmunk chirping
video/tA_NrYVTlps_000024/video.mp4,horse clip-clop
video/IisvMeU0iKQ_000180/video.mp4,helicopter
video/3xDZU7GME7E_000170/video.mp4,lighting firecrackers
video/JHAQKzJ43Qo_000110/video.mp4,playing cymbal
video/zx_vcwOsDO4_000050/video.mp4,tapping guitar
video/gEbqh2WEfKU_000156/video.mp4,train horning
video/JzcuvgVgskk_000030/video.mp4,"child speech, kid speaking"
video/ARCyuCLGlmc_000030/video.mp4,ocean burbling
video/-hSwZyPPJTc_000075/video.mp4,fox barking
video/Br2gA432RWo_000182/video.mp4,playing erhu
video/ITym6X1Cvzs_000000/video.mp4,duck quacking
video/CsRF3qYnSLI_000030/video.mp4,dog howling
video/rXU4vJ4Rz4A_000032/video.mp4,footsteps on snow
video/L28CnhmeAD4_000030/video.mp4,dog howling
video/x3i0kNcMM1k_000038/video.mp4,mynah bird singing
video/G_KiopmUUE0_000000/video.mp4,splashing water
video/JcLpx0VveSw_000017/video.mp4,plastic bottle crushing
video/40AD_oH9eCU_000030/video.mp4,"child speech, kid speaking"
video/E3sbhKh1Rns_000126/video.mp4,plastic bottle crushing
video/Sg-8q7jJq7A_000030/video.mp4,people whispering
video/61krHyjf-ac_000176/video.mp4,"fly, housefly buzzing"
video/zBabZOv4dGw_000380/video.mp4,dog howling
video/JSdALuTneBM_000030/video.mp4,playing synthesizer
video/vq4jQd5-PL0_000030/video.mp4,people sniggering
video/9lrhuW6aatg_000000/video.mp4,barn swallow calling
video/ikIVo68HLwY_000010/video.mp4,bird squawking
video/-ABOfhcXwt8_000017/video.mp4,people running
video/QMc3zhoaU-Y_000057/video.mp4,chipmunk chirping
video/X3wyXjui7ac_000213/video.mp4,playing tympani
video/MN-NfHbxdQE_000107/video.mp4,playing tympani
video/x5RTAyFGLRc_000133/video.mp4,running electric fan
video/kXQNBY7Wa14_000030/video.mp4,wind rustling leaves
video/M0GKzxjD9S0_000084/video.mp4,metronome
video/wZopmfXTtxw_000030/video.mp4,"male speech, man speaking"
video/5DN1Q9s5B20_000030/video.mp4,cat hissing
video/7gr6ZOKZwuQ_000010/video.mp4,driving buses
video/ZPBscuJXkO0_000580/video.mp4,firing cannon
video/_W_Mc16Gi4Q_000030/video.mp4,wind rustling leaves
video/iuXb1ckkpwE_000246/video.mp4,"fly, housefly buzzing"
video/CMKnSInoA7I_000003/video.mp4,horse clip-clop
video/mbIaXWp46po_000088/video.mp4,playing tuning fork
video/_jB-IM_77lI_000000/video.mp4,playing tennis
video/u-_9D23i6mE_000050/video.mp4,shot football
video/mHRF_-IOT2s_000440/video.mp4,playing cymbal
video/vyYpxGJr7zI_000030/video.mp4,dog barking
video/FTOafffuu5U_000150/video.mp4,people babbling
video/ABs3qGwvW-U_000020/video.mp4,basketball bounce
video/xLkLbI6uqSs_000053/video.mp4,snake hissing
video/9fWNP6yAgrU_000003/video.mp4,woodpecker pecking tree
video/I70DGW_g26g_000100/video.mp4,people slapping
video/8spcnH0LalI_000032/video.mp4,playing table tennis
video/A5lX7rsPIDw_000300/video.mp4,playing acoustic guitar
video/U8hJTpSZVWE_000103/video.mp4,yodelling
video/THu8Uk2KMBM_000030/video.mp4,playing harp
video/IkS4Dfi2m10_000162/video.mp4,missile launch
video/9c9dRz8t4bI_000152/video.mp4,electric grinder grinding
video/8TCdnr4F6tw_000303/video.mp4,playing glockenspiel
video/-tptsFSnu60_000235/video.mp4,hair dryer drying
video/WsHNWjMhlHQ_000452/video.mp4,police radio chatter
video/ID9p52w2ah4_000079/video.mp4,playing erhu
video/9K1WO3UNFb0_000269/video.mp4,bouncing on trampoline
video/CHkE7YL08Zo_000030/video.mp4,people sneezing
video/IPm036_I75o_000362/video.mp4,eagle screaming
video/8UMdVUartLw_000120/video.mp4,wind rustling leaves
video/AucZQ-hal9U_000013/video.mp4,firing muskets
video/DntBIoOgx70_000030/video.mp4,people farting
video/sc7KNFUEdfY_000030/video.mp4,duck quacking
video/G-tO6Sqyiu4_000030/video.mp4,chicken clucking
video/gLPkzyEy--c_000876/video.mp4,people eating apple
video/FpgEvLIh-jM_000052/video.mp4,spraying water
video/OvJJbbiz9y8_000070/video.mp4,cheetah chirrup
video/J5E3DDNxZGs_000078/video.mp4,cuckoo bird calling
video/J2nDnAerah0_000030/video.mp4,helicopter
video/DPpmV4JqYsM_000030/video.mp4,goat bleating
video/d_6Ykd2ntDE_000131/video.mp4,telephone bell ringing
video/pOvO5y-p550_000170/video.mp4,people burping
video/XCiz7m7HQrs_000120/video.mp4,cat caterwauling
video/lm5ia1UoyGw_000030/video.mp4,goat bleating
video/nC1p4WWdMgY_000316/video.mp4,lip smacking
video/LoRLOQaZU48_000090/video.mp4,airplane
video/sHG7j9-d0d0_000030/video.mp4,playing ukulele
video/NV0P4YtItzc_000110/video.mp4,people hiccup
video/q_K7AV8EWks_000026/video.mp4,playing bongo
video/WhBHLyBY5to_000113/video.mp4,playing shofar
video/ysNo8BAeNoE_000037/video.mp4,ferret dooking
video/fsHgHsYyJbs_000030/video.mp4,playing bass guitar
video/3uuyQ4O0L68_000030/video.mp4,playing french horn
video/JIRCCthKAh0_000118/video.mp4,shot football
video/7NH1WJlSiYI_000030/video.mp4,"engine accelerating, revving, vroom"
video/2Wr7o5BG6e0_000030/video.mp4,people whispering
video/ifHRDBx-ctw_000030/video.mp4,playing accordion
video/ifGuIUPl1hE_000030/video.mp4,lions roaring
video/FbLFOzKYe-w_000123/video.mp4,cutting hair with electric trimmers
video/75PJeJ2hGcw_000030/video.mp4,cat meowing
video/3NRu3vNRFxU_000000/video.mp4,dog barking
video/Q1n6LAxY7uY_000203/video.mp4,lions growling
video/sI2qIWCfEJ8_000025/video.mp4,cheetah chirrup
video/KDgNhw175fM_000089/video.mp4,yodelling
video/KOVw582M79I_000220/video.mp4,driving buses
video/0BauNGmZtTU_000250/video.mp4,thunder
video/AN60q9nSnMk_000030/video.mp4,people sneezing
video/JaKy0YkFdsg_000071/video.mp4,bouncing on trampoline
video/5WL7gVP9i58_000121/video.mp4,electric grinder grinding
video/awu8YzLtqF0_000050/video.mp4,people farting
video/ucC4clgPd4Q_000030/video.mp4,typing on typewriter
video/FwVYUHKoLtQ_000034/video.mp4,"playing violin, fiddle"
video/i8kGE-XRat4_000011/video.mp4,disc scratching
video/LExYeHF-ypk_000130/video.mp4,playing cello
video/wTujz_6ZG9E_000061/video.mp4,airplane flyby
video/uG4Y4HedL60_000015/video.mp4,air horn
video/28ehZa0fzmo_000028/video.mp4,fire truck siren
video/a_tTA5W6FAo_000176/video.mp4,people cheering
video/4z8HTrCvEsc_000097/video.mp4,tap dancing
video/6LhWo-WzgLU_000034/video.mp4,slot machine
video/g3eW5ca-DKw_000030/video.mp4,raining
video/RMX2aviLZdo_000070/video.mp4,using sewing machines
video/-zSyfcXmHdk_001083/video.mp4,"ice cream truck, ice cream van"
video/xC-FE1l3Cxs_000368/video.mp4,footsteps on snow
video/K-JfatjTpQw_000119/video.mp4,hedge trimmer running
video/YcBWuQDGrJc_000030/video.mp4,printer printing
video/KS_5Qiec4AI_000009/video.mp4,warbler chirping
video/DmJL3kSguyw_000023/video.mp4,eagle screaming
video/8KEzNMLZYpk_000118/video.mp4,striking pool
video/z16gQeEtuyw_000021/video.mp4,mosquito buzzing
video/P1LygmOqewM_000157/video.mp4,playing congas
video/CtcmYF7mufk_000030/video.mp4,rapping
video/qLQVG0dFvwg_000135/video.mp4,playing shofar
video/DFf71XYDX3g_000016/video.mp4,chipmunk chirping
video/31DHlOBn2LE_000002/video.mp4,sea waves
video/Pc-XnRIIgqE_000005/video.mp4,fireworks banging
video/qgAWtqsSBsg_000035/video.mp4,bouncing on trampoline
video/PJnn-wMPU9w_000040/video.mp4,mouse pattering
video/ItvWPMW7RWE_000150/video.mp4,goose honking
video/ZGYQX-172io_000022/video.mp4,dog bow-wow
video/B2dwWGTj7O4_000400/video.mp4,playing double bass
video/DJbFAoB4-_o_000170/video.mp4,people hiccup
video/ew1epjgvuQM_000030/video.mp4,people shuffling
video/BckOteKD49k_000030/video.mp4,mouse pattering
video/xubIj3ag5t4_000233/video.mp4,playing erhu
video/Gr-aT8sYNN8_000030/video.mp4,vacuum cleaner cleaning floors
video/JNE-lrKk6Mg_000030/video.mp4,"playing marimba, xylophone"
video/c2akbbdS7I4_000030/video.mp4,people shuffling
video/LuL4ErULWR0_000160/video.mp4,foghorn
video/B7MStvwQ6R8_000029/video.mp4,striking pool
video/brfMnl3U64M_000004/video.mp4,playing bongo
video/slbhA0hwhFY_000071/video.mp4,air horn
video/HvMZHdzvmSM_000020/video.mp4,people farting
video/a23vS080B2E_000100/video.mp4,waterfall burbling
video/Vo7TOX5_EPQ_000001/video.mp4,sea lion barking
video/yL1RQ9FGZyE_000030/video.mp4,playing steelpan
video/fFVT_CtL62M_000020/video.mp4,"vehicle horn, car horn, honking"
video/psbURlY7H2g_000085/video.mp4,pheasant crowing
video/WWCNBy_rZzg_000030/video.mp4,people shuffling
video/SwxdBiazu8M_000030/video.mp4,duck quacking
video/nd40lIYtQmA_000138/video.mp4,playing table tennis
video/C7hEJn-CQEU_000030/video.mp4,playing electronic organ
video/DIxTruxPbdk_000000/video.mp4,machine gun shooting
video/V1M3HiUz0ZQ_000070/video.mp4,skateboarding
video/17K-oEuH1p0_000020/video.mp4,playing bugle
video/DEGSyVygE98_000110/video.mp4,car engine starting
video/oEQT7MSo_aA_000030/video.mp4,duck quacking
video/H6c8ZDrdUaM_000030/video.mp4,fire truck siren
video/LyIhmCTPLUc_000030/video.mp4,cat meowing
video/6tRfYp-9YcE_000106/video.mp4,sea lion barking
video/qEm2BSgblJ8_000101/video.mp4,airplane
video/ALVS3Q_jNaU_000030/video.mp4,playing electric guitar
video/XOj6xGKEsUw_000035/video.mp4,coyote howling
video/mYbbc_0WyvI_000030/video.mp4,people whistling
video/gfVNNXPbkW8_000030/video.mp4,goose honking
video/Sgdq22nyfTM_000240/video.mp4,"subway, metro, underground"
video/EhaMmYFANQQ_000030/video.mp4,people burping
video/Bn2bWpoZOS8_000030/video.mp4,printer printing
video/0CA5CPHRXDc_000000/video.mp4,mosquito buzzing
video/e4qVs0kpC_w_000510/video.mp4,vacuum cleaner cleaning floors
video/s2N0szde6QA_000196/video.mp4,canary calling
video/dBeRmZn2qCE_000030/video.mp4,people farting
video/OwAUGABGrqk_000030/video.mp4,people coughing
video/A9n6gH2uS5U_000019/video.mp4,cat growling
video/JrbVM5zjdug_000030/video.mp4,tapping guitar
video/pFTAenV8ksU_000030/video.mp4,bird wings flapping
video/9F1Tw0VnG38_000010/video.mp4,"motorboat, speedboat acceleration"
video/KZqhxN-3zzc_000024/video.mp4,police radio chatter
video/2aOS7PDaGWM_000092/video.mp4,striking pool
video/yKZ1wVwmhus_000283/video.mp4,playing badminton
video/bv9PhRwJ9Yc_000000/video.mp4,"bird chirping, tweeting"
video/ZJIgxpYf20I_000030/video.mp4,typing on typewriter
video/y0d6Crj5U8g_000069/video.mp4,driving snowmobile
video/5hFnrhyWv3c_000027/video.mp4,hedge trimmer running
video/n-A3BJEpmz8_000010/video.mp4,sailing
video/aWaMcq7HuKw_000000/video.mp4,playing didgeridoo
video/wWEk1Hl2hK0_000134/video.mp4,mynah bird singing
video/0SLv6CmZas8_000002/video.mp4,wind rustling leaves
video/DPdAsDw3chc_000030/video.mp4,fire truck siren
video/ph2g0DZNiZI_000094/video.mp4,people slapping
video/LAAB6eDASpE_000361/video.mp4,planing timber
video/36-Okvu2Xao_000042/video.mp4,playing tuning fork
video/jv4bWkoG4k8_000310/video.mp4,playing accordion
video/2VqKqjqvugc_000198/video.mp4,writing on blackboard with chalk
video/_Qnw4_agm-0_000030/video.mp4,playing harp
video/SkIDF7iNJQE_000030/video.mp4,playing synthesizer
video/ySNRJCMMTu4_000040/video.mp4,playing volleyball
video/_6gpB_Trvo8_000000/video.mp4,car engine starting
video/UTE0j8Fa6N8_000030/video.mp4,singing bowl
video/iHYOaGNdweo_000230/video.mp4,printer printing
video/1EWkwWXwI1g_000210/video.mp4,lighting firecrackers
video/4kGozLe1X_Q_000073/video.mp4,playing djembe
video/Q_J3XkD5Ims_000000/video.mp4,sea waves
video/EHr7Jjfv1tw_000032/video.mp4,ice cracking
video/Cefeb2q4KSE_000110/video.mp4,playing gong
video/eipkKgTKAN8_000040/video.mp4,playing bagpipes
video/oyxhHkOel2I_000115/video.mp4,playing tennis
video/QFyRflnHxxE_000020/video.mp4,cupboard opening or closing
video/DC2q5iyvKFM_000060/video.mp4,playing cornet
video/HK6HLZqAe9I_000142/video.mp4,people battle cry
video/7fLnFGd79-s_000018/video.mp4,chipmunk chirping
video/M34hO-PqzpE_000050/video.mp4,vacuum cleaner cleaning floors
video/IoLCBsJC7vw_000011/video.mp4,"rowboat, canoe, kayak rowing"
video/bYQyHfbrq74_000004/video.mp4,elk bugling
video/cxkCPSXyT-Y_000020/video.mp4,turkey gobbling
video/JS68nchziLA_000029/video.mp4,playing congas
video/VeAomElRCJc_000030/video.mp4,playing acoustic guitar
video/WdIsOZQHeBY_000030/video.mp4,people eating
video/2ISY5z0QQfc_000101/video.mp4,playing erhu
video/jna6r3skNeg_000180/video.mp4,"pigeon, dove cooing"
video/Gl64LXryFS8_000030/video.mp4,playing harp
video/vwAXcR6wRuQ_000010/video.mp4,people sobbing
video/KhXcEu7r6m8_000030/video.mp4,playing synthesizer
video/Ns-iXXKmzzU_000030/video.mp4,male singing
video/Kt3KMQU1hJQ_000260/video.mp4,playing harp
video/SQaFz1SxUyo_000042/video.mp4,playing bass drum
video/QC-JCBbOuNc_000030/video.mp4,duck quacking
video/mt2jS_qjpkk_000613/video.mp4,tornado roaring
video/ciZjHNKOozg_000210/video.mp4,church bell ringing
video/6qX8ykNoVls_000022/video.mp4,playing guiro
video/y3l39BAMaRY_000000/video.mp4,wind noise
video/8HBG5mO7ef4_000096/video.mp4,"alligators, crocodiles hissing"
video/ub4VKXpuZds_000030/video.mp4,car engine starting
video/fa7iZnVDrJk_000000/video.mp4,volcano explosion
video/3IwOig7sw6c_000030/video.mp4,chainsawing trees
video/J5a_yyh4KbQ_000112/video.mp4,tornado roaring
video/HP4bUf_w4hU_000522/video.mp4,people eating noodle
video/GmnVEP2AlQI_000102/video.mp4,playing djembe
video/vlNuy9e-79o_000030/video.mp4,playing bass drum
video/tRYgfHwu-_U_000019/video.mp4,snake rattling
video/thCn14bf1r8_000380/video.mp4,machine gun shooting
video/jJ6FWcy7B6M_000052/video.mp4,train wheels squealing
video/IUgHJv3LBns_000089/video.mp4,people eating crisps
video/-OxoxrlzLXA_000045/video.mp4,roller coaster running
video/EJIxgOSgE-E_000000/video.mp4,"heart sounds, heartbeat"
video/FnCrdfgwfdM_000622/video.mp4,playing bassoon
video/_mB-DrTf79o_000130/video.mp4,lawn mowing
video/JZnOGRCBW0I_000030/video.mp4,playing electric guitar
video/ebD27_V9zCI_000033/video.mp4,sheep bleating
video/GgEOurHF_No_000390/video.mp4,playing bagpipes
video/3kaCL9Zu7NY_000230/video.mp4,playing zither
video/zd3SKCVbaWg_000001/video.mp4,people eating crisps
video/fFu6-om7EU4_000270/video.mp4,hair dryer drying
video/HCwHyViV2oU_000073/video.mp4,police radio chatter
video/9wUl5xHWcfc_000028/video.mp4,people nose blowing
video/0pHTgC1Frnw_000350/video.mp4,"playing marimba, xylophone"
video/3X9dtfeV1mQ_000040/video.mp4,playing saxophone
video/PBKS0vFpPTk_000016/video.mp4,elephant trumpeting
video/Q4Er5d3L6S0_000005/video.mp4,playing volleyball
video/QzMsoz4XIkM_000030/video.mp4,playing didgeridoo
video/2WfJBpN4elI_000020/video.mp4,pig oinking
video/mbVT9tKSUXo_000005/video.mp4,air horn
video/9kIBkY7Tj5g_000000/video.mp4,civil defense siren
video/NrJMjHIcsto_000140/video.mp4,bowling impact
video/Mr8WsLsNp0A_000002/video.mp4,bowling impact
video/QA4w3EcbBPE_000387/video.mp4,airplane
video/LTNgncM_otw_000010/video.mp4,plastic bottle crushing
video/UzUTFdlYT68_000055/video.mp4,owl hooting
video/f-22ZuQyAJ4_000119/video.mp4,wood thrush calling
video/_Bvc901F7Ig_000110/video.mp4,shot football
video/AvEJZqK2G1A_000030/video.mp4,basketball bounce
video/ce_9wpa4mQw_000230/video.mp4,sheep bleating
video/BslzZEEwFa8_000030/video.mp4,people whistling
video/k211h3tMeGQ_000060/video.mp4,cat caterwauling
video/AB--KnXO_0c_000030/video.mp4,playing gong
video/9b3P0ERIZ-c_000053/video.mp4,"ice cream truck, ice cream van"
video/1tn0MJTOprg_000003/video.mp4,firing muskets
video/O_8C1feaFac_000200/video.mp4,playing timpani
video/JKCvfKjTZX8_000050/video.mp4,firing cannon
video/dqt_MzUQ20M_000080/video.mp4,chicken clucking
video/H942QC8B3bc_000030/video.mp4,horse clip-clop
video/ehlYQr1OMxY_000092/video.mp4,playing volleyball
video/1ma4b_TsEVA_000320/video.mp4,chopping food
video/te8Yhl8mOyY_000040/video.mp4,people belly laughing
video/VwoaVzQ1uEc_000000/video.mp4,air conditioning noise
video/R05dToeNqng_000580/video.mp4,lawn mowing
video/46gkmd8hhYo_000125/video.mp4,playing volleyball
video/tKdeY4KJNWQ_000026/video.mp4,pheasant crowing
video/bkGy646dRjQ_000030/video.mp4,people whispering
video/H18aK9HhNSM_000030/video.mp4,playing ukulele
video/SkhVlPLx57w_000030/video.mp4,sliding door
video/g1Mn4tB463U_000160/video.mp4,playing djembe
video/GYQVFv7wGHY_000026/video.mp4,squishing water
video/L-P2xqZMI8E_000050/video.mp4,pumping water
video/oTfkeIJmkHw_000224/video.mp4,elk bugling
video/jHs2_FLtd9U_000090/video.mp4,baby crying
video/lEjV0us_eF0_000021/video.mp4,yodelling
video/URXTbbVjq70_000040/video.mp4,playing squash
video/4KxLSx-EhHI_000000/video.mp4,baby crying
video/I7OqRsLtmh0_000310/video.mp4,church bell ringing
video/AAHybONa3n4_000150/video.mp4,dinosaurs bellowing
video/TNERQa_7oB8_000013/video.mp4,snake rattling
video/OnGPRQdEPWw_000030/video.mp4,playing steelpan
video/G0w4RcrTJGA_000009/video.mp4,whale calling
video/Qovva-Q5vmM_000216/video.mp4,disc scratching
video/3v1pMz1N5RU_000030/video.mp4,singing choir
video/DCpWtyLjKmM_000030/video.mp4,mouse squeaking
video/-jaY3LS3Dv0_000030/video.mp4,"child speech, kid speaking"
video/QFovsFrNNfw_000136/video.mp4,skiing
video/mMf4vJFT8Fw_000030/video.mp4,playing bass guitar
video/56JhihsdBXI_000030/video.mp4,baby laughter
video/KIpOaDNuZG4_000110/video.mp4,eletric blender running
video/ZxWfqAhmnpg_000050/video.mp4,toilet flushing
video/Bj7jRqDk0vE_000280/video.mp4,"child speech, kid speaking"
video/7Qtr6D2TWBE_000350/video.mp4,typing on computer keyboard
video/EeGWe8e_2jg_000030/video.mp4,dog barking
video/RT234P5SzJo_000460/video.mp4,lions roaring
video/2vYkvwD-fkc_000010/video.mp4,playing harmonica
video/Sz6nE4hceXc_000030/video.mp4,"bird chirping, tweeting"
video/46zbt7TQHRs_000000/video.mp4,chicken crowing
video/HINQ5Td2jZc_000090/video.mp4,people sniggering
video/pc-FTQNfxx0_000266/video.mp4,disc scratching
video/2D2AJ6Dg0-U_000162/video.mp4,playing volleyball
video/-e4wXAy1iVo_000000/video.mp4,playing ukulele
video/ED8UQJIMgeY_000521/video.mp4,playing steelpan
video/R-d-5b54PIk_000028/video.mp4,people whistling
video/2ke9wf3Ajkg_000080/video.mp4,car engine knocking
video/LfXdaE7ph_I_000011/video.mp4,baby crying
video/o9Fiss83B1c_000557/video.mp4,people slurping
video/YVd117zCTOM_000240/video.mp4,playing saxophone
video/YZ1h4yoBqZY_000060/video.mp4,cap gun shooting
video/m01LHP_3FLY_000203/video.mp4,bouncing on trampoline
video/Ay7bs8DMMyA_000005/video.mp4,"child speech, kid speaking"
video/-0pJqpNjft4_000267/video.mp4,cow lowing
video/afYfDTELw4c_000012/video.mp4,elk bugling
video/vh8Uh1zTLQw_000035/video.mp4,bull bellowing
video/X071tW0k91Y_000017/video.mp4,people booing
video/2v_KyNpsyKs_000030/video.mp4,ambulance siren
video/x_5t0os3A2I_000009/video.mp4,playing bongo
video/rNQBarDe0xQ_000072/video.mp4,francolin calling
video/p4myFkq8IMo_000030/video.mp4,rapping
video/_PGfCe67Y2Q_000012/video.mp4,strike lighter
video/Wx0Aw9na7Jo_000007/video.mp4,cat hissing
video/Ju1aYoWJM44_000300/video.mp4,playing tabla
video/7uifiqanNoM_000030/video.mp4,turkey gobbling
video/aU3PT6cU-5g_000395/video.mp4,playing tambourine
video/8Q3e7Hvo0zo_000490/video.mp4,people crowd
video/N0uNunAKh7w_000251/video.mp4,playing bongo
video/Ouxjt5e8x-o_000050/video.mp4,vacuum cleaner cleaning floors
video/OPd0cz1hRqc_000030/video.mp4,car engine knocking
video/7B_3t_ELwxA_000030/video.mp4,playing harp
video/0FHSJnza9P8_000046/video.mp4,barn swallow calling
video/5uanE7YxW0E_000000/video.mp4,zebra braying
video/7LWqCLxcNXc_000019/video.mp4,"engine accelerating, revving, vroom"
video/J3lsvPHrS-8_000577/video.mp4,smoke detector beeping
video/WCUOOS-CtZI_000114/video.mp4,playing squash
video/gUxQ5nOqusk_000291/video.mp4,mouse clicking
video/248HyeJgqyI_000021/video.mp4,horse neighing
video/EFSxZd_eGjM_000017/video.mp4,dog whimpering
video/g247CEZ9p70_000010/video.mp4,people whistling
video/BBRDRggGsdk_000147/video.mp4,alarm clock ringing
video/V3srC9WNp4c_000030/video.mp4,door slamming
video/0m9-5BkL4Mc_000030/video.mp4,child singing
video/JNDvDfDQnJQ_000030/video.mp4,firing cannon
video/-g-GjgEq8l4_000017/video.mp4,yodelling
video/nUp8SPAWYFo_000070/video.mp4,bird squawking
video/91z1LeIpLbk_000004/video.mp4,lions growling
video/DWk_7rw81D0_000015/video.mp4,cutting hair with electric trimmers
video/-cm0voL_GRM_000322/video.mp4,cell phone buzzing
video/xb07gLlmkL8_000030/video.mp4,playing synthesizer
video/C0WrPy_cSn4_000100/video.mp4,ocean burbling
video/AEwkS57P4eE_000030/video.mp4,male singing
video/Qx5trtkwnUk_000377/video.mp4,wind chime
video/MEUcv-QM0cQ_000030/video.mp4,fire truck siren
video/7Cey4yVxuSk_000312/video.mp4,playing badminton
video/6gaZJ-_uEz8_000030/video.mp4,playing harmonica
video/2Vg5WTQZqwI_000022/video.mp4,playing double bass
video/JoKMKFX12x8_000003/video.mp4,dog baying
video/m96TS69ebOI_000404/video.mp4,strike lighter
video/O2HttJtcec4_000030/video.mp4,playing acoustic guitar
video/UiqhcbbvAs8_000297/video.mp4,lip smacking
video/pnIQWNmKlQs_000030/video.mp4,duck quacking
video/s_8Mu0lIyFg_000151/video.mp4,striking pool
video/b4glNhNvMYU_000340/video.mp4,playing flute
video/sG4HCcfAS74_000003/video.mp4,dog bow-wow
video/CWY1Y5hjfpo_000030/video.mp4,playing bass guitar
video/I5W0Nnn1zFk_000030/video.mp4,frog croaking
video/ANXFvn9bRN4_000063/video.mp4,ferret dooking
video/_z5KQY02rYI_000002/video.mp4,ambulance siren
video/WPY9SLh8dwY_000390/video.mp4,baby babbling
video/JgCZbn4JoRY_000030/video.mp4,people whispering
video/JdBTLOZo3dA_000180/video.mp4,"playing violin, fiddle"
video/wfRWvI16wxw_000047/video.mp4,lions growling
video/Pjw2A3QU8Qg_000000/video.mp4,playing trumpet
video/-OAyRsvFGgc_000030/video.mp4,tapping guitar
video/TJ4aeESZ6e8_000100/video.mp4,playing piano
video/zZYEL5ih3n4_000134/video.mp4,dinosaurs bellowing
video/j42FvbZ2jjE_000851/video.mp4,ripping paper
video/7MuFNZHhrOE_000330/video.mp4,playing timpani
video/4LwaSleY1Vc_000380/video.mp4,playing bass drum
video/VCWoxeOUJzc_000011/video.mp4,"alligators, crocodiles hissing"
video/oU_MZilklxE_000188/video.mp4,cutting hair with electric trimmers
video/OODgp3YrENY_000028/video.mp4,playing congas
video/9r7v3hhUtY4_000004/video.mp4,bathroom ventilation fan running
video/6mgSjz3GufA_000040/video.mp4,cutting hair with electric trimmers
video/C5BteXnPQNk_000030/video.mp4,"bird chirping, tweeting"
video/Iy2HaWAAnvQ_000173/video.mp4,train whistling
video/R5dvHVDSXog_000048/video.mp4,train whistling
video/cjkEA5qjNJo_000210/video.mp4,francolin calling
video/9Vj1UPzlrTc_000030/video.mp4,playing harpsichord
video/1ENC2smc8Ig_000030/video.mp4,printer printing
video/1PAb2MoavDc_000210/video.mp4,"bee, wasp, etc. buzzing"
video/dfwr8wgZU8M_000040/video.mp4,car passing by
video/jD9UAdvhB6A_000000/video.mp4,cat growling
video/JV2OwVsxY_0_000000/video.mp4,otter growling
video/waqwL6fKEE4_000120/video.mp4,slot machine
video/8UgHOeB_mUE_000399/video.mp4,people slurping
video/FVXdvx8eBp8_000038/video.mp4,writing on blackboard with chalk
video/cg25DwGFBpw_000165/video.mp4,playing snare drum
video/H8IoMxnjzYw_000019/video.mp4,striking bowling
video/qHDSQ2RC-sQ_000030/video.mp4,singing bowl
video/PGbo3Ik8rvI_000034/video.mp4,penguins braying
video/_ZRvQaYLRLw_000030/video.mp4,singing bowl
video/9OcAwC8y-eQ_000030/video.mp4,reversing beeps
video/Mjti5KoMVps_000026/video.mp4,mynah bird singing
video/iUoFC-GUq8o_000113/video.mp4,sloshing water
video/3TRVC6TLnp4_000030/video.mp4,baby babbling
video/ObEtTb5dWgU_000073/video.mp4,plastic bottle crushing
video/Iglv2Kru0mw_000040/video.mp4,"fly, housefly buzzing"
video/ZkUT6D-H7mk_000006/video.mp4,"ice cream truck, ice cream van"
video/mlpF226Gvlo_000000/video.mp4,cat purring
video/GoKGgq7BoVM_000010/video.mp4,lighting firecrackers
video/3U99MpJ22ck_000050/video.mp4,mouse pattering
video/M4wVyP9D5Qk_000030/video.mp4,horse neighing
video/wZr8jXo1Uso_000102/video.mp4,hail
video/trI_CJMHntA_000000/video.mp4,ferret dooking
video/yRBKGI1DjXc_000411/video.mp4,footsteps on snow
video/JzRb1OVpat0_000030/video.mp4,playing theremin
video/-_yRmyG71Z0_000036/video.mp4,woodpecker pecking tree
video/9p9Lg1SqJpg_000110/video.mp4,"vehicle horn, car horn, honking"
video/9t0s8TUHMiM_000020/video.mp4,snake hissing
video/RjVLYi4jQYc_000000/video.mp4,people battle cry
video/q221aOp6MDo_000033/video.mp4,telephone bell ringing
video/1B-RuZgSqf8_000030/video.mp4,raining
video/VpU4twmXFiI_000010/video.mp4,people whistling
video/Xrvi5_yQ2hU_000030/video.mp4,sloshing water
video/oqCoWD5LptA_000001/video.mp4,bathroom ventilation fan running
video/i5rLYTVs3uc_000009/video.mp4,playing lacrosse
video/B98yOZSj2GE_000012/video.mp4,car passing by
video/jh0nGY4dzHg_000280/video.mp4,"bee, wasp, etc. buzzing"
video/IL3ThGKdOMk_000221/video.mp4,tractor digging
video/bR8fbwavKtc_000060/video.mp4,"vehicle horn, car horn, honking"
video/WmZicfOUkd0_000014/video.mp4,children shouting
video/ImTFnUGgOZo_000091/video.mp4,elephant trumpeting
video/G_jA6itU_FA_000125/video.mp4,beat boxing
video/bxKdKUZP41Y_000030/video.mp4,playing zither
video/EYTz1LPDHsc_000017/video.mp4,opening or closing car doors
video/rDb0xQ6m8Oc_000080/video.mp4,sailing
video/5EontevWcfQ_000030/video.mp4,chicken clucking
video/DUNOn71oGCw_000040/video.mp4,tapping guitar
video/784FrdBASsk_000097/video.mp4,playing theremin
video/XIDLRAY7KfQ_000100/video.mp4,lions roaring
video/Cmb7oRnRLio_000083/video.mp4,whale calling
video/t-6BSzXBNbM_000051/video.mp4,penguins braying
video/IHg3nrJZQ1I_000100/video.mp4,lawn mowing
video/ehMAmSwqiaA_000061/video.mp4,people battle cry
video/w_JPN_jEzuw_000135/video.mp4,writing on blackboard with chalk
video/brn460KXgfM_000079/video.mp4,playing hockey
video/6r-V0mrdTnQ_000119/video.mp4,playing djembe
video/E4-TY_C4TaI_000194/video.mp4,bouncing on trampoline
video/PG9ZRfO9cGI_000003/video.mp4,playing squash
video/r8EDAvs9gLg_000027/video.mp4,cow lowing
video/cSdSH0LQHfI_000030/video.mp4,ferret dooking
video/Uka_Qhmi9cY_000037/video.mp4,zebra braying
video/KPjiLF72m1g_000030/video.mp4,people eating
video/72RI4phr0F8_000020/video.mp4,"male speech, man speaking"
video/g_DBLppDZAs_000030/video.mp4,police car (siren)
video/2bYyywE97aA_000030/video.mp4,vacuum cleaner cleaning floors
video/_xsRyM_fXYI_000006/video.mp4,coyote howling
video/7tE6gxSwrH4_000030/video.mp4,singing choir
video/mZNANTTOh7w_000249/video.mp4,car engine idling
video/Z5XoxwA2e4c_000150/video.mp4,opening or closing drawers
video/6N7IQpJ_yn8_000051/video.mp4,police radio chatter
video/QYQEW3Alj78_000111/video.mp4,squishing water
video/vGxfIpG97dU_000030/video.mp4,"male speech, man speaking"
video/JXl3VdTNRtA_000020/video.mp4,people gargling
video/MHcQZKmaOLg_000012/video.mp4,volcano explosion
video/vMQqNSEWdGM_000079/video.mp4,opening or closing car doors
video/84TRQfpd8n0_000052/video.mp4,air conditioning noise
video/2qtDXB4wT8c_000020/video.mp4,cat growling
video/4Y0Vq_3Lfdk_000180/video.mp4,baby babbling
video/fK9v-WqcoJA_000022/video.mp4,striking pool
video/o0Sb9ZZaZa0_000000/video.mp4,opening or closing car doors
video/RJOBq50THOk_000030/video.mp4,sliding door
video/MBVEZnvdBUM_000060/video.mp4,metronome
video/6hyBe3FO-xI_000030/video.mp4,vacuum cleaner cleaning floors
video/SGFYFPs3Fic_000550/video.mp4,helicopter
video/unZVgi2s9w8_000015/video.mp4,telephone bell ringing
video/EzUCugyQf8k_000040/video.mp4,wind rustling leaves
video/84b7NrzJWiI_000420/video.mp4,police car (siren)
video/NIRIm_X74e8_000101/video.mp4,golf driving
video/bzOeufhFITk_000030/video.mp4,people sniggering
video/pJaLxsCM7rc_000190/video.mp4,fire truck siren
video/Rg971GlT_Ro_000021/video.mp4,"pigeon, dove cooing"
video/fy8xJQ3gXRU_000000/video.mp4,playing tuning fork
video/mjhlzNVpnXs_000026/video.mp4,air horn
video/0loP4WNnL2k_000000/video.mp4,"subway, metro, underground"
video/U8iIARsN4a4_000004/video.mp4,zebra braying
video/7R11YUfwU50_000164/video.mp4,otter growling
video/YYgdY9YrVBs_000340/video.mp4,toilet flushing
video/_rFtbgF-Im8_000011/video.mp4,smoke detector beeping
video/42vB40Fkdis_000076/video.mp4,airplane flyby
video/ZKyVMjSiP7c_000211/video.mp4,shot football
video/WvquSD2PcCE_000030/video.mp4,driving buses
video/72-UFjSlpvM_000314/video.mp4,golf driving
video/fW6NVxZZekE_000100/video.mp4,playing piano
video/-inB65exXFU_000030/video.mp4,firing cannon
video/kOheqjodDmw_000050/video.mp4,people coughing
video/g87FgSOzbvo_000023/video.mp4,playing trumpet
video/hrIC-sosqMY_000120/video.mp4,singing bowl
video/1Y2YtG9EX-g_000300/video.mp4,thunder
video/gWSppirU_18_000000/video.mp4,playing tambourine
video/tNU_9HOjmqQ_000023/video.mp4,dog baying
video/GdmMt17iklQ_000035/video.mp4,playing timbales
video/0UEWX-2epho_000269/video.mp4,rope skipping
video/ciEKtA13bm8_000000/video.mp4,cat growling
video/TP-uSCjMiYY_000264/video.mp4,playing squash
video/REREZlcbGvU_000046/video.mp4,opening or closing car electric windows
video/wpt_0upWXBY_000301/video.mp4,arc welding
video/Oj5FYrd3MkQ_000026/video.mp4,ferret dooking
video/ioBOW6ynH28_000010/video.mp4,playing cello
video/kIG_vvycI0g_000285/video.mp4,shot football
video/a_kgbg3eDAE_000066/video.mp4,air horn
video/ZANp2W2q0XA_000030/video.mp4,fire truck siren
video/hhnMBQ3Zgws_000000/video.mp4,people gargling
video/Qsvip_fmYps_000454/video.mp4,playing double bass
video/mZKUFZhLXAE_000021/video.mp4,beat boxing
video/cjSTp2d8mBI_000459/video.mp4,sea waves
video/XG1fNGITN08_000400/video.mp4,playing theremin
video/xdTbo10j5tE_000242/video.mp4,bowling impact
video/LY1e2ZUVl8M_000030/video.mp4,horse clip-clop
video/KI9f7Gclu28_000054/video.mp4,golf driving
video/Y8x4eyGCecI_000320/video.mp4,airplane
video/PdzDGNMpPZc_000520/video.mp4,horse neighing
video/HVSrOlC3270_000045/video.mp4,dog howling
video/GuYRF0no7hw_000030/video.mp4,playing banjo
video/4mCpxmwhci4_000049/video.mp4,cat caterwauling
video/__tbvLNH6FI_000110/video.mp4,playing harpsichord
video/75AjL_RBmfA_000059/video.mp4,civil defense siren
video/XvXsYOMYa0k_000157/video.mp4,elk bugling
video/94PSD94IXXk_000016/video.mp4,chicken clucking
video/gQby3qzwwQw_000120/video.mp4,turkey gobbling
video/ZJ3rcQ7kvA8_000632/video.mp4,mouse clicking
video/8CqqK9CzuXM_000090/video.mp4,skidding
video/P_Gv5_4yNOM_000110/video.mp4,playing ukulele
video/0rDaP06do8c_000092/video.mp4,striking bowling
video/avtZJKydB-E_000079/video.mp4,snake rattling
video/mZXjs-SYlCA_000005/video.mp4,people giggling
video/fqvUeh_JTic_000001/video.mp4,chinchilla barking
video/8JPwzZvlX6E_000095/video.mp4,playing table tennis
video/Wb1u17uxbYU_000304/video.mp4,yodelling
video/c1dZNH8YiGU_000162/video.mp4,playing hockey
video/RvM9PZB9mqc_000013/video.mp4,eagle screaming
video/JHL7f0njYzY_000293/video.mp4,playing bongo
video/p0dBtgjr7-8_000030/video.mp4,car engine knocking
video/noXur3qKPQY_000280/video.mp4,playing tympani
video/CSEqIdBIXAY_000030/video.mp4,using sewing machines
video/D2IvCQMkGWk_000055/video.mp4,tractor digging
video/VkABXTeQSKk_000099/video.mp4,people marching
video/An32hX6i1gs_000030/video.mp4,"male speech, man speaking"
video/3xh2kScw64U_000030/video.mp4,reversing beeps
video/188AGDc9CSY_000070/video.mp4,running electric fan
video/qeVxs9w3g3Q_000455/video.mp4,elk bugling
video/2vFqNsOPq3I_000020/video.mp4,playing french horn
video/BwJ2YYLFwTc_000118/video.mp4,playing bass drum
video/421CRF4HFlA_000140/video.mp4,playing harpsichord
video/dUoUDZYKBzM_000167/video.mp4,magpie calling
video/xh50RF8E2Aw_000038/video.mp4,sea lion barking
video/YchzqU8mrmE_000053/video.mp4,beat boxing
video/3MxQpVo8ps4_000088/video.mp4,strike lighter
video/x_5t0os3A2I_000025/video.mp4,playing bongo
video/DybbU7hwzcY_000001/video.mp4,warbler chirping
video/1TP8JyI5vHI_000030/video.mp4,duck quacking
video/emP2Sg9QEg4_000090/video.mp4,playing theremin
video/g_H9ViHZ8PA_000045/video.mp4,chimpanzee pant-hooting
video/rwU2Pr9gxjo_000108/video.mp4,playing bugle
video/0B7fwvTtvLM_000000/video.mp4,basketball bounce
video/Wqux-4IupdU_000112/video.mp4,playing djembe
video/PYqPEeh56fg_000081/video.mp4,air conditioning noise
video/hRc5mInvrYA_000003/video.mp4,rope skipping
video/jA-9WQtQg-Y_000131/video.mp4,playing shofar
video/guRyU4B5LlA_000030/video.mp4,"male speech, man speaking"
video/s3YWJr87Jsc_000017/video.mp4,air conditioning noise
video/e5Wu9El1mI4_000156/video.mp4,fireworks banging
video/JBKDFk2o5kI_000018/video.mp4,air horn
video/CGYflJRiLt0_000030/video.mp4,playing electric guitar
video/t7GM_V8yLqs_000107/video.mp4,playing table tennis
video/KMrpYyZNpWw_000025/video.mp4,sailing
video/LDpBgaiKB2E_000020/video.mp4,car engine knocking
video/pI2gLesgVes_000009/video.mp4,"alligators, crocodiles hissing"
video/tptTsP3_G3w_000834/video.mp4,"ice cream truck, ice cream van"
video/j-bxcM-JXx4_000000/video.mp4,door slamming
video/Quqx2Iga5b8_000086/video.mp4,chipmunk chirping
video/DcdwmEsIqRQ_000097/video.mp4,cell phone buzzing
video/iuFGMiUE-uI_000012/video.mp4,people cheering
video/918pICUeEq0_000118/video.mp4,cheetah chirrup
video/cfsOIuZ9G9k_000052/video.mp4,playing bongo
video/6UY-HKyolKk_000030/video.mp4,cat meowing
video/v0a6jM7PALg_000239/video.mp4,dog baying
video/8kxwzcf54xQ_000088/video.mp4,blowtorch igniting
video/pBWBQYJVbYU_000030/video.mp4,wind rustling leaves
video/2_cTS4ctWtE_000310/video.mp4,playing french horn
video/2gvw16YDwMA_000153/video.mp4,cat caterwauling
video/58zENxTDTjk_000030/video.mp4,people eating
video/hAukn8dWZ2M_000030/video.mp4,people sniggering
video/CDABuTQLNe8_000140/video.mp4,opening or closing drawers
video/8Z2qdI0LlN0_000011/video.mp4,duck quacking
video/fiAJqNva0oA_000030/video.mp4,playing clarinet
video/LK0um3j89a0_000030/video.mp4,ocean burbling
video/oInlR3rUanI_000080/video.mp4,"cattle, bovinae cowbell"
video/ZIm_awdgw_Q_000181/video.mp4,bowling impact
video/Oj-rWMMAUPU_000090/video.mp4,skiing
video/oIUof9ZzRcs_000018/video.mp4,chinchilla barking
video/84JbG7gFceA_000007/video.mp4,playing castanets
video/h0AQxQzzNt8_000030/video.mp4,playing french horn
video/fLEM7amr21o_000250/video.mp4,forging swords
video/QyJ4Z0jRJ20_000030/video.mp4,dog whimpering
video/ewzjWBrHReg_000144/video.mp4,wind chime
video/ZqwS3tAXyAg_000450/video.mp4,basketball bounce
video/dIzQVYDYtKA_000085/video.mp4,tap dancing
video/O6G5efkuPYQ_000051/video.mp4,people slapping
video/sNicRCa4sTI_000049/video.mp4,"race car, auto racing"
video/RN1ho4G-W0o_000040/video.mp4,wind noise
video/LsxjV7E7F_M_000097/video.mp4,popping popcorn
video/HOhpKjQWqxc_000030/video.mp4,people belly laughing
video/v-wAote9cyA_000001/video.mp4,tractor digging
video/yhBm-aCagaY_000565/video.mp4,"race car, auto racing"
video/Ucr3WFZk6sM_000020/video.mp4,"pigeon, dove cooing"
video/hksYQRPwvc8_000034/video.mp4,plastic bottle crushing
video/qZUmCONB6YQ_000022/video.mp4,playing guiro
video/kzWWAUXTv-g_000172/video.mp4,people eating noodle
video/0HbhE91JB-k_000360/video.mp4,mosquito buzzing
video/gx6wJrRxq-4_000030/video.mp4,"rowboat, canoe, kayak rowing"
video/_ObtURsKv-U_000001/video.mp4,alarm clock ringing
video/DhMLiwShZss_000137/video.mp4,people battle cry
video/ducLv0cfwVQ_000004/video.mp4,children shouting
video/Db6Hjt0x28k_000056/video.mp4,playing timbales
video/T2F6euNVT5Y_000010/video.mp4,machine gun shooting
video/0glBUluF4Yk_000175/video.mp4,fox barking
video/BQ2om2mrIps_000298/video.mp4,disc scratching
video/Zl29n4sL8_A_000037/video.mp4,people cheering
video/N0jVgldCwAk_000000/video.mp4,"bird chirping, tweeting"
video/LgvmB3oyRWQ_000299/video.mp4,playing squash
video/RybkZKoNc0s_000030/video.mp4,people clapping
video/WGYzVpMeSEg_000210/video.mp4,vacuum cleaner cleaning floors
video/kSKXtXXAD70_000030/video.mp4,printer printing
video/Z22pFIAFD98_000000/video.mp4,playing cello
video/M0GKzxjD9S0_000347/video.mp4,metronome
video/Fg18M9ARcQY_000030/video.mp4,car engine knocking
video/6Y3YoMGHufc_000340/video.mp4,typing on computer keyboard
video/rQUz1GGqc6E_000333/video.mp4,playing double bass
video/UyCw7pCgYg8_000055/video.mp4,tap dancing
video/nLKEdmVu3FY_000040/video.mp4,orchestra
video/ybqzgl9OfB8_000364/video.mp4,opening or closing car electric windows
video/kp5PZawm-X4_000046/video.mp4,people gargling
video/Cwt7hCUOCDY_000030/video.mp4,people sneezing
video/ROtaeOZoTqU_000196/video.mp4,train wheels squealing
video/QaKdsbkkmUc_000288/video.mp4,"electric shaver, electric razor shaving"
video/ioTmuyoOeV8_000018/video.mp4,squishing water
video/2UvzCdos0nc_000036/video.mp4,dog baying
video/UhEQ1E8XPp4_000017/video.mp4,chicken clucking
video/JaTfqRN3IrM_000020/video.mp4,sailing
video/LfaD5iBSyL4_000092/video.mp4,golf driving
video/eSSs8vV3VNc_000491/video.mp4,forging swords
video/k5rDbr_0Ik8_000200/video.mp4,forging swords
video/ay05WMzpmAk_000035/video.mp4,forging swords
video/dHM1QdoRmiU_000030/video.mp4,firing cannon
video/QJGordCQPW0_000021/video.mp4,horse clip-clop
video/kLXnAOe7U0U_000015/video.mp4,playing bongo
video/Fo_FDiZhzDo_000030/video.mp4,skidding
video/PeEy6rXMLyg_000035/video.mp4,arc welding
video/IeapE3z-v3Q_000074/video.mp4,playing bass drum
video/gJ1EjXFq5vQ_000410/video.mp4,people whistling
video/bRCzdN1jfk0_000000/video.mp4,alarm clock ringing
video/5S5RvY9Yups_000175/video.mp4,volcano explosion
video/owVJ_Pbaqog_000439/video.mp4,playing darts
video/KCXiP1di11k_000028/video.mp4,people booing
video/-IKnJa9U66I_000150/video.mp4,using sewing machines
video/PNO6e05SQ-E_000190/video.mp4,chicken crowing
video/_xdYMgoI2rY_000030/video.mp4,horse neighing
video/RasfE1VmcKM_000172/video.mp4,chinchilla barking
video/5GnwyaS1h3Y_000023/video.mp4,cupboard opening or closing
video/EiOtCVfF83c_000001/video.mp4,blowtorch igniting
video/z-tbvVNLCUk_000422/video.mp4,forging swords
video/przrSPZgOkY_000090/video.mp4,thunder
video/cLx0L_7fXnE_000051/video.mp4,chimpanzee pant-hooting
video/AwUYzbOW5WQ_000006/video.mp4,playing tambourine
video/Ee4EHJ_4mqI_000030/video.mp4,dog howling
video/Ukwj5AKxt0E_000000/video.mp4,goat bleating
video/n6OjK7igcg0_000051/video.mp4,playing darts
video/aFQRWPxLWBQ_000300/video.mp4,ice cracking
video/LbqKv3E9Xso_000071/video.mp4,opening or closing car doors
video/GtZEBM9fBts_000005/video.mp4,machine gun shooting
video/_Afs4B07Xog_000022/video.mp4,playing mandolin
video/b-3oRtwBz8s_000276/video.mp4,playing erhu
video/wgg6YgGx4Rk_000030/video.mp4,firing cannon
video/k4ExqQTNklk_000210/video.mp4,toilet flushing
video/kvKMz_laff4_000055/video.mp4,volcano explosion
video/ZiP7thXpDDQ_000005/video.mp4,slot machine
video/dtjPWoaOz60_000450/video.mp4,ripping paper
video/qAANdThf1oE_000033/video.mp4,francolin calling
video/CF9jEgK1mZE_000186/video.mp4,people eating noodle
video/HZ5fPk0bS9g_000123/video.mp4,playing tuning fork
video/AC4ITIdiccw_000030/video.mp4,playing clarinet
video/-O4W3NA5-uA_000150/video.mp4,playing tennis
video/9QEm6u4bowQ_000030/video.mp4,playing electric guitar
video/PfP1Fhg3h1g_000010/video.mp4,playing drum kit
video/gAqXWyyk1BE_000030/video.mp4,people eating
video/b6I3xKJTfdg_000025/video.mp4,shot football
video/MfAKvbAOmFw_000140/video.mp4,skiing
video/syjglspQinE_000004/video.mp4,playing tympani
video/gwIRjBMGTmo_000580/video.mp4,playing tabla
video/HkXSX7Kdhms_000030/video.mp4,people shuffling
video/EfzPbZ8MKAo_000017/video.mp4,driving snowmobile
video/IzZFPvqT1_s_000190/video.mp4,people eating noodle
video/Cmhpj4MJ_hQ_000020/video.mp4,people babbling
video/LgbsI0f0QdA_000000/video.mp4,people eating
video/3D-h4i1AJok_000004/video.mp4,bathroom ventilation fan running
video/qJA9Nupc6aE_000030/video.mp4,people whispering
video/6MasocIBqaE_000024/video.mp4,foghorn
video/1RAcDEFEszA_000093/video.mp4,chopping food
video/rFGbAdLUiiQ_000010/video.mp4,police car (siren)
video/We4ilLBQBrc_000001/video.mp4,pheasant crowing
video/WoynilrteLU_000030/video.mp4,people eating
video/U-hpbrpact0_000112/video.mp4,bathroom ventilation fan running
video/ZYpeoQ6g7yY_000145/video.mp4,playing tympani
video/vS5cYNOFeBs_000012/video.mp4,chicken clucking
video/7Soo7mXCnq0_000063/video.mp4,airplane flyby
video/QAewYfDZPJA_000067/video.mp4,zebra braying
video/kUvSPJkuNWE_000030/video.mp4,typing on typewriter
video/sn3Sqa4nRtA_000030/video.mp4,people sniggering
video/fB7K_IM8cQo_000036/video.mp4,missile launch
video/EzXThJXRdbI_000017/video.mp4,firing cannon
video/An-4jPvUT14_000060/video.mp4,skateboarding
video/PlrV0NcUkqE_000058/video.mp4,train horning
video/lTTXwF6DTCU_000075/video.mp4,eagle screaming
video/HOOK6E_Hogg_000030/video.mp4,ambulance siren
video/Ya5GiXz1gbA_000019/video.mp4,wind chime
video/Le2MGWRa_SE_000030/video.mp4,cat hissing
video/l_LlE4MnLCU_000058/video.mp4,ferret dooking
video/9n5G0qFBsHM_000000/video.mp4,ocean burbling
video/avMMHoVQdTI_000039/video.mp4,playing washboard
video/_JZtEaCyxKA_000019/video.mp4,bouncing on trampoline
video/j3a60_lwWjE_000030/video.mp4,playing didgeridoo
video/XDqIaQyfpG0_000120/video.mp4,mouse pattering
video/M3tAFphkQow_000001/video.mp4,goat bleating
video/Z11Dd4oe9So_000030/video.mp4,dog howling
video/lP20BVmwPpU_000108/video.mp4,sea lion barking
video/9RNvMneZR7U_000697/video.mp4,striking bowling
video/TC3Z6NuoFz8_000460/video.mp4,thunder
video/dwEU1TXu5bw_000174/video.mp4,slot machine
video/-aK9JKAGme0_000041/video.mp4,cheetah chirrup
video/LzZ_nxuZ8Co_000030/video.mp4,driving buses
video/6S7dV98ty_w_000992/video.mp4,opening or closing car doors
video/RyZVkGdfkDU_000198/video.mp4,arc welding
video/M6StDnohba8_000082/video.mp4,people eating apple
video/_eX_uZrOUik_000030/video.mp4,duck quacking
video/MDa1ZVdDz2Y_000060/video.mp4,splashing water
video/reGGOP8tYLU_000000/video.mp4,eating with cutlery
video/KAAt1is-Z04_000030/video.mp4,people finger snapping
video/iWmdwmSL_xk_000336/video.mp4,wind chime
video/uNDLAH1xjO4_000095/video.mp4,playing washboard
video/-iF4a6f5PJ8_000000/video.mp4,pheasant crowing
video/BuLPTl3zXLQ_000010/video.mp4,blowtorch igniting
video/q_Sx6S-MQec_000064/video.mp4,francolin calling
video/DcbzE8AnLcE_000030/video.mp4,fire truck siren
video/Z9vYvEu9vC4_000370/video.mp4,cricket chirping
video/L0R5nSZgIo0_000002/video.mp4,elephant trumpeting
video/gLo62wS-sbc_000184/video.mp4,forging swords
video/CL5vkiMs2c0_000010/video.mp4,reversing beeps
video/s4PN7iTLdVM_000050/video.mp4,playing steelpan
video/ekhsfZpce0c_000030/video.mp4,baby laughter
video/WXOAsZuFtew_000052/video.mp4,playing badminton
video/XVqQKMMGoUs_000061/video.mp4,baltimore oriole calling
video/hfGPgIdj0WM_000055/video.mp4,eletric blender running
video/2PHV2xNjGVU_000126/video.mp4,tap dancing
video/zOMh7kh4gPQ_000004/video.mp4,playing timbales
video/7RcOLP6pxYs_000132/video.mp4,"electric shaver, electric razor shaving"
video/tsKGLd-n3HI_000025/video.mp4,people nose blowing
video/bkgPeHxZs94_000019/video.mp4,metronome
video/3mCWARDySc8_000059/video.mp4,"playing violin, fiddle"
video/f61vxWAeITg_000070/video.mp4,people babbling
video/iV8CpHmiyrI_000030/video.mp4,wind rustling leaves
video/pGC5c8KiuOk_000020/video.mp4,people hiccup
video/JKbUVdMJAO8_000030/video.mp4,tapping guitar
video/OIDnou1IcNs_000042/video.mp4,playing congas
video/zgM0pD0JIqc_000015/video.mp4,train whistling
video/FKGmkI_Vfo8_000012/video.mp4,alarm clock ringing
video/dySzuSBqPnE_000040/video.mp4,ripping paper
video/M7NvD1WJQ7o_000070/video.mp4,"engine accelerating, revving, vroom"
video/y-3Z8vypfDs_000038/video.mp4,playing bongo
video/ZHIwj6hmd4A_000000/video.mp4,bird squawking
video/I-bNKpYykUY_001034/video.mp4,lip smacking
video/Cs_DJvnYWTs_000010/video.mp4,dog whimpering
video/1hsOUPwn21E_000083/video.mp4,cuckoo bird calling
video/YSKv2zqj4VI_000030/video.mp4,mosquito buzzing
video/t7oAteGa55g_000090/video.mp4,"vehicle horn, car horn, honking"
video/_yWsqs9FOnU_000010/video.mp4,tapping guitar
video/1garMoYilAY_000030/video.mp4,wind rustling leaves
video/r56PXyxKOMI_000030/video.mp4,people belly laughing
video/iQ74Ko0LZ8c_000030/video.mp4,playing french horn
video/VRaLq9Gb9xI_000180/video.mp4,using sewing machines
video/iWak8wPMXV4_000558/video.mp4,swimming
video/aXslXvCs1Mk_000000/video.mp4,"playing marimba, xylophone"
video/dIzQVYDYtKA_000008/video.mp4,tap dancing
video/_1k7OImLXJg_000030/video.mp4,rope skipping
video/H9ozCKhRl5A_000030/video.mp4,sliding door
video/bB4nqJqHFQI_000020/video.mp4,ice cracking
video/dI3xU5LXeoE_000081/video.mp4,train whistling
video/EW3ZkpsGNBA_000001/video.mp4,wind chime
video/ArYIGhYJJns_000030/video.mp4,stream burbling
video/N_R8C0Qfp30_000290/video.mp4,playing clarinet
video/AGA3hiGZJCo_000000/video.mp4,helicopter
video/yXOR52SJsDw_000020/video.mp4,warbler chirping
video/5E_8bEnP43Y_000030/video.mp4,sliding door
video/BYajSeGujsM_000028/video.mp4,francolin calling
video/b8AzwUMbgb4_000021/video.mp4,cat growling
video/aNkOcOCm32s_000010/video.mp4,dog howling
video/JPVRBbdykSw_000030/video.mp4,playing synthesizer
video/HAkUrI9yU8U_000062/video.mp4,airplane flyby
video/1U8Y6VifI-M_000050/video.mp4,people sneezing
video/HrPnGYGrvm0_000100/video.mp4,playing banjo
video/A1vkiLZfAMs_000030/video.mp4,playing clarinet
video/86GbHzzWhpg_000520/video.mp4,mosquito buzzing
video/ZkQk_9V-1FU_000500/video.mp4,people burping
video/aSDfi0CMrKg_000063/video.mp4,lions growling
video/LtYJXKeUMXA_000000/video.mp4,door slamming
video/im98W-KlqrQ_000010/video.mp4,bird wings flapping
video/94t9laP3N3E_000011/video.mp4,cat caterwauling
video/HAiGGj4Dl1A_000025/video.mp4,gibbon howling
video/nn25vUXHhdE_000400/video.mp4,skidding
video/IHSblFkJ6-Y_000029/video.mp4,cheetah chirrup
video/gQSjOkhrDf0_000434/video.mp4,"race car, auto racing"
video/mwoQMUhI9nY_000139/video.mp4,playing table tennis
video/ZedCPKaacjU_000326/video.mp4,airplane
video/52GtuAAT-94_000042/video.mp4,barn swallow calling
video/2zwNVAyInxs_000015/video.mp4,fire truck siren
video/0Br877mW7_c_000010/video.mp4,blowtorch igniting
video/k0t8COy1a9c_000092/video.mp4,people eating noodle
video/4tKvAMmAUMM_000030/video.mp4,reversing beeps
video/Vo_BuHqpf40_000077/video.mp4,metronome
video/U595LzVDCAY_000015/video.mp4,baltimore oriole calling
video/Dm8tMkoPiX0_000135/video.mp4,playing djembe
video/gXDltX0l33E_000005/video.mp4,chimpanzee pant-hooting
video/hkr8KzMLwDA_000500/video.mp4,typing on computer keyboard
video/G9vxeHobkfU_000058/video.mp4,ice cracking
video/d_5uYgIBZyo_000028/video.mp4,civil defense siren
video/2rdkLx56T1c_000030/video.mp4,people running
video/CUL0UrnVfZI_000030/video.mp4,singing choir
video/HY-4ilSDR1o_000041/video.mp4,people gargling
video/pbVP6Z1c4_k_000420/video.mp4,hair dryer drying
video/SXvinNxNPiE_000080/video.mp4,playing hammond organ
video/KSx1Y32_Wd0_000062/video.mp4,playing oboe
video/1DRZS9_-8C0_000052/video.mp4,whale calling
video/_rvJfh_34w8_000038/video.mp4,playing guiro
video/oFloholTZJY_000000/video.mp4,scuba diving
video/mi7kgfvwTAw_000005/video.mp4,playing badminton
video/0KOPvSUlNjI_000180/video.mp4,playing bagpipes
video/gykTJfcqaH4_000234/video.mp4,"ice cream truck, ice cream van"
video/HZHb51xCZ24_000094/video.mp4,children shouting
video/QzrS-S7OerE_000370/video.mp4,"engine accelerating, revving, vroom"
video/oOBByUjJtLY_000000/video.mp4,playing gong
video/RLJYigWchf0_000030/video.mp4,wind noise
video/2S-YRM0p6cc_000034/video.mp4,coyote howling
video/YH3QrPYosKY_000017/video.mp4,woodpecker pecking tree
video/BVMzjiOUpZo_000031/video.mp4,penguins braying
video/FLb3rJLGH9o_000030/video.mp4,crow cawing
video/TnZ7lewZgns_000044/video.mp4,volcano explosion
video/um7sroRk5pM_000030/video.mp4,people sneezing
video/BjaBFY-8pHw_000080/video.mp4,playing tabla
video/bY2cN3BgPsU_000070/video.mp4,people booing
video/LXZNhyX5SkE_000077/video.mp4,train wheels squealing
video/B22gKoTyOfM_000030/video.mp4,fire truck siren
video/UDlc1slA8PA_000590/video.mp4,helicopter
video/E4duB2A-ces_000050/video.mp4,waterfall burbling
video/CIlNi_e9SJ0_000120/video.mp4,sharpen knife
video/RsDl0An5QBI_000030/video.mp4,playing electric guitar
video/sKkhPrZbilM_000217/video.mp4,squishing water
video/ce6gtnd6qDc_000440/video.mp4,playing tabla
video/IpqtJmqY4-w_000200/video.mp4,dog howling
video/-fAGzY9rnaA_000030/video.mp4,"female speech, woman speaking"
video/Mqlg9NYMidw_000053/video.mp4,air conditioning noise
video/Xg9hTAPBwi8_000000/video.mp4,dog whimpering
video/2g5hx_rynAI_000035/video.mp4,playing shofar
video/LdGcKY4CHaE_000038/video.mp4,playing squash
video/gCAWIBbcGJA_000243/video.mp4,playing washboard
video/cSnTCET2CsA_005584/video.mp4,"race car, auto racing"
video/qu14BGKi1lc_000030/video.mp4,crow cawing
video/e5aCQbqUY9I_000000/video.mp4,"donkey, ass braying"
video/eOwKvuuMl74_000070/video.mp4,people cheering
video/QlaW568SeDc_000310/video.mp4,"playing marimba, xylophone"
video/j1JUsTMZcuY_000004/video.mp4,people giggling
video/-fz6omiAhZ8_000040/video.mp4,"vehicle horn, car horn, honking"
video/nzpnWuk3RjU_000170/video.mp4,playing timpani
video/8zuOvjviOvc_000170/video.mp4,opening or closing drawers
video/LUfzlkl-Dac_000001/video.mp4,baby crying
video/bwvpRZ11cYk_000105/video.mp4,cow lowing
video/6zlMP_kQ_-w_000030/video.mp4,playing harp
video/5ezZNOWMLMo_000026/video.mp4,chimpanzee pant-hooting
video/j1kM-hC44Ok_000002/video.mp4,squishing water
video/0YIWrXgCjiM_000030/video.mp4,singing choir
video/S_yxvb7P0B4_000007/video.mp4,train horning
video/6axs0nGKcss_000000/video.mp4,splashing water
video/C3LXTkKw6sU_000030/video.mp4,"railroad car, train wagon"
video/3g3cr1rw3HU_000105/video.mp4,train whistling
video/x50I2W-Ahek_000241/video.mp4,playing bass drum
video/JqfJ5xfAMbE_000030/video.mp4,horse clip-clop
video/KHkVbX3cdcU_000127/video.mp4,wind chime
video/SiXCZ-Ew0b0_000050/video.mp4,playing piano
video/IiYSoGSDUY8_000030/video.mp4,playing harpsichord
video/AL-dutJvx0s_000030/video.mp4,typing on computer keyboard
video/av-1Ih0S82s_000030/video.mp4,playing timpani
video/0ua6AnyVwbk_000036/video.mp4,disc scratching
video/nqsycWEgIio_000209/video.mp4,parrot talking
video/7N9QX4EWurQ_000011/video.mp4,playing hockey
video/GbI7rZa22Zs_000005/video.mp4,otter growling
video/2BR2Ivk_EFA_000021/video.mp4,owl hooting
video/rr3ROJ0yOdk_000112/video.mp4,volcano explosion
video/_OV4wuEUvuE_000136/video.mp4,writing on blackboard with chalk
video/DXWEVucEPvU_000006/video.mp4,alarm clock ringing
video/NHJckoJ0iUY_000054/video.mp4,spraying water
video/4DkEvFKq0Ig_000004/video.mp4,roller coaster running
video/qvOlg4tGchU_000196/video.mp4,dinosaurs bellowing
video/3LxtO_vMokk_000010/video.mp4,driving motorcycle
video/-fAVezaAX18_000126/video.mp4,playing drum kit
video/EhvCJi5Zbsw_000088/video.mp4,playing congas
video/2yumaMbGybU_000010/video.mp4,playing bagpipes
video/U07bPALXCmM_000401/video.mp4,"ice cream truck, ice cream van"
video/0-6N0Qagy5A_000010/video.mp4,playing synthesizer
video/mE0qnyrn7qI_000585/video.mp4,forging swords
video/iotIxAR-eH8_000240/video.mp4,bird squawking
video/mpEh3S2rspM_000003/video.mp4,striking bowling
video/OIYRNzlgN84_000200/video.mp4,"rowboat, canoe, kayak rowing"
video/fXe8WecFvBk_000010/video.mp4,thunder
video/JgXnbgS_XBk_000480/video.mp4,skidding
video/0KIC9xmmD8g_000105/video.mp4,police radio chatter
video/2LtEPWwp36E_000052/video.mp4,footsteps on snow
video/akjMGNYTAdA_000030/video.mp4,fire crackling
video/qEtEMpphMK0_000223/video.mp4,playing timbales
video/kO8TVRcXI98_000303/video.mp4,elk bugling
video/6O6kaNNmMB8_000004/video.mp4,opening or closing car doors
video/3ypSlMWAZeo_000239/video.mp4,people marching
video/zLjGbjdmoOo_000074/video.mp4,missile launch
video/8LXFSLK3otM_000010/video.mp4,lawn mowing
video/eYngZ5It0b8_000030/video.mp4,mouse squeaking
video/dp5VlGurxM4_000091/video.mp4,alarm clock ringing
video/Tca5mFJq8e8_000061/video.mp4,"playing steel guitar, slide guitar"
video/115l3adqQ1M_000417/video.mp4,driving motorcycle
video/BymkWsAcLR4_000000/video.mp4,"child speech, kid speaking"
video/rOQt6_E-x_0_000000/video.mp4,people humming
video/I4AsMxE3tFA_000188/video.mp4,people slapping
video/Mw9Kg1um1pk_000050/video.mp4,playing djembe
video/XNe76RX8dIo_000001/video.mp4,civil defense siren
video/B-60jGEds7M_000030/video.mp4,ocean burbling
video/_sjoX8AymCA_000030/video.mp4,people clapping
video/AcHARmL5j-g_000004/video.mp4,chinchilla barking
video/Qt7FJkuqWPE_000030/video.mp4,driving buses
video/FutkUYNyMUI_000000/video.mp4,blowtorch igniting
video/-rb6uia1wSo_000190/video.mp4,playing clarinet
video/JCapiyzc_AA_000030/video.mp4,playing harmonica
video/8MKemM0h5mE_000030/video.mp4,rapping
video/TP_CVBCc4-U_000090/video.mp4,people screaming
video/0NIE-eDk92M_000029/video.mp4,playing congas
video/LDz3wd663kg_000030/video.mp4,frog croaking
video/K-0qmhvJyzE_000010/video.mp4,"playing marimba, xylophone"
video/omnN9q0sTGQ_000110/video.mp4,playing guiro
video/DLbcnJVnyaI_000134/video.mp4,canary calling
video/LWKaNv6asYM_000264/video.mp4,cell phone buzzing
video/ZMcJY8yLjUs_000011/video.mp4,magpie calling
video/VP0OZdz-0IY_000000/video.mp4,"vehicle horn, car horn, honking"
video/GIvdJOuBLgI_000340/video.mp4,lip smacking
video/YD0freJ-4q4_000041/video.mp4,baltimore oriole calling
video/ALtDtYnWFuo_000030/video.mp4,playing cello
video/fUCVZRETzvo_000003/video.mp4,train horning
video/Wgnr_ftHhUw_000030/video.mp4,dog whimpering
video/csl70KUkeKI_000017/video.mp4,lighting firecrackers
video/FHcsjO-lVbw_000060/video.mp4,people whistling
video/0O4_CpR6azM_000091/video.mp4,volcano explosion
video/yAE-9UhBWzY_000024/video.mp4,airplane flyby
video/72baZt5rKAs_000260/video.mp4,gibbon howling
video/qSSEMouWssA_000043/video.mp4,playing djembe
video/iwpi55K_arw_000035/video.mp4,forging swords
video/OqcyTQMUnMw_000092/video.mp4,"donkey, ass braying"
video/rFtAqf39OeI_000086/video.mp4,penguins braying
video/6q3OUady18I_000667/video.mp4,swimming
video/312ti9EH4uY_000450/video.mp4,sea waves
video/g9q3jv6SpTA_000160/video.mp4,people humming
video/wzjeayE_MWo_000030/video.mp4,firing cannon
video/Th6Tf6kA8RU_000030/video.mp4,duck quacking
video/FKbldjY5sJw_000020/video.mp4,helicopter
video/Xq2HXeOuPMA_000141/video.mp4,chinchilla barking
video/Tzdtjub_HUM_000060/video.mp4,opening or closing drawers
video/zdktzavoISw_000167/video.mp4,people marching
video/10aF24rMeu0_000030/video.mp4,reversing beeps
video/PX2xcfpGynA_000009/video.mp4,"subway, metro, underground"
video/1nbCJJtsruI_000000/video.mp4,playing saxophone
video/6-8e1bC640c_000040/video.mp4,cheetah chirrup
video/8LwuZRyysMc_000040/video.mp4,mouse squeaking
video/xDFb8CAfU4w_000030/video.mp4,"cattle, bovinae cowbell"
video/A-QYRlK7cd8_000030/video.mp4,raining
video/xnVcy1PFlYM_000095/video.mp4,tornado roaring
video/-mKtgDnG0oM_000030/video.mp4,female singing
video/EP8QFFUA3xE_000005/video.mp4,hail
video/7H3_936cWTg_000007/video.mp4,air horn
video/kr8ssbrDDMY_000030/video.mp4,fire truck siren
video/2ACsPTob5cY_000118/video.mp4,snake rattling
video/PAn5rVaD9G8_000000/video.mp4,people battle cry
video/_fmX7Y7JxMA_000060/video.mp4,people farting
video/HZf02v6DyyY_000030/video.mp4,fire crackling
video/2j4dsRMuj4Y_000079/video.mp4,bathroom ventilation fan running
video/kse2WhdmJq0_000030/video.mp4,shot football
video/0RMYLychMXc_000000/video.mp4,baby babbling
video/_L5Jp1l3kMQ_000061/video.mp4,elephant trumpeting
video/XMVoH1JjXw8_000030/video.mp4,fireworks banging
video/lO1rUT_MTjk_000210/video.mp4,"female speech, woman speaking"
video/4i9DgH80kDg_000030/video.mp4,playing banjo
video/PwazdGn6ldc_000030/video.mp4,pig oinking
video/95zxtaKQBBc_000000/video.mp4,playing piano
video/hIqYFdJ9v0o_000030/video.mp4,"pigeon, dove cooing"
video/snR9TvRupjU_000000/video.mp4,cat caterwauling
video/lm8Q2xGOvbQ_000016/video.mp4,playing bugle
video/c7xtFAL66Zg_000018/video.mp4,people slapping
video/h_AQyNKifwQ_000128/video.mp4,opening or closing car electric windows
video/cifGioDxcz4_000000/video.mp4,people burping
video/0Wxl_LzqguI_000288/video.mp4,people battle cry
video/VN5W9piaNOw_000063/video.mp4,swimming
video/jEwEkr-PD6Y_000339/video.mp4,sharpen knife
video/7OhXiEHalAk_000063/video.mp4,elephant trumpeting
video/Uq3iKbCNDCM_000060/video.mp4,playing harpsichord
video/c7IL4fDqs_I_000070/video.mp4,playing synthesizer
video/LA91bTw_08Q_000203/video.mp4,sharpen knife
video/DtGG1jd-_eI_000008/video.mp4,horse neighing
video/fh3Hoio2oAo_000070/video.mp4,mosquito buzzing
video/Ta5bgIdRUjE_000048/video.mp4,chipmunk chirping
video/I6BoigdgEBc_000030/video.mp4,rapping
video/3NIlQB0YxME_000033/video.mp4,playing table tennis
video/-Y-UegG9tLw_000282/video.mp4,playing cornet
video/bXtS2woenCY_000000/video.mp4,people running
video/fNNhE0Cz2QY_000000/video.mp4,door slamming
video/6tDRmG2WxFc_000300/video.mp4,playing bass drum
video/DwubYPG6MwI_000079/video.mp4,striking pool
video/XrNfbjSoitY_000080/video.mp4,people hiccup
video/SvsCM0fLM5g_000030/video.mp4,"playing steel guitar, slide guitar"
video/GQoZ_nRL5iA_000030/video.mp4,hair dryer drying
video/JBIGPZK6V5g_000040/video.mp4,people hiccup
video/PZiOZeRIgxs_000372/video.mp4,"ice cream truck, ice cream van"
video/m3MbWYWyH7U_000000/video.mp4,people sneezing
video/_pGWT7NWrTY_000018/video.mp4,mouse clicking
video/FhOjRWQ8Ylw_000103/video.mp4,people booing
video/MdROu4LlR1E_000010/video.mp4,cat meowing
video/1oJAVJPX0YY_000020/video.mp4,"railroad car, train wagon"
video/fUNXFAJ2Dcs_000013/video.mp4,beat boxing
video/RSvuhSQuSRc_000156/video.mp4,playing double bass
video/7bWAOYd8slY_000001/video.mp4,playing tuning fork
video/5NI0ncH3PxQ_000073/video.mp4,otter growling
video/RCBdWzBxk0Y_000004/video.mp4,playing bass drum
video/LjzgGsaVCP4_000076/video.mp4,elephant trumpeting
video/h_AQyNKifwQ_000145/video.mp4,opening or closing car electric windows
video/4ZJrKmDGdA4_000140/video.mp4,people sneezing
video/-3RH8_aeZkk_000105/video.mp4,running electric fan
video/FSAGhEQ3uFk_000003/video.mp4,playing trumpet
video/pcGbob7fSgE_000040/video.mp4,people marching
video/FXlPUGUw9UU_000260/video.mp4,singing bowl
video/zxd98l89Prk_000036/video.mp4,lions roaring
video/SLAmK__qyXM_000010/video.mp4,firing cannon
video/s2avsLDhTUM_000062/video.mp4,cricket chirping
video/J2ZGK_xnQ94_000105/video.mp4,cutting hair with electric trimmers
video/hoOwwU30m0I_000067/video.mp4,alarm clock ringing
video/v6-yXkylPW0_000090/video.mp4,baby laughter
video/BuLPTl3zXLQ_000099/video.mp4,blowtorch igniting
video/Us9BSO3TeLw_000084/video.mp4,plastic bottle crushing
video/VxLacN2Dp6A_000070/video.mp4,playing trombone
video/51nfpGY_AJk_000080/video.mp4,people whistling
video/dxVMVOPXRUQ_000069/video.mp4,playing oboe
video/15703UC_0b0_000138/video.mp4,airplane flyby
video/6wEyfLFSmmI_000112/video.mp4,mouse clicking
video/tfAxJ2-Urco_000029/video.mp4,pheasant crowing
video/naXplhurrCU_000088/video.mp4,whale calling
video/NjLHnT9ZtPw_000119/video.mp4,playing table tennis
video/n88E2blrCiU_000185/video.mp4,electric grinder grinding
video/JVD6Fl7US4E_000032/video.mp4,people gargling
video/TDORLm3QYyA_000003/video.mp4,lighting firecrackers
video/ti2rs-r9r3A_000110/video.mp4,people nose blowing
video/TAJ8u7TjF6Q_000138/video.mp4,writing on blackboard with chalk
video/sRdCCjXkFRU_000030/video.mp4,sheep bleating
video/R449t87u6V0_000384/video.mp4,playing steelpan
video/2FJWwHQcXBk_000480/video.mp4,people gargling
video/h_Q_2UKcQX0_000368/video.mp4,fireworks banging
video/cv901tRE0rQ_000030/video.mp4,cat caterwauling
video/trg8QrMK6dc_000002/video.mp4,cuckoo bird calling
video/PB3i02Cjf1k_000030/video.mp4,playing bass guitar
video/fhvDFoXRhu8_000045/video.mp4,spraying water
video/ccmAp6PBdDI_000030/video.mp4,mosquito buzzing
video/oWAZJV6g6fY_000000/video.mp4,people farting
video/vhyVvH6FPYI_000056/video.mp4,playing bassoon
video/BzMo0qCklGg_000150/video.mp4,playing hammond organ
video/RGWC7icTM_E_000031/video.mp4,male singing
video/6BkP8QfH25E_000009/video.mp4,"alligators, crocodiles hissing"
video/2H3miNoF_Z8_000003/video.mp4,cat growling
video/nmMqbo6pcTU_000144/video.mp4,"playing steel guitar, slide guitar"
video/w6ePxZrd0Dw_000019/video.mp4,mynah bird singing
video/DBxaCgkkBrA_000001/video.mp4,running electric fan
video/jNXnXlF2Cgo_000500/video.mp4,playing bagpipes
video/RtXrVvUM8Jo_000013/video.mp4,people finger snapping
video/LEZFcGFwJlc_000030/video.mp4,"male speech, man speaking"
video/MV3oOUCBNWM_000439/video.mp4,playing snare drum
video/DDZlMjb-0i4_000150/video.mp4,helicopter
video/uWLQfUlw1YE_000030/video.mp4,people running
video/lBo0SbWA9u0_000014/video.mp4,playing darts
video/idPIRRspMp0_000121/video.mp4,playing castanets
video/_ZvISbLj0Rg_000030/video.mp4,dog bow-wow
video/CD2NWcdAcDM_000006/video.mp4,black capped chickadee calling
video/OTjBhCsK5Nc_000032/video.mp4,baby crying
video/RHfFQSSPmCo_000290/video.mp4,cap gun shooting
video/NkUzNAvYKLA_000001/video.mp4,arc welding
video/D5-jwFJXn1U_000182/video.mp4,cupboard opening or closing
video/VrwW35FmP0w_000025/video.mp4,waterfall burbling
video/9mEfikl6mAM_000029/video.mp4,chimpanzee pant-hooting
video/wvlhGSXTEoE_000430/video.mp4,people sobbing
video/DsAp3b1poeA_000030/video.mp4,duck quacking
video/ux7HhOxMRE4_000020/video.mp4,dog barking
video/bSItOIS0k5w_000008/video.mp4,playing guiro
video/5X7flUpy7Ts_000002/video.mp4,cow lowing
video/CWA2pRIDHuI_000000/video.mp4,snake rattling
video/-bJPDtT31p0_000100/video.mp4,playing drum kit
video/beb6mgkt16g_000029/video.mp4,writing on blackboard with chalk
video/cVlRlVmrZyI_000015/video.mp4,chopping food
video/M0FSrDPm6IE_000013/video.mp4,playing guiro
video/GL09sLcKW4M_000030/video.mp4,machine gun shooting
video/djdbIEu2K-Y_000110/video.mp4,sloshing water
video/HMhAM5aicvI_000030/video.mp4,playing electronic organ
video/gm7VuxbyNkw_000835/video.mp4,ripping paper
video/6vqS6Mb9qCs_000034/video.mp4,pheasant crowing
video/GsBd9c0-Mk4_000330/video.mp4,playing harpsichord
video/jm4ipHk0QX4_000001/video.mp4,children shouting
video/K8IPtE5e0Ms_000070/video.mp4,swimming
video/AznWFbIOSZw_000030/video.mp4,car engine knocking
video/QmENgS2Fk88_000023/video.mp4,mynah bird singing
video/E-QLJc3jiEg_000190/video.mp4,"child speech, kid speaking"
video/oqOyiPlZVDw_000020/video.mp4,people belly laughing
video/eO8SL6GZeqc_000004/video.mp4,playing glockenspiel
video/4iLKKmkyN14_000110/video.mp4,fireworks banging
video/k9bi4ygv1m0_000033/video.mp4,cat hissing
video/42CPymJ_MXI_000060/video.mp4,people crowd
video/8O-hCtPfef8_000044/video.mp4,playing bass drum
video/CTp0IjcFOg8_000576/video.mp4,air conditioning noise
video/aWgRtDIA2U4_000029/video.mp4,turkey gobbling
video/pSlVtxLOYiM_000050/video.mp4,playing cymbal
video/J65y3xLtzhY_000016/video.mp4,telephone bell ringing
video/3njuN-F2Ecs_000332/video.mp4,playing washboard
video/q6n887Rqdxo_000057/video.mp4,cuckoo bird calling
video/mjzJiHWlgXc_000006/video.mp4,cupboard opening or closing
video/RMKGMBFRYUQ_000165/video.mp4,cupboard opening or closing
video/LLkNFGrrgUo_000030/video.mp4,"engine accelerating, revving, vroom"
video/SqEWh1M2SIc_000030/video.mp4,"ice cream truck, ice cream van"
video/O7oqO7fqmVs_000539/video.mp4,ripping paper
video/D3TlQdOZZB8_000030/video.mp4,singing choir
video/e4Xh8ZImhUA_000097/video.mp4,police car (siren)
video/W0-Dlx23VXM_000030/video.mp4,owl hooting
video/j1JUsTMZcuY_000042/video.mp4,people giggling
video/2j9izxhyFlI_000035/video.mp4,writing on blackboard with chalk
video/r4BoQxrLtic_000030/video.mp4,crow cawing
video/gQUhn5sq5rs_000009/video.mp4,lions growling
video/O8S1mItzKFk_000115/video.mp4,disc scratching
video/Bqy0tD6mCPs_000270/video.mp4,orchestra
video/BjqhHeJD28U_000030/video.mp4,playing electric guitar
video/TEKIRndnL5Y_000014/video.mp4,people eating
video/gu742sT-4Y0_000330/video.mp4,playing cello
video/PR4lzoObEJE_000021/video.mp4,"fly, housefly buzzing"
video/ZIgZ_OKQyF0_000215/video.mp4,"donkey, ass braying"
video/-ByoSbgzr4M_000000/video.mp4,tapping guitar
video/HSPBrLMYWQA_000030/video.mp4,cat meowing
video/r6lXYeXskDA_000014/video.mp4,mynah bird singing
video/CfnFpH_Xe4Y_000013/video.mp4,"ice cream truck, ice cream van"
video/qFe9xXhkGSE_000010/video.mp4,playing trombone
video/fZsd2XIqeKs_000000/video.mp4,playing trombone
video/VudaWX3XJoQ_000129/video.mp4,golf driving
video/PdLEZFUyy84_000095/video.mp4,penguins braying
video/iz8en2Dt7vE_000017/video.mp4,playing trumpet
video/O96eN6kkSsA_000011/video.mp4,pig oinking
video/9J8sce4390s_000106/video.mp4,playing washboard
video/0U9_6RyH3_M_000030/video.mp4,mouse squeaking
video/xf0K_JCwmwg_000594/video.mp4,strike lighter
video/sWu_yhVMxEU_000120/video.mp4,people whistling
video/mCxWczXC6Qg_000122/video.mp4,warbler chirping
video/KAVxfY_grPQ_000000/video.mp4,playing trumpet
video/A_0xhMEZ1Cg_000030/video.mp4,playing french horn
video/Hz8ig_n39IM_000000/video.mp4,train horning
video/jnrA1sig4t8_000020/video.mp4,ocean burbling
video/9FDzG0xNp5s_000150/video.mp4,"subway, metro, underground"
video/O0evobAsVkQ_000185/video.mp4,strike lighter
video/GXaiPM9oHWo_000010/video.mp4,mouse pattering
video/rx3fg5zGSxg_000350/video.mp4,police car (siren)
video/VCdHfU5YbsQ_000080/video.mp4,owl hooting
video/Yeoqlz7TIvk_000050/video.mp4,playing hammond organ
video/nZoC4wf7k9Y_000160/video.mp4,playing gong
video/VWTGBdK9VK8_000009/video.mp4,sea lion barking
video/WCC01d0hcBQ_000024/video.mp4,dinosaurs bellowing
video/_hd1tNgkZz8_000009/video.mp4,"playing violin, fiddle"
video/aIVgkJHeLGQ_000053/video.mp4,underwater bubbling
video/zDFB8fW-L3k_000327/video.mp4,mouse clicking
video/VkOuafNpSUA_000197/video.mp4,playing darts
video/KlVO3gu-j70_000190/video.mp4,playing vibraphone
video/nSMZD-CIi30_000044/video.mp4,gibbon howling
video/LCoiDehvkWE_000312/video.mp4,playing shofar
video/ryOReH0GHx4_000147/video.mp4,canary calling
video/Er3Of_ejkQE_000030/video.mp4,people crowd
video/yRek1QAtFgU_000013/video.mp4,spraying water
video/vVle7Qb4tDU_000056/video.mp4,tractor digging
video/sK43mohcBSA_000077/video.mp4,elk bugling
video/oamW0GRj-04_000029/video.mp4,playing mandolin
video/IgVdF1Igzis_000110/video.mp4,frog croaking
video/UqyvFyQthHo_000030/video.mp4,chainsawing trees
video/Wr5sFgqxLzQ_000030/video.mp4,mouse squeaking
video/VyGYjbe6gJU_000027/video.mp4,beat boxing
video/GnyNSwKxeE8_000030/video.mp4,ocean burbling
video/PpuiOM0vuxo_000041/video.mp4,zebra braying
video/5xklhqtPZho_000020/video.mp4,police car (siren)
video/E-Uaq6whDek_000030/video.mp4,rapping
video/stlfZvmpH7E_000250/video.mp4,frog croaking
video/hbLS-Dlgj_o_000002/video.mp4,opening or closing car electric windows
video/XjE_WmAQNxE_000024/video.mp4,cat hissing
video/YqLZdK_e4-A_000030/video.mp4,playing hammond organ
video/xMw2x-N3_go_000012/video.mp4,playing tuning fork
video/FIktp5ggvX4_000010/video.mp4,dog barking
video/pNnLCdsc11g_000087/video.mp4,volcano explosion
video/Knhb_BCn5Bc_000050/video.mp4,church bell ringing
video/CsrB8B5aiR0_000014/video.mp4,zebra braying
video/zQ6QCEz5fPU_000057/video.mp4,playing table tennis
video/y3EEl5vlnLE_000023/video.mp4,people battle cry
video/amZFmEB9Opg_000032/video.mp4,dog growling
video/wFmxQZ_9nL0_000049/video.mp4,black capped chickadee calling
video/SF_kze7TG_8_000000/video.mp4,bouncing on trampoline
video/-PyXfNxnHKs_000110/video.mp4,eating with cutlery
video/cVtLUQcdZqI_000148/video.mp4,shot football
video/N0tIa-fvjo0_000000/video.mp4,people nose blowing
video/ASUgGJpwlMs_000029/video.mp4,dog howling
video/gBq3ufewetU_000405/video.mp4,writing on blackboard with chalk
video/IXM05dPfKmo_000030/video.mp4,wind noise
video/Bpc_A26bN9A_000030/video.mp4,bird squawking
video/0U7mQ5GYMX8_000300/video.mp4,playing tabla
video/U8XhUYPJxUM_000019/video.mp4,volcano explosion
video/XA9I4QiBuWQ_000082/video.mp4,playing double bass
video/uJNudEm4RMQ_000082/video.mp4,wind chime
video/tbLODtr1dIw_000031/video.mp4,playing mandolin
video/RczzNAr1T_Q_000030/video.mp4,tapping guitar
video/FMfTSJGsk5M_000062/video.mp4,people gargling
video/_DGLk4D-leg_000018/video.mp4,playing bongo
video/DwbUT8dyp2Y_000085/video.mp4,rope skipping
video/f29XHnPHKj8_000012/video.mp4,cheetah chirrup
video/yG1DM3MN8zg_000016/video.mp4,scuba diving
video/jin4FoKXn1o_000180/video.mp4,orchestra
video/awfbE0KxEjE_000380/video.mp4,airplane flyby
video/qGcLhHbGrIg_000000/video.mp4,playing theremin
video/6b4OeRyuyzg_000124/video.mp4,playing washboard
video/mMR8S8qxGTg_000166/video.mp4,playing mandolin
video/hvkCTW5sdf4_000015/video.mp4,cupboard opening or closing
video/6vl7eSBL-ag_000090/video.mp4,church bell ringing
video/6e8U65rgekA_000046/video.mp4,people battle cry
video/RiERI_EEtac_000007/video.mp4,playing darts
video/Hd5M86oGZdw_000677/video.mp4,scuba diving
video/lYOw8di2k4I_000030/video.mp4,hair dryer drying
video/VF2-Xbyvs_I_000109/video.mp4,yodelling
video/QQXXuUz87nw_000030/video.mp4,playing harp
video/NuWl6FHUh7Y_000207/video.mp4,playing bugle
video/NGvamh45l6k_000039/video.mp4,otter growling
video/qX0k93co9R0_000082/video.mp4,canary calling
video/XXBVsNt2Qr8_000030/video.mp4,male singing
video/d1QQRXy2pTM_000006/video.mp4,cat hissing
video/5iwbk0HAdNc_000000/video.mp4,whale calling
video/XHlsNQZbZd8_000270/video.mp4,beat boxing
video/VV-DgnPPhSo_000220/video.mp4,female singing
video/-YwPSwhe2jo_000030/video.mp4,people shuffling
video/12eRdXA6Iig_000077/video.mp4,"electric shaver, electric razor shaving"
video/da-UIZplRqE_000030/video.mp4,playing gong
video/bf81gVdcgUg_000451/video.mp4,running electric fan
video/3hZIjJKOlzI_000181/video.mp4,sailing
video/MNnlykTxbB0_000030/video.mp4,"motorboat, speedboat acceleration"
video/bvsXA4ba8_4_000030/video.mp4,playing electronic organ
video/QEcZFvGVGf0_000111/video.mp4,playing theremin
video/jy9DUEVrrIQ_000192/video.mp4,playing djembe
video/kq6PDicCx9Q_000084/video.mp4,playing timbales
video/OXi5eZwCoq0_000030/video.mp4,church bell ringing
video/VAV0cP55KIw_000330/video.mp4,pumping water
video/_RgUM9aBzyU_000209/video.mp4,chopping food
video/_8VTJcZAwaw_000003/video.mp4,playing tambourine
video/BhI1wTFc6KU_000000/video.mp4,door slamming
video/sZxl2Jj1Ujk_000317/video.mp4,"ice cream truck, ice cream van"
video/Ta9R_TuzIUM_000341/video.mp4,driving snowmobile
video/bBfi3iEu9fk_000160/video.mp4,playing theremin
video/6wEyfLFSmmI_000080/video.mp4,mouse clicking
video/ULLEA-jLmpI_000030/video.mp4,people finger snapping
video/TM23x21Qs2Q_000030/video.mp4,dog growling
video/GQPPtMdnCFA_000018/video.mp4,eagle screaming
video/YWAchXE2HqQ_000005/video.mp4,fire crackling
video/hrnJmoQW_-4_000030/video.mp4,playing vibraphone
video/3LtXT2KVI-c_000030/video.mp4,cat meowing
video/zfWvVJbYaiU_000120/video.mp4,"electric shaver, electric razor shaving"
video/NWL-P08eM-U_000030/video.mp4,rapping
video/OBAaK0pxdW0_000046/video.mp4,baby crying
video/gwkS8ABnslI_000258/video.mp4,popping popcorn
video/1XxHC7eMNg8_000024/video.mp4,forging swords
video/XZPPLt35KxU_000000/video.mp4,people giggling
video/q8R1PMk01SY_000016/video.mp4,elephant trumpeting
video/fdadZ_KrZVw_000090/video.mp4,playing timpani
video/V3aaPyUdIyo_000244/video.mp4,playing double bass
video/nstNNjnev5k_000827/video.mp4,playing bass drum
video/Ai95CU2jN9Y_000504/video.mp4,chimpanzee pant-hooting
video/S8RC6WZFqjk_000072/video.mp4,playing timbales
video/oT8Vg7egGwI_000077/video.mp4,people booing
video/6yAVCOMXo1I_000154/video.mp4,cheetah chirrup
video/Mj6ezUbjRHE_000133/video.mp4,cow lowing
video/5TxnuHBaNZw_000007/video.mp4,playing badminton
video/ImhA1R3CLI4_000480/video.mp4,people slurping
video/Q0mehqX4YGg_000035/video.mp4,plastic bottle crushing
video/wyhNG2E0p-8_000036/video.mp4,underwater bubbling
video/aBXntqgPo6Q_000040/video.mp4,playing bass guitar
video/Dr_iScgnMPY_000026/video.mp4,slot machine
video/uWUAuCEknZ8_000067/video.mp4,disc scratching
video/WTQhmOYZNJQ_000024/video.mp4,people booing
video/a6RbnrOOc-M_000090/video.mp4,goat bleating
video/a1jhkc-XInY_000055/video.mp4,opening or closing car doors
video/AedlWfHafgw_000021/video.mp4,basketball bounce
video/1tiz4gWXVGI_000608/video.mp4,turkey gobbling
video/SW0qQMAZKfo_000030/video.mp4,dog howling
video/G7ZE5J9gHMQ_000150/video.mp4,"engine accelerating, revving, vroom"
video/U7vFb50UjgY_000040/video.mp4,lions roaring
video/bkCqeOhqCFU_000000/video.mp4,pheasant crowing
video/VpIhbDN58mA_000030/video.mp4,playing timpani
video/WwszVpNuiOI_000030/video.mp4,printer printing
video/YNv7mzbUUHc_000050/video.mp4,playing electric guitar
video/Lhuh4mKOTqY_000109/video.mp4,foghorn
video/tWi-PtHOMSE_000178/video.mp4,dog growling
video/ikmE_kRvDAc_000030/video.mp4,car engine knocking
video/fESL2PLuIwA_000140/video.mp4,ocean burbling
video/ibCQVMd2SBM_000030/video.mp4,mouse squeaking
video/3hEgl8N2FBA_000210/video.mp4,cattle mooing
video/56Z2jF5H0sI_000190/video.mp4,hammering nails
video/9lKIoqoJy0M_000030/video.mp4,baby babbling
video/RG3JF7GRfRE_000832/video.mp4,tornado roaring
video/WR83qQPQSoE_000200/video.mp4,train horning
video/JKk65f_Twzk_000023/video.mp4,car engine idling
video/__xnf49gUn8_000053/video.mp4,"fly, housefly buzzing"
video/tm_fzEvkBkI_000030/video.mp4,stream burbling
video/THgnXOLqpTg_000365/video.mp4,popping popcorn
video/BbWdsbZ9TsM_000130/video.mp4,"subway, metro, underground"
video/9grtLEqt_RM_000330/video.mp4,people belly laughing
video/skSyu-Q5nZI_000000/video.mp4,cat purring
video/TAexBL5eToE_000052/video.mp4,playing washboard
video/ewosm0sqXDc_000129/video.mp4,smoke detector beeping
video/d7I4Z5t8Xdo_000110/video.mp4,wind noise
video/ol1u4r9hm-U_000273/video.mp4,police radio chatter
video/2M9isBM1ChU_000108/video.mp4,people nose blowing
video/wi9wTTvdJjU_000314/video.mp4,arc welding
video/wVuG3imDmLU_000338/video.mp4,metronome
video/_TTXvwXNrt4_000044/video.mp4,chopping food
video/5PdG3poIAOQ_000031/video.mp4,"fly, housefly buzzing"
video/TBCKVIvh7Ug_000030/video.mp4,fire crackling
video/HAVPN432kNA_000071/video.mp4,rope skipping
video/amEW4O2Z350_000035/video.mp4,playing glockenspiel
video/gpIWcn9yiXg_000350/video.mp4,playing harp
video/BjiPjoHIpM0_000005/video.mp4,playing drum kit
video/8wT5dihdt4E_000260/video.mp4,"child speech, kid speaking"
video/ftxxMmqrYQ8_000003/video.mp4,snake rattling
video/1hba9jmspEQ_000030/video.mp4,"female speech, woman speaking"
video/L6V8S8U9iLs_000312/video.mp4,playing congas
video/UxBvDjoU8JI_000067/video.mp4,strike lighter
video/IIzMqbTNYOA_000410/video.mp4,ambulance siren
video/GjOGszZsSj0_000000/video.mp4,opening or closing car doors
video/1MTKUN3uFrs_000440/video.mp4,fireworks banging
video/L3lYFx1wx-M_000195/video.mp4,people eating noodle
video/7S_0fblbIOs_000047/video.mp4,playing washboard
video/qcBV8r9ADAw_000108/video.mp4,mynah bird singing
video/NzWgMNQX5xw_000018/video.mp4,fire crackling
video/t4xL3tWVGu8_000017/video.mp4,striking bowling
video/g2at4AqJsqk_000142/video.mp4,dog growling
video/2gvw16YDwMA_000043/video.mp4,cat caterwauling
video/4GGUH7ykdCg_000022/video.mp4,duck quacking
video/ik3SNmU2v9k_000135/video.mp4,pheasant crowing
video/TIL8jEw8pSc_000030/video.mp4,chainsawing trees
video/DjPrMmqCqlg_000075/video.mp4,eletric blender running
video/lnxJm8OjSjE_000063/video.mp4,rope skipping
video/aJpAmCQy3HY_000057/video.mp4,train wheels squealing
video/CPvs0cy_RR4_000034/video.mp4,cuckoo bird calling
video/KzerdnnE7iY_000457/video.mp4,playing tennis
video/7OqOXtp8_tk_000030/video.mp4,child singing
video/2TprtMP1RDo_000030/video.mp4,people whispering
video/TXW3Qm9qT0c_000030/video.mp4,people shuffling
video/f8MFow7FEgU_000091/video.mp4,playing erhu
video/kRoKSjo1ONs_000226/video.mp4,people eating noodle
video/2QTQAUTkprs_000030/video.mp4,playing bongo
video/QRbVHBt8dcE_000496/video.mp4,tractor digging
video/QssnjP_q-Es_000020/video.mp4,playing tuning fork
video/B9Sd9ubebhY_000030/video.mp4,ambulance siren
video/f5VqRC769mc_000010/video.mp4,playing tuning fork
video/dvzwRooVGJI_000140/video.mp4,dog howling
video/UZsUsESxEp4_000070/video.mp4,"bee, wasp, etc. buzzing"
video/7GCUGTrsFOE_000030/video.mp4,pig oinking
video/Fum4pvH1Bf0_000476/video.mp4,roller coaster running
video/ksCMf478CrE_000210/video.mp4,baby babbling
video/eWfkC7BfP6E_000030/video.mp4,mouse squeaking
video/aDTCjyFFbkA_000142/video.mp4,playing volleyball
video/pxAbZ6YwO3g_000178/video.mp4,train whistling
video/6DXkv8hTM0k_000003/video.mp4,francolin calling
video/bKlj1LbM6wI_000120/video.mp4,"bee, wasp, etc. buzzing"
video/QUl8YgqhZPo_000028/video.mp4,playing bassoon
video/LDDOczcTYxI_000115/video.mp4,bull bellowing
video/ga6Q5sJLaqU_000030/video.mp4,people burping
video/mF6mWHFxd6w_000030/video.mp4,people babbling
video/c_PsOVPaW4w_000059/video.mp4,"donkey, ass braying"
video/iMKk662Z7E0_000074/video.mp4,smoke detector beeping
video/fkgaF6Oj5Q4_000030/video.mp4,playing sitar
video/Slcg717UTrM_000004/video.mp4,cat growling
video/c5_FYMwxnPc_000019/video.mp4,sea lion barking
video/nd40lIYtQmA_000228/video.mp4,playing table tennis
video/Mt8jQmWWmEE_000030/video.mp4,raining
video/p1gQTumLv5M_000020/video.mp4,cap gun shooting
video/RZMgq7-EbUA_000024/video.mp4,pheasant crowing
video/dC1TVxwiitc_000030/video.mp4,"race car, auto racing"
video/z0yijW0cq7k_000412/video.mp4,running electric fan
video/-jZENGDFArw_000080/video.mp4,"child speech, kid speaking"
video/B00nfVc4FPI_000030/video.mp4,people clapping
video/rCnbjZkMoNE_000019/video.mp4,ferret dooking
video/0MdeE8BM9RI_000035/video.mp4,cell phone buzzing
video/99A5reksPts_000520/video.mp4,"bee, wasp, etc. buzzing"
video/WW4_c2J79QA_000030/video.mp4,playing banjo
video/jUBBGxyAN4M_000019/video.mp4,train horning
video/-zoQRlTGmt4_000111/video.mp4,bowling impact
video/YfV9YjCSkYM_000030/video.mp4,firing cannon
video/MPCrgyAJuL8_000178/video.mp4,people giggling
video/LU2T3Q-xbu0_000027/video.mp4,owl hooting
video/zP9onmjoAIs_000207/video.mp4,striking pool
video/YPuFEZZxSdg_000233/video.mp4,playing tympani
video/CE93IieQkAg_000030/video.mp4,lawn mowing
video/SqWkV-UQ6CI_000030/video.mp4,skidding
video/zml4ewtfjbA_000242/video.mp4,planing timber
video/zM-nWQl3W6Y_000170/video.mp4,"cattle, bovinae cowbell"
video/pxU78kiZqCM_000030/video.mp4,playing electronic organ
video/mY0sA1fc2IM_000066/video.mp4,lions growling
video/BrjXD7rdihs_000497/video.mp4,playing bass drum
video/2fi0m8ei_B4_000030/video.mp4,sliding door
video/574LKyN1wjo_000005/video.mp4,opening or closing car doors
video/lutN6JqHO_s_000173/video.mp4,playing cornet
video/yHN0HQygI88_000169/video.mp4,people eating apple
video/40s88hEcn5I_000170/video.mp4,"engine accelerating, revving, vroom"
video/BxtN7sKDt5E_000030/video.mp4,people sniggering
video/lAznHBBQkp4_000030/video.mp4,"female speech, woman speaking"
video/ZK2rF-mQ1Qk_000010/video.mp4,slot machine
video/0RKgmvzhBA4_000040/video.mp4,chicken clucking
video/6b45dOzBN8k_000030/video.mp4,goat bleating
video/eJwNvNpCMN4_000030/video.mp4,hair dryer drying
video/7Z9D7kAr7HY_000283/video.mp4,canary calling
video/1LPIxPA6-O8_000261/video.mp4,playing erhu
video/1yKGjTOk7NY_000030/video.mp4,child singing
video/t8BwqzzqcDs_000108/video.mp4,people booing
video/bf81gVdcgUg_000436/video.mp4,running electric fan
video/Qsd19T8rN_8_000190/video.mp4,"pigeon, dove cooing"
video/MHT46cURY6c_000030/video.mp4,crow cawing
video/_Y-r06UNOoc_000073/video.mp4,train horning
video/68jDXIGUBMo_000082/video.mp4,wood thrush calling
video/7xSEtsE_kuI_000128/video.mp4,arc welding
video/-A1o1Egi20c_000060/video.mp4,church bell ringing
video/s9HV3WrbSno_000007/video.mp4,woodpecker pecking tree
video/fF3u_xLxF9Q_000120/video.mp4,squishing water
video/PYOPQuhdoQM_000366/video.mp4,playing bassoon
video/UnfkJ5q1BAE_000173/video.mp4,barn swallow calling
video/CrOlDmMSVSM_000120/video.mp4,cattle mooing
video/ji_YCMygNHQ_000008/video.mp4,driving buses
video/KA_QeIcCnnc_000488/video.mp4,firing muskets
video/BokrfYASP28_000030/video.mp4,baby laughter
video/NuvgBjmUW1g_000140/video.mp4,dog growling
video/mEslZvugQCc_000030/video.mp4,"male speech, man speaking"
video/F1X7egd8Us0_000030/video.mp4,playing acoustic guitar
video/agkVG4i1-5k_000134/video.mp4,baltimore oriole calling
video/wV7rzsXOBHA_000292/video.mp4,sharpen knife
video/9fS92peHJh0_000002/video.mp4,people humming
video/gkIENhK7fxg_000020/video.mp4,"cattle, bovinae cowbell"
video/qShzBJddv_s_000051/video.mp4,warbler chirping
video/nNI2yUaXclM_000074/video.mp4,eagle screaming
video/LA4CTzhrLu8_000008/video.mp4,mouse squeaking
video/qfy_8ZNn9HU_000125/video.mp4,playing cornet
video/6Yh7Cdm2GgY_000010/video.mp4,playing timpani
video/Le4cUq4dLUI_000030/video.mp4,"engine accelerating, revving, vroom"
video/Bi9gmCJNqDE_000030/video.mp4,playing french horn
video/yqKL6eN5eCo_000603/video.mp4,chimpanzee pant-hooting
video/kXAfPnwvchE_000111/video.mp4,playing djembe
video/a_HZ5bMXveM_000033/video.mp4,baltimore oriole calling
video/ANMQ_fFwRl8_000015/video.mp4,elephant trumpeting
video/7sjPS_ru0Kw_000030/video.mp4,typing on typewriter
video/YWTMpcGI3s4_000000/video.mp4,cell phone buzzing
video/GUJCLsTnqTA_000192/video.mp4,telephone bell ringing
video/qZelT2DOG4g_000267/video.mp4,mouse clicking
video/_8A132_-BJQ_000030/video.mp4,fire crackling
video/oJyyNWuyig4_000030/video.mp4,wind rustling leaves
video/6PvscPT2u_w_000078/video.mp4,tractor digging
video/h7hGEzZUXQQ_000000/video.mp4,elk bugling
video/gPekns88rQA_000270/video.mp4,"cattle, bovinae cowbell"
video/F6IUxAJutsk_000030/video.mp4,fire truck siren
video/2TW5ZDk8_A0_000017/video.mp4,foghorn
video/O4xrL3f3z4M_000017/video.mp4,car engine idling
video/WJijwC4OgX8_000024/video.mp4,bowling impact
video/vO0ycW2dyaU_000222/video.mp4,yodelling
video/onSfjunyI1A_000013/video.mp4,"donkey, ass braying"
video/aqRi6eFKBcc_000253/video.mp4,eletric blender running
video/QIumoU03aLY_000030/video.mp4,snake hissing
video/1fJoK95DpaM_000002/video.mp4,police radio chatter
video/bHCDa337kzI_000060/video.mp4,"cattle, bovinae cowbell"
video/DHHhgQTYUw8_000183/video.mp4,bouncing on trampoline
video/HLsRePLObfI_000030/video.mp4,playing steelpan
video/ZOkDV5Z3Nn8_000012/video.mp4,playing congas
video/hnpnc72pQOQ_000677/video.mp4,police car (siren)
video/rBzH1ZfKgX8_000063/video.mp4,train wheels squealing
video/ch4uegReLhc_000030/video.mp4,"bird chirping, tweeting"
video/ZsrqUPh7paU_000039/video.mp4,warbler chirping
video/rhQwPnEYWI4_000030/video.mp4,people sniggering
video/RQHsbSHEnYc_000009/video.mp4,running electric fan
video/wDE1b30zmJ8_000433/video.mp4,woodpecker pecking tree
video/di7eVZNlpkw_000040/video.mp4,car passing by
video/4iS7MF8mzac_000035/video.mp4,cell phone buzzing
video/7AKffyaVJT0_000004/video.mp4,running electric fan
video/pFlcqWQVVuU_000055/video.mp4,children shouting
video/AwFuGITwrms_000030/video.mp4,fire truck siren
video/yqVMoUeG_wA_000010/video.mp4,"ice cream truck, ice cream van"
video/tLp3oiK2GO0_000029/video.mp4,pig oinking
video/0welW-8hB1c_000071/video.mp4,black capped chickadee calling
video/qj9RisK--0g_000443/video.mp4,children shouting
video/pKVmqlyFNb8_000051/video.mp4,playing volleyball
video/CaLHi97qsZc_000428/video.mp4,scuba diving
video/AlsDSDTiaWI_000030/video.mp4,skidding
video/HAqkyELOqH0_000250/video.mp4,air conditioning noise
video/9NUBwDtWAmk_000030/video.mp4,"playing violin, fiddle"
video/Y8JivjKVBIg_000134/video.mp4,"playing steel guitar, slide guitar"
video/7RlyBtFDd98_000070/video.mp4,cap gun shooting
video/lg2f7KERKFY_000092/video.mp4,bouncing on trampoline
video/kL_-XdzJQ3g_000000/video.mp4,people coughing
video/tIRHm8VhK_4_000030/video.mp4,playing sitar
video/tuvoP6QvMQ4_000030/video.mp4,firing cannon
video/WsnX97KzCFI_000030/video.mp4,playing harp
video/GO2Tf8KLJ14_000061/video.mp4,"playing steel guitar, slide guitar"
video/uPUk0gCy-OA_000084/video.mp4,children shouting
video/lO6X9-tGdT4_000030/video.mp4,crow cawing
video/U4mjEABM6qw_000007/video.mp4,sheep bleating
video/t5UDtbACVe4_000047/video.mp4,"heart sounds, heartbeat"
video/-Gr9P8Abnlk_000110/video.mp4,toilet flushing
video/mxczypKrxSc_000013/video.mp4,sailing
video/AhlnqK6ONro_000030/video.mp4,playing didgeridoo
video/7oNljd7R1f8_000019/video.mp4,"bird chirping, tweeting"
video/DIkH3opVS8o_000030/video.mp4,raining
video/DV_lxAociYs_000180/video.mp4,playing clarinet
video/N_MC5rUxOZ4_000110/video.mp4,playing erhu
video/KacYEZwBTY4_000050/video.mp4,playing timbales
video/-23CeprtibU_000030/video.mp4,chainsawing trees
video/CqmuLdNiEjE_000077/video.mp4,dog growling
video/A_JPcBwYGmo_000030/video.mp4,dog whimpering
video/dSzZWgbJ378_000030/video.mp4,train horning
video/qfCsJyj-gJo_000024/video.mp4,playing timbales
video/efUPI-PAhyQ_000018/video.mp4,mynah bird singing
video/MoYPhggPrPg_000074/video.mp4,snake hissing
video/g0RO_LNR_hQ_000039/video.mp4,underwater bubbling
video/dPM24O4my-Q_000000/video.mp4,skidding
video/UUjPZPtqG5k_000000/video.mp4,chicken crowing
video/DLJGT99uEh4_000030/video.mp4,playing synthesizer
video/B-9lyla6p1Y_000102/video.mp4,people battle cry
video/SEHxfje9Eio_000030/video.mp4,"race car, auto racing"
video/mo_x30i1gns_000099/video.mp4,playing glockenspiel
video/LBxiUTpsRxQ_000020/video.mp4,canary calling
video/2EaYSObne7M_000369/video.mp4,people marching
video/n3Pfv9Fo3zk_000009/video.mp4,cat growling
video/bg7FiCQH3D4_000112/video.mp4,ice cracking
video/XB6j1Xabe3E_000470/video.mp4,bird wings flapping
video/Gxn7TpFo64w_000114/video.mp4,mosquito buzzing
video/29ZWMYIEq3g_000141/video.mp4,sharpen knife
video/HofBEl7IjDk_000030/video.mp4,cat caterwauling
video/3RfrTU1p5SA_000500/video.mp4,people crowd
video/AGTyP86x_Sc_000110/video.mp4,people crowd
video/OebTD1Qqjys_000055/video.mp4,cricket chirping
video/K2h6UiZSoZ4_000030/video.mp4,people shuffling
video/QDfDR1bfMtQ_000020/video.mp4,lions roaring
video/Vdh_JIJCLxA_000070/video.mp4,ocean burbling
video/fE7-2gllNvE_000230/video.mp4,using sewing machines
video/LvsBNL4Gdhc_000500/video.mp4,opening or closing car electric windows
video/1pMMz2vm6JE_000109/video.mp4,running electric fan
video/zrklTYnpE80_000098/video.mp4,popping popcorn
video/q2ATPV_el44_000080/video.mp4,playing electronic organ
video/1WLMVX_Y2Pk_000213/video.mp4,elephant trumpeting
video/0uMEyyhzaqU_000034/video.mp4,cutting hair with electric trimmers
video/SQWKklcMKbE_000159/video.mp4,chinchilla barking
video/HMyRA33XJRM_000077/video.mp4,playing glockenspiel
video/CzhsbdoRfr0_000330/video.mp4,playing harpsichord
video/X1Ez6M6o-VU_000025/video.mp4,elephant trumpeting
video/Q2m7w_aktCo_000000/video.mp4,"ice cream truck, ice cream van"
video/y7St1AL5j2o_000430/video.mp4,hammering nails
video/BUGx2e7OgFE_000030/video.mp4,playing harmonica
video/WTlaLznHD1c_000053/video.mp4,driving snowmobile
video/SmuyUnEZaJw_000030/video.mp4,crow cawing
video/ye0GZg0oR_I_000045/video.mp4,yodelling
video/FlYi8CPdbBs_000053/video.mp4,roller coaster running
video/mFM603A6fsI_000042/video.mp4,civil defense siren
video/On2aeIUKoNY_000030/video.mp4,frog croaking
video/5npO2f5CdaA_000020/video.mp4,lighting firecrackers
video/fnCf7sDpVXo_000170/video.mp4,playing gong
video/BQsQzaDrHKY_000210/video.mp4,"alligators, crocodiles hissing"
video/wOOaz1j0zYk_000019/video.mp4,zebra braying
video/PLE0pDzvB08_000030/video.mp4,singing choir
video/vsCHW_rvUx0_000241/video.mp4,plastic bottle crushing
video/gbX-3uq95X0_000030/video.mp4,car engine knocking
video/AyEctiqVYQc_000030/video.mp4,printer printing
video/uLh3QMVr7og_000039/video.mp4,chopping food
video/4_QTx2B6I3Y_000000/video.mp4,sharpen knife
video/EY18UyQJrCs_000144/video.mp4,canary calling
video/RQ85Tkl8i2k_000008/video.mp4,fireworks banging
video/t925JwYXhVA_000000/video.mp4,playing snare drum
video/W_UE04p_tYY_000105/video.mp4,playing glockenspiel
video/jkUcFF4VmO4_000022/video.mp4,bouncing on trampoline
video/wdbIsk487Fw_000100/video.mp4,"playing violin, fiddle"
video/E_ZBELcyb3g_000008/video.mp4,playing tuning fork
video/tyjP12Yob3I_000044/video.mp4,cow lowing
video/qMKO8bQpzMg_000090/video.mp4,playing piano
video/deVyPq-AHfc_000430/video.mp4,playing harpsichord
video/8ASYkoden80_000007/video.mp4,"electric shaver, electric razor shaving"
video/lb_m2AVVb5M_000100/video.mp4,playing cello
video/8UG9BpBSLNA_000775/video.mp4,lathe spinning
video/IfsB-8hbcL8_000030/video.mp4,people whispering
video/jpGLGUsbHPU_000170/video.mp4,church bell ringing
video/39LEcco-Hkk_000036/video.mp4,skiing
video/dqu_dkIqqrw_000085/video.mp4,lathe spinning
video/1GI75yXlrTk_000029/video.mp4,people slapping
video/MK6Gfm0jElc_000000/video.mp4,baby crying
video/VvpjmyUhvP0_000080/video.mp4,sailing
video/_aggk5tA7hM_000047/video.mp4,playing glockenspiel
video/NvN2PoU3Pzs_000678/video.mp4,people slurping
video/fRwJFYI0K0w_000010/video.mp4,playing zither
video/LI-UBG1Z77o_000030/video.mp4,frog croaking
video/Lryk9Xx53DM_000060/video.mp4,playing cello
video/GfA1vqAGWeY_000325/video.mp4,firing muskets
video/CIAd34BDDHg_000029/video.mp4,underwater bubbling
video/NSeNs6bXjpQ_000320/video.mp4,people burping
video/_eceNIlHt4E_000204/video.mp4,train horning
video/7nl6lLs3dn8_000119/video.mp4,people humming
video/Yf7ypnJ2J-U_000039/video.mp4,playing glockenspiel
video/E-hmA_v9ePI_000022/video.mp4,mouse squeaking
video/wTviJbMRU18_000223/video.mp4,"heart sounds, heartbeat"
video/BBrcF4zoBAQ_000001/video.mp4,zebra braying
video/DSztGsbZkmY_000197/video.mp4,arc welding
video/5gJ_PWgJWIw_000420/video.mp4,machine gun shooting
video/RyBYKVXdXm4_000003/video.mp4,cell phone buzzing
video/-MIwX2AaUas_000158/video.mp4,chopping food
video/a6YqoTI8Rgg_000029/video.mp4,whale calling
video/RP5mput8V9A_000000/video.mp4,frog croaking
video/Bho0lwcxn1g_000020/video.mp4,people babbling
video/6-RIiM19Be8_000160/video.mp4,"male speech, man speaking"
video/966I5NCjnsg_000030/video.mp4,dog whimpering
video/1z16oAB1nMk_000140/video.mp4,ambulance siren
video/ekxnklqMf8c_000048/video.mp4,missile launch
video/l6eWoKOAylA_000050/video.mp4,people finger snapping
video/LWmpo5mho0Q_000440/video.mp4,"playing marimba, xylophone"
video/-VevyIayGM0_000000/video.mp4,playing volleyball
video/GILXjY_tdME_000010/video.mp4,bird squawking
video/8tCBldr1gpc_000030/video.mp4,car engine knocking
video/YuU9VpAxb24_000003/video.mp4,people cheering
video/s87IYYmn1fQ_000060/video.mp4,playing saxophone
video/aSDoEYTHGUA_000030/video.mp4,"pigeon, dove cooing"
video/Ts04bBeY1d4_000030/video.mp4,playing acoustic guitar
video/Ckv52MHdAeg_000070/video.mp4,playing harpsichord
video/lcGYtyHeKR4_000055/video.mp4,wood thrush calling
video/tMN_lfBNsm0_000006/video.mp4,dinosaurs bellowing
video/lehPGCdtNmY_000030/video.mp4,baby laughter
video/LQsjgYb7i90_000051/video.mp4,sea waves
video/ArmIysvGUyk_000020/video.mp4,"vehicle horn, car horn, honking"
video/YoSAZzE9tMI_000030/video.mp4,"female speech, woman speaking"
video/TPeA5xENWIM_000065/video.mp4,cuckoo bird calling
video/9uj350nZ-D4_000000/video.mp4,zebra braying
video/YDhSHz_AO5E_000076/video.mp4,car engine idling
video/Y4Rul-qYAGQ_000400/video.mp4,playing french horn
video/s_cGx_GByNQ_000030/video.mp4,skidding
video/65riZ7_qANc_000083/video.mp4,francolin calling
video/emRK12scb7w_000068/video.mp4,gibbon howling
video/cdIvqn14xgI_000030/video.mp4,playing didgeridoo
video/GA5llS6bq5Y_000105/video.mp4,skiing
video/IC5x2ks6_ww_000164/video.mp4,car engine idling
video/jQK1Dv2ZbaY_000063/video.mp4,bouncing on trampoline
video/BiRPlINV5N4_000023/video.mp4,dog baying
video/n_cWAuLcUKQ_000043/video.mp4,people slapping
video/l7oD9WX-1CU_000010/video.mp4,people sobbing
video/cUzDGcBVrlE_000030/video.mp4,playing hammond organ
video/I0Rj_topRmI_000005/video.mp4,telephone bell ringing
video/ShSRKoE7hHc_000128/video.mp4,sharpen knife
video/TOEwQXeyNe8_000227/video.mp4,bull bellowing
video/S-pO6kU4sO0_000082/video.mp4,golf driving
video/PFBFrLt00GA_000030/video.mp4,driving buses
video/ZLtKerokcPg_000080/video.mp4,playing tabla
video/1F9zCsJyw6k_000230/video.mp4,police car (siren)
video/7t2HZLZ1PQs_000028/video.mp4,people clapping
video/JIjMPvlO00I_000182/video.mp4,wind noise
video/KqEIYizIYsc_000266/video.mp4,air conditioning noise
video/UYScnXPxERQ_000150/video.mp4,playing electronic organ
video/90q-9qr7-Qg_000075/video.mp4,chipmunk chirping
video/K3sMmfDzmyA_000010/video.mp4,people eating
video/O69Yy17L9pY_000001/video.mp4,playing lacrosse
video/yk1pg24IRVo_000004/video.mp4,alarm clock ringing
video/3mDPQ_CPopw_000030/video.mp4,"engine accelerating, revving, vroom"
video/u3lR-6BMyiQ_000278/video.mp4,car engine idling
video/mVOTFSEEJMw_000136/video.mp4,thunder
video/OZYy9dr0kGU_000023/video.mp4,chopping food
video/1GDAnA4hAqQ_000105/video.mp4,airplane
video/Qz-8mReB74w_000570/video.mp4,"pigeon, dove cooing"
video/PJUy17bXlhc_000040/video.mp4,"railroad car, train wagon"
video/MWE5Rjht178_000156/video.mp4,plastic bottle crushing
video/InjDI0taSEQ_000350/video.mp4,"bee, wasp, etc. buzzing"
video/FJNNtgukxUs_000053/video.mp4,opening or closing car doors
video/PlD_3nBXmdM_000090/video.mp4,stream burbling
video/ZNEEzZXROTo_000058/video.mp4,people cheering
video/WFV3FUlTzas_000061/video.mp4,missile launch
video/QD_0GX7J2IE_000050/video.mp4,waterfall burbling
video/HzXWXYxXyYA_000050/video.mp4,playing bass guitar
video/y0rbS-AJVc0_000338/video.mp4,scuba diving
video/Vk0K6WAPAB0_000029/video.mp4,airplane
video/EPJp93NxFGM_000070/video.mp4,swimming
video/Zfn6CE4-jww_000245/video.mp4,train whistling
video/E7lohOf6fKE_000205/video.mp4,squishing water
video/_GxCJCLKdCU_000209/video.mp4,cow lowing
video/QcgMZ27yDYU_000020/video.mp4,people booing
video/fwas0HLGbqM_000030/video.mp4,raining
video/GcqCHmHXEjo_000030/video.mp4,orchestra
video/pljrosvt-o8_000017/video.mp4,cat hissing
video/XWAiWgDsWlg_000050/video.mp4,playing trombone
video/Cg07QFTiJtI_000030/video.mp4,"bird chirping, tweeting"
video/hfhordJxh9Y_000030/video.mp4,sliding door
video/kCX1Kn-5C44_000050/video.mp4,cell phone buzzing
video/6xlLMbiEsIM_000030/video.mp4,owl hooting
video/-iF4a6f5PJ8_000060/video.mp4,pheasant crowing
video/c25HvZPRCsA_000330/video.mp4,playing harpsichord
video/XAgppw__ZD4_000064/video.mp4,playing congas
video/T7SjVkqAn8U_000028/video.mp4,striking bowling
video/AlPu_yxLT2g_000230/video.mp4,people coughing
video/ak7R0_8aKwI_000040/video.mp4,playing ukulele
video/ttJkInDP92Y_000000/video.mp4,fire crackling
video/-GLVzwHQwtw_000069/video.mp4,mosquito buzzing
video/MNN2LtdpPc0_000170/video.mp4,waterfall burbling
video/1fDGejVDAHU_000000/video.mp4,chainsawing trees
video/Jh1XJR68wZM_000280/video.mp4,playing bagpipes
video/ENQli94rpHM_000000/video.mp4,people crowd
video/izGLFfu3VAY_000026/video.mp4,playing flute
video/X4fHYJ74pV8_000021/video.mp4,cattle mooing
video/f2lVkHEwEgs_000150/video.mp4,eating with cutlery
video/O8DtnVJN_dY_000030/video.mp4,fire truck siren
video/tJTDa31Bw_k_000209/video.mp4,playing bongo
video/dBxAjOGP6os_000069/video.mp4,cuckoo bird calling
video/xQTPEQDb0Gg_000030/video.mp4,driving motorcycle
video/rUU-ScAcnW4_000030/video.mp4,playing hammond organ
video/HGE4FaX-Roc_000009/video.mp4,cat hissing
video/qNpHwvKBTsY_000166/video.mp4,writing on blackboard with chalk
video/0dUL0EweBEY_000423/video.mp4,plastic bottle crushing
video/3MxQpVo8ps4_000106/video.mp4,strike lighter
video/paCqw1LucVY_000005/video.mp4,playing tambourine
video/kUIG2LX3zqY_000040/video.mp4,"cattle, bovinae cowbell"
video/XnMokzAE5kk_000030/video.mp4,people shuffling
video/l_w8juMmu4k_000030/video.mp4,lighting firecrackers
video/r-uANPTedEA_000030/video.mp4,pig oinking
video/TWAHrAE69ic_000121/video.mp4,lip smacking
video/c_lsE2w0HQA_000006/video.mp4,smoke detector beeping
video/Pm6vRblouxc_000170/video.mp4,playing timpani
video/Ie8lI5HnSk4_000165/video.mp4,playing oboe
video/YQwQbYsgMLQ_000018/video.mp4,gibbon howling
video/Ota5gx9Axq8_000030/video.mp4,typing on typewriter
video/xJ7_wnTcdD0_000000/video.mp4,"electric shaver, electric razor shaving"
video/DZFP5hm7iKg_000195/video.mp4,playing djembe
video/QSaX7QfeWog_000030/video.mp4,playing mandolin
video/kFZhc_d-2V4_000370/video.mp4,lighting firecrackers
video/7OpYEh7weVM_000000/video.mp4,lions roaring
video/SX07l57Ylmc_000031/video.mp4,gibbon howling
video/m0ZXviXIW4U_000114/video.mp4,tornado roaring
video/magdHwtSIjY_000031/video.mp4,missile launch
video/7PEL4NrU1Jk_000023/video.mp4,cattle mooing
video/8eFIwBWxrxU_000075/video.mp4,bathroom ventilation fan running
video/b6silFrtOJQ_000030/video.mp4,car engine knocking
video/spPxCn3I4V8_000030/video.mp4,playing accordion
video/GG6XkHATIyw_000090/video.mp4,playing bass guitar
video/NynrI4Tm9zo_000052/video.mp4,playing timbales
video/SUu1E8uOGR4_000028/video.mp4,canary calling
video/DvOA0K-DIFM_000030/video.mp4,tapping guitar
video/534-Tg2cSto_000030/video.mp4,child singing
video/-ct58kOlLfs_000030/video.mp4,"motorboat, speedboat acceleration"
video/8nVK-2QYw9o_000100/video.mp4,"child speech, kid speaking"
video/Q6pnggPsxDw_000070/video.mp4,"ice cream truck, ice cream van"
video/6Cnvft_h2M0_000055/video.mp4,slot machine
video/HqHNS2jKgu8_000115/video.mp4,cat hissing
video/03Q2SbeP_cw_000030/video.mp4,ambulance siren
video/Onbb3eEOuGQ_000010/video.mp4,lions roaring
video/hrIkCmJV96M_000007/video.mp4,playing shofar
video/2U5f3uTl7qg_000167/video.mp4,playing tambourine
video/yhHrykiPP-s_000288/video.mp4,underwater bubbling
video/9XfmOHbHniE_000018/video.mp4,snake rattling
video/3K3CM6EtpNM_000022/video.mp4,chinchilla barking
video/7h4P7aVNY4s_000260/video.mp4,playing trombone
video/Fy0aCDmgnxg_000540/video.mp4,playing vibraphone
video/I1fcUe9MoMw_000120/video.mp4,playing ukulele
video/od5QuiFX8P4_000046/video.mp4,magpie calling
video/Ysrlv2UlG8A_000030/video.mp4,playing synthesizer
video/5bLzJ_iMl4s_000030/video.mp4,cat purring
video/cHm1cYBAXMI_000030/video.mp4,ambulance siren
video/1Uj_ulATth0_000360/video.mp4,"bird chirping, tweeting"
video/BMAruFZo5NM_000067/video.mp4,playing bugle
video/lFM2QsQb6nA_000010/video.mp4,playing cymbal
video/se62EZurO8Q_000070/video.mp4,lawn mowing
video/fw8zeOi0DiA_000137/video.mp4,parrot talking
video/2ynzj7tMUVI_000032/video.mp4,francolin calling
video/nLjl6I4astk_000717/video.mp4,people marching
video/LUg8N2STi2k_000540/video.mp4,playing theremin
video/Tr7PDdzq40o_000180/video.mp4,playing harpsichord
video/w_mRCETV-aU_000004/video.mp4,playing tennis
video/MLMRHScRnhs_000042/video.mp4,gibbon howling
video/iBf5GMj_o5w_000349/video.mp4,plastic bottle crushing
video/2sXQeWPD5z4_000054/video.mp4,warbler chirping
video/AiHq9qStg00_000042/video.mp4,people marching
video/MhKSI8ggZ7Y_000030/video.mp4,skidding
video/dP2M0N8a-64_000250/video.mp4,cap gun shooting
video/SLajIWg3BY8_000094/video.mp4,chopping food
video/A_oaLt-n4fQ_000220/video.mp4,"playing violin, fiddle"
video/oSeytBzkBuA_000030/video.mp4,people eating
video/Z5QU8D9hhQA_000010/video.mp4,footsteps on snow
video/G4YJUKofIHk_000005/video.mp4,cupboard opening or closing
video/Yuk_EEY8SUM_000030/video.mp4,tapping guitar
video/-3rHVsIj1M8_000030/video.mp4,wind noise
video/GkRcctMRKUc_000100/video.mp4,playing guiro
video/4TgXgwVndiw_000160/video.mp4,"child speech, kid speaking"
video/2CidaVnd60g_000000/video.mp4,playing cymbal
video/aCUZuMblJPg_000080/video.mp4,playing electric guitar
video/dvR0Km6r2KI_000380/video.mp4,"bee, wasp, etc. buzzing"
video/EGjwVJLLsfQ_000002/video.mp4,black capped chickadee calling
video/WOoi5Sr2ux0_000021/video.mp4,underwater bubbling
video/bp-XBkdA4rM_000385/video.mp4,people marching
video/kYvoPTLXwwE_000000/video.mp4,sliding door
video/VmoG9nSADn8_000030/video.mp4,helicopter
video/E5GF74D6Ylc_000043/video.mp4,playing tambourine
video/aFKE_xiCSLY_000099/video.mp4,playing bassoon
video/2laUv3y7OfA_000030/video.mp4,playing harpsichord
video/D6shA0yJ8W4_000072/video.mp4,"fly, housefly buzzing"
video/jas53wmLSNU_000188/video.mp4,arc welding
video/dm5DJNfGJTs_000122/video.mp4,playing djembe
video/R1Tzk_uQGJ8_000304/video.mp4,yodelling
video/1MaEJRh2oGY_000034/video.mp4,cheetah chirrup
video/vdh5LqgvSLU_000037/video.mp4,penguins braying
video/ojLv2Ji6cJQ_000030/video.mp4,dog barking
video/aZ2SllViDNM_000165/video.mp4,disc scratching
video/5r50jgzzMAY_000021/video.mp4,bouncing on trampoline
video/FS9uRzU3-v0_000057/video.mp4,disc scratching
video/7V0G65FK2VQ_000000/video.mp4,tapping guitar
video/0f0Rq7e5yX8_000160/video.mp4,sloshing water
video/OzMvtTlUwzM_000133/video.mp4,playing glockenspiel
video/9PmzQI8ZYpg_000030/video.mp4,using sewing machines
video/OHgO4UtGEtY_000104/video.mp4,cutting hair with electric trimmers
video/sbZ5Ls141fg_000030/video.mp4,baby laughter
video/3T4D_CQRNyM_000037/video.mp4,beat boxing
video/aUG81LArlcM_000049/video.mp4,baltimore oriole calling
video/KdPjKD7F1-Y_000390/video.mp4,people running
video/McCDWYgVyps_000030/video.mp4,playing trumpet
video/uOwKP7vCiJA_000025/video.mp4,spraying water
video/p0bnx3wUloA_000194/video.mp4,playing badminton
video/Kcv4qtxnA0Y_000192/video.mp4,arc welding
video/FsO5303dhUc_000072/video.mp4,sheep bleating
video/PMlDxwK0ZoI_000190/video.mp4,people belly laughing
video/wG1EGAx0rRY_000033/video.mp4,metronome
video/ss8q2-6yhxA_000030/video.mp4,baby crying
video/r6yGS_yQmj4_000030/video.mp4,playing theremin
video/LZRj04MWEo8_000002/video.mp4,pheasant crowing
video/P0iX1OyXMa0_000030/video.mp4,singing choir
video/OqjRuWUFQy8_000140/video.mp4,"railroad car, train wagon"
video/5Y86GNKYKbg_000030/video.mp4,goose honking
video/NDkg1d91Yq0_000206/video.mp4,roller coaster running
video/uR0W234PpW4_000017/video.mp4,owl hooting
video/44Wc6OPLcIU_000000/video.mp4,coyote howling
video/9-rrXPvMbro_000076/video.mp4,playing bassoon
video/VSqtCFd5120_000029/video.mp4,"heart sounds, heartbeat"
video/3AwevAQzwcs_000030/video.mp4,cat meowing
video/Kc1yfZngUms_000009/video.mp4,child singing
video/3ogvpIfTlhY_000029/video.mp4,hail
video/qEJ_jxZzt7k_000030/video.mp4,tapping guitar
video/Kwj9hb-2We0_000030/video.mp4,"rowboat, canoe, kayak rowing"
video/Vsl9vfhmbN8_000030/video.mp4,orchestra
video/SAcTgna3oOY_000003/video.mp4,dog baying
video/CwHSb1NOi4c_000030/video.mp4,playing vibraphone
video/HAEoz3VbaP8_000000/video.mp4,playing ukulele
video/hRdkmwuv13s_000220/video.mp4,fire truck siren
video/nVAuOCnzv08_000030/video.mp4,cat purring
video/6mEVsmeDknA_000030/video.mp4,dog howling
video/FHgtLE-TzQ4_000030/video.mp4,singing bowl
video/Wg2l9hxzqH4_000301/video.mp4,dinosaurs bellowing
video/s4PCAzr_fdY_000046/video.mp4,golf driving
video/dweVBqei9LA_000160/video.mp4,vacuum cleaner cleaning floors
video/OwUXsddhkqA_000362/video.mp4,playing bass drum
video/2IEoe3YvCJo_000020/video.mp4,cat caterwauling
video/rtTPwl-kz6k_000382/video.mp4,striking pool
video/uLX_TWyRO4o_000013/video.mp4,sea lion barking
video/T0FNLDWBlSU_000081/video.mp4,sharpen knife
video/xVOO1rp-yuk_000128/video.mp4,planing timber
video/1cwReJkXLVo_000505/video.mp4,"race car, auto racing"
video/1DJYkemV_0I_000101/video.mp4,strike lighter
video/vG1VlFJZVbA_000000/video.mp4,fireworks banging
video/vh8Uh1zTLQw_000058/video.mp4,bull bellowing
video/i3zayf6Hiog_000030/video.mp4,playing timpani
video/Bg7_qkxGkAA_000020/video.mp4,woodpecker pecking tree
video/oNp2zzKIhgk_000029/video.mp4,hedge trimmer running
video/E3KhunKjg9s_000181/video.mp4,playing guiro
video/tYEIYOHYtso_000000/video.mp4,people hiccup
video/iya-ib62ETE_000023/video.mp4,bathroom ventilation fan running
video/PUwNDssbDXw_000000/video.mp4,toilet flushing
video/3qesirWAGt4_000020/video.mp4,dog barking
video/t3-n6Edtbuw_000047/video.mp4,striking bowling
video/qSUVhFFUB-Q_000320/video.mp4,helicopter
video/-4bPiXbovf0_000008/video.mp4,air conditioning noise
video/ZBk-DylU4Ac_000013/video.mp4,"ice cream truck, ice cream van"
video/7sYsxcdTcXY_000056/video.mp4,playing glockenspiel
video/ZVLfLLSbG5A_000107/video.mp4,cutting hair with electric trimmers
video/hkAmMR-HE2Y_000074/video.mp4,penguins braying
video/IClqeKMGVdQ_000058/video.mp4,slot machine
video/K-PitCewkDg_000080/video.mp4,cheetah chirrup
video/O0sDg-yLvlE_000030/video.mp4,playing mandolin
video/z389mL8hJQk_000012/video.mp4,metronome
video/V8tcqAyPSYw_000064/video.mp4,missile launch
video/lkW0eB8bSrk_000030/video.mp4,door slamming
video/TZl2cGkWZL4_000030/video.mp4,dog bow-wow
video/EqpfVJpHMD8_000390/video.mp4,playing cello
video/D5Zi0Mfo0Ts_000048/video.mp4,electric grinder grinding
video/Aja7pKNUbY4_000030/video.mp4,"railroad car, train wagon"
video/eFzyxoc1w1g_000010/video.mp4,bird squawking
video/d_3P7vuZwUY_000190/video.mp4,eating with cutlery
video/RzGho0_J5lM_000060/video.mp4,cap gun shooting
video/lbnENIVqZk0_000207/video.mp4,woodpecker pecking tree
video/-AMsYmKRnWE_000008/video.mp4,wood thrush calling
video/ZUp2sBZvw5Q_000082/video.mp4,train wheels squealing
video/_P96ibCmCt0_000140/video.mp4,typing on typewriter
video/C9f_yqkzqac_000510/video.mp4,typing on computer keyboard
video/3GtKbvwaycY_000037/video.mp4,playing bassoon
video/ZKocFGL8LIE_000000/video.mp4,thunder
video/-b42018ceoE_000078/video.mp4,striking pool
video/c_PsOVPaW4w_000001/video.mp4,"donkey, ass braying"
video/3posAjJWEi4_000400/video.mp4,splashing water
video/N7Ujd7RDg9g_000043/video.mp4,cat caterwauling
video/F0CgRLr_pTI_000003/video.mp4,wind chime
video/S6R2DpF6zzM_000018/video.mp4,baltimore oriole calling
video/InYayQanY_E_000286/video.mp4,footsteps on snow
video/Q8krGIiCBBQ_000050/video.mp4,airplane
video/6Yu8mOyBtGk_000280/video.mp4,people sobbing
video/1J_j6c2uQaM_000030/video.mp4,thunder
video/cbUYhlymUfc_000020/video.mp4,dog whimpering
video/fCx7XGkuLfk_000030/video.mp4,crow cawing
video/JAShuewafAc_000051/video.mp4,spraying water
video/KXVWbk9RRRs_000030/video.mp4,playing steelpan
video/VHUZvGxQbFA_000000/video.mp4,typing on computer keyboard
video/OSF1I8bdQCw_000045/video.mp4,people battle cry
video/EZwY3i6XFaY_000118/video.mp4,playing badminton
video/NWzLu1xRyK4_000000/video.mp4,thunder
video/0D8KognM4uY_000282/video.mp4,playing hockey
video/QXSNf9K-YZw_000094/video.mp4,wind chime
video/O1jGNd4Deys_000050/video.mp4,"vehicle horn, car horn, honking"
video/WuQ9Oe0rlBM_000074/video.mp4,volcano explosion
video/FWLkyzlJBP8_000170/video.mp4,church bell ringing
video/KT85P9vU2GE_000138/video.mp4,foghorn
video/h1HgO5pza24_000130/video.mp4,orchestra
video/sH9j4mHGGkQ_000120/video.mp4,"playing violin, fiddle"
video/e8OMvCTmsX0_000363/video.mp4,playing tympani
video/vbd491cweJ0_000866/video.mp4,ripping paper
video/7_szvK1eHfw_000354/video.mp4,snake rattling
video/GESrnHr-SjU_000021/video.mp4,owl hooting
video/BR_GZnsBJT4_000045/video.mp4,bull bellowing
video/mOPJRy2Nv_o_000134/video.mp4,tractor digging
video/ZlcjYfd0rYM_000012/video.mp4,playing bass drum
video/b4oj2GJcz14_000007/video.mp4,chipmunk chirping
video/qJqlad8lMJ0_000040/video.mp4,telephone bell ringing
video/jNr33exAsGg_000051/video.mp4,cuckoo bird calling
video/iFgbO8LRJfo_000365/video.mp4,playing castanets
video/ulQVPou-bTw_000003/video.mp4,penguins braying
video/HIn8Gt_bc5Y_000030/video.mp4,"pigeon, dove cooing"
video/NL6-qhbJ3c8_000049/video.mp4,warbler chirping
video/3oF5wexQq_Q_000070/video.mp4,people hiccup
video/ZZ_rDlqB9YM_000207/video.mp4,firing muskets
video/HZRJxOXw2os_000207/video.mp4,people marching
video/HvYcAAf_0NY_000008/video.mp4,striking pool
video/W2nlA65AwtU_000390/video.mp4,playing synthesizer
video/azLQkZq8jO8_000076/video.mp4,black capped chickadee calling
video/wurA98TaEr4_000031/video.mp4,airplane flyby
video/SaUx9CZGCzU_000039/video.mp4,parrot talking
video/_Y72X_nfo78_000013/video.mp4,people booing
video/3T3hm1hHCto_000228/video.mp4,snake rattling
video/OzMAwy8qSEo_000030/video.mp4,people sobbing
video/CScQCxNACyc_000130/video.mp4,chicken crowing
video/-wnDAPcoPsk_000030/video.mp4,playing hammond organ
video/EOKUV6hgMhM_000122/video.mp4,helicopter
video/8m1ketVhQCM_000078/video.mp4,civil defense siren
video/9THW8yB2ElE_000047/video.mp4,air horn
video/4t-WdXW3rYs_000200/video.mp4,goose honking
video/J9PJI1UwIQ4_000030/video.mp4,playing synthesizer
video/QJEw9jknWlw_000050/video.mp4,bird wings flapping
video/res8Qtx-MHE_000020/video.mp4,lawn mowing
video/6LzV-87QZ_8_000030/video.mp4,people eating
video/1-feQHDL-Qo_000030/video.mp4,waterfall burbling
video/B8prYj0sbgw_000014/video.mp4,air horn
video/XjSsteOf2XE_000092/video.mp4,ferret dooking
video/DGS6j6k14ak_000105/video.mp4,popping popcorn
video/u-__x3dDLSs_000047/video.mp4,chicken clucking
video/LC4vDpnkDtM_000100/video.mp4,bull bellowing
video/AmAThmRphk0_000030/video.mp4,playing banjo
video/7aH7hzYNY58_000035/video.mp4,zebra braying
video/JsxLvhJ4P6w_000000/video.mp4,chicken crowing
video/ldVtte9jK-s_000030/video.mp4,firing cannon
video/TB-SQhg1z9A_000030/video.mp4,ocean burbling
video/EBEXWRdUZB8_000024/video.mp4,playing double bass
video/_E3-DzuWPs4_000132/video.mp4,playing lacrosse
video/L76AuckUoe8_000006/video.mp4,disc scratching
video/nJSmEj97SII_000691/video.mp4,hammering nails
video/cagBxHqLuKA_000011/video.mp4,playing trumpet
video/DycrcjPtw4M_000021/video.mp4,playing tuning fork
video/u6tEkAjSBQg_000000/video.mp4,playing zither
video/BAB0GEhXnJ8_000200/video.mp4,ice cracking
video/iJEwzTBgIgY_000008/video.mp4,penguins braying
video/OgSyPzydMxk_000020/video.mp4,people hiccup
video/lnZakZnnpMo_000080/video.mp4,people finger snapping
video/X7qlkk5u2Bk_000041/video.mp4,underwater bubbling
video/X56iQAG3saE_000304/video.mp4,playing timbales
video/guD3o7aspko_000030/video.mp4,people sniggering
video/Zc7DmNELxM8_000524/video.mp4,spraying water
video/ip6sz3xorFo_000010/video.mp4,people farting
video/IwqD859w2_E_000030/video.mp4,playing acoustic guitar
video/X2IUVELRuzs_000110/video.mp4,"male speech, man speaking"
video/6aP4Z2cm3a8_000090/video.mp4,firing muskets
video/2D7jgszuoKA_000492/video.mp4,otter growling
video/eyFBIA_HOmE_000030/video.mp4,"playing steel guitar, slide guitar"
video/Abezh6k-jOM_000030/video.mp4,car engine knocking
video/2YXcqoFlYFY_000160/video.mp4,fireworks banging
video/KeKNhZElHtg_000560/video.mp4,mouse clicking
video/0bBJkY4_zs8_000033/video.mp4,elk bugling
video/gVDOQ2ke0bQ_000174/video.mp4,barn swallow calling
video/lUi8jSCoNt4_000030/video.mp4,lions roaring
video/nou1eQNbW30_000002/video.mp4,parrot talking
video/ZiojkSDIjTs_000310/video.mp4,people whistling
video/XrfU6TmEXuA_000115/video.mp4,francolin calling
video/doAZt2wBHI4_000012/video.mp4,cat purring
video/rfnyfe1ALGQ_000013/video.mp4,bull bellowing
video/2drXOn18U3Q_000136/video.mp4,slot machine
video/3_OLj6XChvM_000030/video.mp4,car engine starting
video/KdxSaA69fm8_000030/video.mp4,singing choir
video/c5D90N1qrD0_000030/video.mp4,playing didgeridoo
video/3hIqesIVX-c_000025/video.mp4,church bell ringing
video/3dNiqeUQIq4_000408/video.mp4,playing table tennis
video/-P2cxvGQUvk_000235/video.mp4,shot football
video/5ReHcREc2YY_000114/video.mp4,hedge trimmer running
video/Al5Ks0PnV0w_000049/video.mp4,shot football
video/_sQ3jyZ2MnI_000000/video.mp4,car engine starting
video/PZLsTEMIuW4_000002/video.mp4,"donkey, ass braying"
video/aJoauH7KaGw_000175/video.mp4,playing shofar
video/WJIrkvEq4EI_000030/video.mp4,mouse squeaking
video/_LJHwDw5BEk_000059/video.mp4,roller coaster running
video/Bz-9hAyxlVU_000026/video.mp4,warbler chirping
video/9ezA12O_aOE_000170/video.mp4,fire truck siren
video/MCzczL9r3jo_000110/video.mp4,mosquito buzzing
video/6iNLmtQmy3Y_000030/video.mp4,"engine accelerating, revving, vroom"
video/ALxn5-2bVyI_000030/video.mp4,skateboarding
video/Hsi3ikgXe_s_000209/video.mp4,underwater bubbling
video/DU3zRwIMISQ_000030/video.mp4,black capped chickadee calling
video/r4-n0MzzWUc_000030/video.mp4,typing on typewriter
video/GK9b04Q2X90_000018/video.mp4,alarm clock ringing
video/rJn8Ir3YN0g_000112/video.mp4,people eating noodle
video/U8gvbrL-5DU_000315/video.mp4,airplane
video/wFOgHXUWFFM_000007/video.mp4,playing tuning fork
video/jHSWbKDx1Ms_000030/video.mp4,basketball bounce
video/UsWjp6XSz5g_000030/video.mp4,people burping
video/Wzq2BcjYd_A_000304/video.mp4,skiing
video/GXRooshOGuc_000030/video.mp4,playing banjo
video/zey5f-NjbtE_000002/video.mp4,people giggling
video/J6iYFxXuHrI_000654/video.mp4,disc scratching
video/TRdXzmVfBCU_000180/video.mp4,playing cymbal
video/qiuxNtWXrZI_000030/video.mp4,playing saxophone
video/eGINdu-eQaI_000000/video.mp4,snake hissing
video/0eA2QcSRgh0_000063/video.mp4,dog baying
video/1_0T2ZIjWnw_000031/video.mp4,"playing violin, fiddle"
video/YnL6TJ_t068_000030/video.mp4,playing snare drum
video/NBEjt0DMzmQ_000190/video.mp4,smoke detector beeping
video/pP0fJ64QFHE_000430/video.mp4,people sobbing
video/cZBUN4-Vu2g_000231/video.mp4,chipmunk chirping
video/VUeoWEgUMrg_000016/video.mp4,"bee, wasp, etc. buzzing"
video/I7t4FclogbI_000018/video.mp4,baltimore oriole calling
video/rcnaWIJ2QOw_000010/video.mp4,"vehicle horn, car horn, honking"
video/Zoq9CxiFhDA_000025/video.mp4,playing congas
video/bSUGa1r7Vpo_000125/video.mp4,people eating apple
video/6psjy93yoTA_000030/video.mp4,cat caterwauling
video/pPk9HpXZLj8_000030/video.mp4,baby babbling
video/V23UiMHeJF4_000000/video.mp4,vacuum cleaner cleaning floors
video/hSAgDYarzOs_000060/video.mp4,helicopter
video/-t-htrAtNvM_000030/video.mp4,reversing beeps
video/B-NEPHPyr_Y_000129/video.mp4,penguins braying
video/yP4p5P3h8ag_000213/video.mp4,yodelling
video/-D64b_8YJK4_000046/video.mp4,barn swallow calling
video/YTQORsSRTEc_000300/video.mp4,driving motorcycle
video/169a2JSphHA_000269/video.mp4,playing double bass
video/pNe78oBtedY_000047/video.mp4,cell phone buzzing
video/HkslzNWjCWk_000314/video.mp4,hedge trimmer running
video/DoOWPaSuumI_000458/video.mp4,footsteps on snow
video/eOwKvuuMl74_000103/video.mp4,people cheering
video/XYLYSGfujKw_000030/video.mp4,firing cannon
video/gPw-sP3px30_000208/video.mp4,wind chime
video/D-p9s8y2z_U_000000/video.mp4,playing acoustic guitar
video/kWh2ty55r_E_000580/video.mp4,church bell ringing
video/GCo2uCLXvhk_000030/video.mp4,"bee, wasp, etc. buzzing"
video/uyElGwaWFnI_000017/video.mp4,dog whimpering
video/qDVhMmYHUAY_000010/video.mp4,playing ukulele
video/r9lsNndMDIU_000148/video.mp4,playing washboard
video/8XJaTBqc2Kc_000110/video.mp4,using sewing machines
video/4JOgMI5PEHo_000110/video.mp4,"bee, wasp, etc. buzzing"
video/hTxXqAik2UU_000003/video.mp4,coyote howling
video/zvKOi8N1_Dg_000122/video.mp4,popping popcorn
video/Batuxqz85WA_000030/video.mp4,horse neighing
video/c-_S5Tt-gbw_000490/video.mp4,typing on typewriter
video/NY1zBHjxxc4_000140/video.mp4,"cattle, bovinae cowbell"
video/pmTVoCl7GB8_000002/video.mp4,people humming
video/ooi_oagj_j8_000043/video.mp4,tap dancing
video/7eMnBLUs7kg_000126/video.mp4,warbler chirping
video/5HJyxDp0nLo_000006/video.mp4,lions growling
video/uxy0ovI6cNU_000220/video.mp4,sailing
video/8m-a_6wLTkU_000230/video.mp4,skateboarding
video/HhsGpNE4abY_000300/video.mp4,playing hammond organ
video/Nh0zABnSK6E_000017/video.mp4,bird wings flapping
video/Zt8x7tvP9Qs_000030/video.mp4,rapping
video/Vuhp5vv5hoU_000360/video.mp4,playing snare drum
video/zh4tznWde1M_000330/video.mp4,cat purring
video/1UNk699Uqto_000030/video.mp4,goose honking
video/QK-mjNg8cPo_000050/video.mp4,playing banjo
video/5-FHy1Q61n8_000114/video.mp4,dog baying
video/OA-CIwRw6Qk_000030/video.mp4,playing french horn
video/ubbAzu_sCS4_000000/video.mp4,striking pool
video/8F8RrwXoa68_000028/video.mp4,missile launch
video/-fTfRh0_RQ4_000030/video.mp4,car passing by
video/NE_DQerjrVU_000020/video.mp4,playing hammond organ
video/SY0xg2MmmYw_000042/video.mp4,metronome
video/-W3WpZvJX2o_000027/video.mp4,bathroom ventilation fan running
video/Bch9D2rDK1w_000071/video.mp4,swimming
video/cP6CiaQSYxE_000023/video.mp4,driving snowmobile
video/5wIK1otb-2E_000147/video.mp4,playing tennis
video/ihnW25xmMWI_000160/video.mp4,playing timpani
video/10hGfv89L3g_000030/video.mp4,car passing by
video/4Tcahn7PwQU_000280/video.mp4,playing hammond organ
video/VN4AS5J25os_000040/video.mp4,playing hammond organ
video/ueki62069vg_000011/video.mp4,golf driving
video/G7szS53-WZk_000022/video.mp4,strike lighter
video/hkzmDTt9aWE_000340/video.mp4,people farting
video/OcdrbkDm2LQ_000030/video.mp4,playing steelpan
video/JebRsHS1xic_000144/video.mp4,playing bassoon
video/B6zw6kvaM_c_000030/video.mp4,playing clarinet
video/QSCQG99jmnI_000003/video.mp4,yodelling
video/GZFzwZiomoI_000010/video.mp4,wind chime
video/FFSWmryaZ60_000030/video.mp4,"engine accelerating, revving, vroom"
video/j3Q8iRl4O6s_000140/video.mp4,playing accordion
video/Njo2p0dLC6U_000030/video.mp4,people shuffling
video/XPxukUQmF00_000030/video.mp4,crow cawing
video/CMWoAvgD0A0_000009/video.mp4,people screaming
video/Hdrn_jN8goA_000363/video.mp4,police radio chatter
video/cwzG9KvA--Y_000006/video.mp4,air conditioning noise
video/uby2dcP6cmw_000026/video.mp4,playing tennis
video/xJq5BhrKS4A_000007/video.mp4,fireworks banging
video/hPUhu0HEkBU_000269/video.mp4,playing tympani
video/LTaOEqQn2q8_000127/video.mp4,people gargling
video/Gw0KmZ3kbjs_000030/video.mp4,playing synthesizer
video/YhIrgcaaXS8_000280/video.mp4,playing french horn
video/9tDqkjQLtNM_000096/video.mp4,train wheels squealing
video/Peqq_BKhXHA_000102/video.mp4,golf driving
video/Vh9sA7U71qY_000030/video.mp4,people whispering
video/cY27F0cqnSU_000230/video.mp4,dog whimpering
video/zE6BVRSQNZU_000050/video.mp4,cat purring
video/grwLuzfleWw_000052/video.mp4,striking pool
video/IckvLvmXEBk_000330/video.mp4,"motorboat, speedboat acceleration"
video/F30DQqc-MgM_000070/video.mp4,baltimore oriole calling
video/uOpAbMljiA0_000042/video.mp4,roller coaster running
video/nMOlAg-Kjf8_000017/video.mp4,playing trombone
video/K8On7nUJuP8_000030/video.mp4,baby crying
video/KM-k9Ozvuec_000291/video.mp4,people eating apple
video/jUJNETNCxh0_000030/video.mp4,playing timpani
video/D9qpDjafWRM_000030/video.mp4,playing flute
video/L4Z7XkS6CtA_000030/video.mp4,skateboarding
video/HALbfdYE3hM_000215/video.mp4,playing oboe
video/HDWZu2roOgU_000032/video.mp4,people giggling
video/XR7vOriQ9VY_000194/video.mp4,airplane
video/4xWlOt4GOzs_000203/video.mp4,bull bellowing
video/G2Ko0bwzbVs_001549/video.mp4,playing lacrosse
video/JRIKh0r_We8_000098/video.mp4,playing congas
video/JkeCq47R1Mw_000009/video.mp4,hammering nails
video/c5OHWKb2Z8E_000167/video.mp4,car engine starting
video/aqhhfkXKJ1o_000010/video.mp4,playing electric guitar
video/jrXzvQLuC-c_000000/video.mp4,underwater bubbling
video/NNlWhUTKqI0_000030/video.mp4,singing choir
video/sdJgpGJBQcI_000560/video.mp4,goat bleating
video/a4BjqKd8FsI_000160/video.mp4,playing vibraphone
video/SrLhnoBMyWM_000000/video.mp4,people burping
video/IEJGDoi_QwI_000032/video.mp4,ferret dooking
video/OnRh-5IRG3A_000000/video.mp4,machine gun shooting
video/EvIZC-vFO60_000141/video.mp4,playing volleyball
video/9MiKmOtYGgE_000510/video.mp4,people running
video/MVM5RlkTh6E_000030/video.mp4,ambulance siren
video/H7hvpCMoScQ_000030/video.mp4,dog barking
video/-Y8sJDoL1YA_000015/video.mp4,playing gong
video/aj8uvaCqH4U_000000/video.mp4,wood thrush calling
video/iEzcdCLsiwU_000250/video.mp4,playing gong
video/NMSJHtmQLQM_000030/video.mp4,basketball bounce
video/QLEBKY7baBg_000030/video.mp4,goat bleating
video/r3h6brMAl5w_000239/video.mp4,popping popcorn
video/cpUEWtVa8PQ_000045/video.mp4,beat boxing
video/TFX_Lhq3QWM_000018/video.mp4,children shouting
video/B90BOtSOD2Q_000410/video.mp4,female singing
video/lO7WoIty5h8_000195/video.mp4,"electric shaver, electric razor shaving"
video/-1BtY81-D54_000130/video.mp4,people battle cry
video/UFT9k3oraWE_000060/video.mp4,tapping guitar
video/Gc0A0h1Wj-I_000560/video.mp4,playing tabla
video/GTo5BqlFIZk_000007/video.mp4,airplane flyby
video/tgotVTkTSwo_000052/video.mp4,playing erhu
video/L4L0qHVVABs_000015/video.mp4,barn swallow calling
video/qA1XfVDXoMc_000295/video.mp4,popping popcorn
video/O3HG59u1yek_000030/video.mp4,people sobbing
video/oq5O-cdiQbY_000000/video.mp4,playing tuning fork
video/IZFXnHlsITs_000114/video.mp4,foghorn
video/4Wpbc5bL4ws_000068/video.mp4,eletric blender running
video/b9QbvDDoPsU_000160/video.mp4,playing saxophone
video/h_hwxcgSr3g_000031/video.mp4,"donkey, ass braying"
video/0Cu33yBwAPg_000060/video.mp4,church bell ringing
video/z8Wjdss5uMg_000010/video.mp4,playing piano
video/teat8XuzuU4_000000/video.mp4,cricket chirping
video/luSAuu-BoPs_000232/video.mp4,squishing water
video/hBTte9j8Xrk_000136/video.mp4,squishing water
video/Y-lM1dxW5nM_000460/video.mp4,"playing marimba, xylophone"
video/CQGQV-JxPoI_000030/video.mp4,cat meowing
video/39jhSrtRm70_000110/video.mp4,playing timbales
video/1YWeSXAXwQE_000030/video.mp4,people burping
video/e_5zLs-7iuc_000051/video.mp4,playing oboe
video/M0YbiT8Z7d4_000204/video.mp4,playing erhu
video/H49z-gNd_08_000000/video.mp4,playing volleyball
video/uC505J2Zf3o_000044/video.mp4,cell phone buzzing
video/97plxBxUju4_000010/video.mp4,playing clarinet
video/Iw4CEwT1wI8_000011/video.mp4,plastic bottle crushing
video/N8fI8HDoUGM_000118/video.mp4,people eating crisps
video/fvhbI-7e89s_000010/video.mp4,people burping
video/AF7sah5a_DE_000030/video.mp4,"playing steel guitar, slide guitar"
video/w5ROR0xBAco_000113/video.mp4,playing castanets
video/RkiI50RVXOk_000166/video.mp4,cutting hair with electric trimmers
video/KNU7Ry8zjTI_000030/video.mp4,people burping
video/_JgY3UNXvVI_000030/video.mp4,people whispering
video/K8yPsF_C8V0_000070/video.mp4,splashing water
video/A58nnmnhfUo_000001/video.mp4,chicken crowing
video/Z3cu8suJKkI_000723/video.mp4,sea waves
video/D0L-M4trkpw_000210/video.mp4,playing electric guitar
video/gZ4u6eUJxV4_000371/video.mp4,"electric shaver, electric razor shaving"
video/_X69MdLl5rU_000176/video.mp4,dog bow-wow
video/5LvUzlaQzok_000230/video.mp4,people screaming
video/Zpy_FG4-CcU_000065/video.mp4,disc scratching
video/dY1Qd53MF4I_000310/video.mp4,"bee, wasp, etc. buzzing"
video/rDY0vs8WQnU_000000/video.mp4,pheasant crowing
video/ioQdfK6Ae9k_000000/video.mp4,playing djembe
video/VFT28TnDQ5g_000030/video.mp4,"rowboat, canoe, kayak rowing"
video/CYZTjXQMiV8_000570/video.mp4,bird wings flapping
video/IKDGba7vsOA_000044/video.mp4,baby laughter
video/rysr8w7aTuQ_000000/video.mp4,cap gun shooting
video/P8Uwpp00DBk_000067/video.mp4,pheasant crowing
video/ia4BQR23r4I_000250/video.mp4,pumping water
video/_IkLUOsNHAA_000000/video.mp4,playing timpani
video/upX4cNt_Reo_000010/video.mp4,cat purring
video/naOF_vNjzxU_000024/video.mp4,people eating noodle
video/ch95AXuMsM0_000001/video.mp4,people nose blowing
video/-Zl_ZkDmZHE_000000/video.mp4,playing castanets
video/1y-PYHnpvZs_000038/video.mp4,ferret dooking
video/9kFZhnbKUXo_000030/video.mp4,people belly laughing
video/X96v9LlsjJM_000030/video.mp4,people clapping
video/rHNA6TjjhDg_000123/video.mp4,ice cracking
video/Kv7V-psca4I_000374/video.mp4,male singing
video/DRSs6q_sTr4_000000/video.mp4,bird squawking
video/hyCUZWKWGR4_000030/video.mp4,playing banjo
video/C1GNgdVq2Tk_000020/video.mp4,"cattle, bovinae cowbell"
video/4X2aUZFZlzc_000030/video.mp4,people shuffling
video/RliBuXFTL-o_000036/video.mp4,electric grinder grinding
video/oyFmwQmDXmM_000114/video.mp4,bowling impact
video/rnWPIQBf54c_000030/video.mp4,"cattle, bovinae cowbell"
video/meLyeGrTL1I_000049/video.mp4,scuba diving
video/D1VQAb8CfWM_000008/video.mp4,cat hissing
video/AkAdDFHQars_000030/video.mp4,fire truck siren
video/hmD1w6133Og_000110/video.mp4,machine gun shooting
video/8oEdgb8iXYA_000001/video.mp4,driving buses
video/ia8IrM5BKBU_000176/video.mp4,disc scratching
video/xRAj37jqdT0_000082/video.mp4,hammering nails
video/26dqZUTv5os_000175/video.mp4,forging swords
video/ztlvu_7eQIE_000164/video.mp4,electric grinder grinding
video/cX07OqOBwK8_000030/video.mp4,duck quacking
video/_pquL-kF_FM_000229/video.mp4,people cheering
video/YbLR6dgY-K4_000030/video.mp4,playing banjo
video/55ISUhExonc_000101/video.mp4,playing bass drum
video/RJlF5YycahI_000408/video.mp4,francolin calling
video/83XmpVJP-YY_000001/video.mp4,dog whimpering
video/bcBixpb5TdI_000113/video.mp4,pheasant crowing
video/GMYaJVjQ8UQ_000424/video.mp4,hedge trimmer running
video/Jboz8dp-8nM_000000/video.mp4,lighting firecrackers
video/exgH8nvggVA_000026/video.mp4,rope skipping
video/mx0fKYM90vQ_000030/video.mp4,mouse squeaking
video/SFMXcbyHbF0_000011/video.mp4,turkey gobbling
video/JSWC6dDd7UI_000320/video.mp4,bouncing on trampoline
video/I9zQLQjNu98_000030/video.mp4,fire crackling
video/nZ6QXWP3XJI_000180/video.mp4,playing mandolin
video/HaLZD-2ppdU_000008/video.mp4,lions growling
video/cJZsuL9iRVc_000321/video.mp4,writing on blackboard with chalk
video/7RyBRczgJK4_000260/video.mp4,chicken crowing
video/ANWU9Hiy_5k_000040/video.mp4,driving motorcycle
video/BQsQzaDrHKY_000155/video.mp4,"alligators, crocodiles hissing"
video/TtP63IOhg1Y_000030/video.mp4,goat bleating
video/0OLYyjqNdn4_000352/video.mp4,train whistling
video/AmDDp-cCo24_000000/video.mp4,cat caterwauling
video/UlOEjgkNdMU_000010/video.mp4,dog howling
video/2CIWnYMxFCw_000029/video.mp4,air conditioning noise
video/iRXQiy4dReE_000045/video.mp4,elk bugling
video/Wj5qDj8_nSw_000025/video.mp4,people cheering
video/tSPEtpVP5b4_000092/video.mp4,baltimore oriole calling
video/pyDI0mBb2Gc_000005/video.mp4,people hiccup
video/JIVlpGCaiTs_000030/video.mp4,playing gong
video/9zeZEa45Wd0_000010/video.mp4,splashing water
video/TUpX4p-Ej_o_000336/video.mp4,train wheels squealing
video/xhy_lrB3Ueo_000030/video.mp4,playing accordion
video/1vl0QEz3844_000000/video.mp4,sheep bleating
video/wyhurCZbKQU_000030/video.mp4,driving motorcycle
video/8bakI0ITCqQ_000030/video.mp4,playing theremin
video/VZjTo5ILoUo_000030/video.mp4,duck quacking
video/YOA1JOyd7cw_000030/video.mp4,"playing steel guitar, slide guitar"
video/B0YP60j1VR4_000012/video.mp4,sliding door
video/lwYZnPB1i0o_000030/video.mp4,fire crackling
video/WYAAv4bwGg0_000228/video.mp4,playing snare drum
video/JjGcpAvW-ks_000099/video.mp4,golf driving
video/CV3EAozMSzw_000047/video.mp4,parrot talking
video/EK_9TZfgNos_000032/video.mp4,fox barking
video/XEw7WNDHP6I_000150/video.mp4,"bee, wasp, etc. buzzing"
video/Xecb_5XO81Q_000010/video.mp4,dog growling
video/vwtuiXmg-ms_000255/video.mp4,disc scratching
video/Ii5W65uAeF0_000056/video.mp4,people slurping
video/AXyXqY3Jopw_000018/video.mp4,people nose blowing
video/HUm2vzjI6DQ_000220/video.mp4,vacuum cleaner cleaning floors
video/B33GgQddG30_000028/video.mp4,dinosaurs bellowing
video/rq4oQdSxrnI_000079/video.mp4,airplane flyby
video/fbdz2U-fJsk_000110/video.mp4,owl hooting
video/UoelVWyciuE_000010/video.mp4,cat purring
video/aZmN_hzwJAs_000026/video.mp4,people battle cry
video/kH6fFjIZkB0_000030/video.mp4,reversing beeps
video/wgT4rbZ5kvc_000022/video.mp4,people burping
video/pfz77dq_XGM_000067/video.mp4,otter growling
video/PIgN2TZiL5M_000026/video.mp4,chicken clucking
video/Xpi3R5frmGI_000203/video.mp4,airplane
video/GSSWxAo_oyo_000011/video.mp4,tap dancing
video/Dx13FJh7_tU_000022/video.mp4,owl hooting
video/NTyKi3QGd4k_000090/video.mp4,playing electronic organ
video/nAS_8fZfU_Y_000034/video.mp4,driving snowmobile
video/9RisgTyd5aA_000138/video.mp4,people cheering
video/1kTMiyc5eXg_000163/video.mp4,cricket chirping
video/PPb9RaZ3e3g_000055/video.mp4,black capped chickadee calling
video/3fx2rF3lDUo_000014/video.mp4,smoke detector beeping
video/yd0a-Qfjvf8_000030/video.mp4,playing drum kit
video/6FlgBpUP9G4_000041/video.mp4,driving snowmobile
video/guFu4Z4g1GE_000030/video.mp4,tapping guitar
video/T5OiGQOZWic_000284/video.mp4,tap dancing
video/f724u5z_UDw_000030/video.mp4,driving motorcycle
video/Az9XH0eajXI_000030/video.mp4,horse clip-clop
video/6NLbCVK_YKI_000030/video.mp4,dog bow-wow
video/aWJDNhMn408_000025/video.mp4,barn swallow calling
video/ClnfpR5VSgA_000010/video.mp4,cattle mooing
video/ldPA6OQdxQ4_000062/video.mp4,cat growling
video/l2oI7ZsKPKs_000084/video.mp4,hail
video/8Jd9q8mWBPk_000550/video.mp4,sea waves
video/X3Oo3xTaL-I_000030/video.mp4,sliding door
video/mpPrCXLKfGU_000002/video.mp4,playing tuning fork
video/_-ZSRcrbRGI_000140/video.mp4,"subway, metro, underground"
video/as7MhTe961k_000170/video.mp4,playing saxophone
video/etLbte75hN4_000018/video.mp4,people hiccup
video/haVBNvKQsEI_000020/video.mp4,mynah bird singing
video/pHhY5aGpjnc_000039/video.mp4,francolin calling
video/K1mSyipUj38_000030/video.mp4,singing choir
video/4rOTlxMqhfA_000009/video.mp4,writing on blackboard with chalk
video/jS93Dp3LPSY_000000/video.mp4,playing saxophone
video/-Am9MfJ6Z2o_000060/video.mp4,eating with cutlery
video/UmzWXYqphxI_000180/video.mp4,stream burbling
video/LkJeC5nr8Is_000022/video.mp4,goat bleating
video/MJwSw-tc_t4_000673/video.mp4,sailing
video/7bOdxI3YKpI_000069/video.mp4,sheep bleating
video/K-Zg1-fR9kU_000088/video.mp4,forging swords
video/g-9SK0or81c_000030/video.mp4,playing synthesizer
video/kINKoZD2m-M_000093/video.mp4,strike lighter
video/y3b46Xk89rM_000114/video.mp4,eagle screaming
video/3-QgZPCM4nk_000160/video.mp4,wind noise
video/NwpT3VmaDGE_000205/video.mp4,playing bassoon
video/wy5edFMFcyM_000370/video.mp4,splashing water
video/DymSRUrjT5c_000560/video.mp4,using sewing machines
video/enUxQ7b3PpM_000035/video.mp4,playing djembe
video/2OOZIIosPX4_000071/video.mp4,train wheels squealing
video/xjBoZcT5gKY_000120/video.mp4,bathroom ventilation fan running
video/hm4pu5tkD0U_000154/video.mp4,playing table tennis
video/ltBX_AhuaWc_000210/video.mp4,playing french horn
video/s9PftT7RgGo_000135/video.mp4,wood thrush calling
video/IZR4G9Hhy5U_000030/video.mp4,playing cello
video/56_BCN7x6F8_000030/video.mp4,playing didgeridoo
video/PVSHN_arz2k_000021/video.mp4,dog whimpering
video/pUn8YqN2meU_000059/video.mp4,playing cornet
video/130v5XJl8G0_000070/video.mp4,people coughing
video/ShubbKmh5hQ_000162/video.mp4,lathe spinning
video/pp4xXyiezA8_000020/video.mp4,people sobbing
video/hBXiZt-8zo0_000000/video.mp4,playing washboard
video/wTduj6YOVuU_000010/video.mp4,baby laughter
video/_R9Ma9rjEWg_000030/video.mp4,playing ukulele
video/CFJd52p-upY_000220/video.mp4,cow lowing
video/GoMFJIOLkKA_000420/video.mp4,raining
video/U6y8tw4vKXc_000105/video.mp4,playing hockey
video/M4blyCNxeBQ_000030/video.mp4,"female speech, woman speaking"
video/oSME-ts1WnQ_000110/video.mp4,dog growling
video/CgMmtC41T9k_000030/video.mp4,wind chime
video/x2ShfOKR-F0_000124/video.mp4,ice cracking
video/Wjo-IJ01Ruk_000000/video.mp4,whale calling
video/mVQrlxdrnPg_000005/video.mp4,spraying water
video/lwWitgspvqo_000051/video.mp4,strike lighter
video/UhEQ1E8XPp4_000003/video.mp4,chicken clucking
video/NcKhJQPS_hs_000047/video.mp4,playing castanets
video/ElJFYwRtrH4_000030/video.mp4,people screaming
video/z05DpSC0KnM_001036/video.mp4,writing on blackboard with chalk
video/3VKBHfRhMa4_000021/video.mp4,sliding door
video/8mT-l6lcBsk_000260/video.mp4,toilet flushing
video/TVM03oDWLWI_000210/video.mp4,playing clarinet
video/mcrf1Mb99d4_000068/video.mp4,playing tympani
video/hPUhu0HEkBU_000279/video.mp4,playing tympani
video/-VLOm8cJZRI_000070/video.mp4,eating with cutlery
video/XN-DpGI7W4U_000340/video.mp4,lighting firecrackers
video/4gFbCdHle0w_000030/video.mp4,pumping water
video/Fh6RuC3pNhw_000030/video.mp4,"engine accelerating, revving, vroom"
video/RuHSkgQf3uw_000019/video.mp4,playing timbales
video/kTOX4xMk89M_000100/video.mp4,train whistling
video/91Hrvw6gClQ_000030/video.mp4,playing timpani
video/tBHO4b-dZAI_000041/video.mp4,blowtorch igniting
video/pjuyGQPd4S4_000039/video.mp4,playing djembe
video/UNw5xBuw4u0_000079/video.mp4,chopping food
video/Fl0yc47JSWM_000025/video.mp4,chicken clucking
video/tTsvjXYDwQQ_000012/video.mp4,playing snare drum
video/l0wtTeAUdhI_000069/video.mp4,writing on blackboard with chalk
video/MBpo7SjWMLk_000057/video.mp4,playing tennis
video/tM9WWnYfFik_000422/video.mp4,striking bowling
video/S86Ql_59KMI_000211/video.mp4,playing erhu
video/hBjE3FVevZA_000190/video.mp4,dog baying
video/Xn0GIKVyMw4_000190/video.mp4,metronome
video/D2KrgDuU3K8_000100/video.mp4,"bird chirping, tweeting"
video/DJoFVhjQeDE_000030/video.mp4,people running
video/PRriMdEO23I_000179/video.mp4,playing shofar
video/bxhcNqy0Jc8_000000/video.mp4,eagle screaming
video/7ivVufYPEnA_000268/video.mp4,playing djembe
video/C8q-VueE_ok_000330/video.mp4,bird wings flapping
video/4L9KyVVsQOc_000030/video.mp4,tapping guitar
video/nqd6uO6hDSo_000030/video.mp4,dog howling
video/pAvk3k0LPtI_000220/video.mp4,cricket chirping
video/P3QhZuHbAUY_000076/video.mp4,disc scratching
video/fFQmyJ39gQs_000530/video.mp4,people finger snapping
video/7zS81_mUsK0_000080/video.mp4,lawn mowing
video/-CGkSDY0mWI_000096/video.mp4,plastic bottle crushing
video/p-Qp_-Uh5Oo_000165/video.mp4,chimpanzee pant-hooting
video/680o8EChP_o_000117/video.mp4,striking pool
video/2VptepDtAZ4_000071/video.mp4,pheasant crowing
video/URkpx3lxx1E_000450/video.mp4,typing on typewriter
video/61lqhA3r5rQ_000040/video.mp4,playing harpsichord
video/BeFjxrUwAC4_000030/video.mp4,rapping
video/BE0qaVGwpLE_000278/video.mp4,mouse clicking
video/YlLC5aGq4Yw_000009/video.mp4,"alligators, crocodiles hissing"
video/-z3AAq0FK-0_000001/video.mp4,snake rattling
video/mKEJRZtNx9o_000044/video.mp4,baltimore oriole calling
video/yTbSUMpM5Ho_000000/video.mp4,people marching
video/JR6hmr931Tw_000111/video.mp4,ice cracking
video/aF399DNTMlo_000008/video.mp4,ferret dooking
video/_Ery3Zu1uvI_000151/video.mp4,playing bass drum
video/7cZ4iSWmhRo_000003/video.mp4,people nose blowing
video/oEDGxlhyhp4_000043/video.mp4,train whistling
video/tk1WqHXdPuY_000015/video.mp4,train whistling
video/RQIVLqDLQzA_000050/video.mp4,using sewing machines
video/kC34iOvwo40_000293/video.mp4,playing tympani
video/V6YuDO6Mz2s_000030/video.mp4,sliding door
video/Auyq_491HGc_000030/video.mp4,people screaming
video/IPIS6TUVpSM_000030/video.mp4,vacuum cleaner cleaning floors
video/Jhk0I2wZelU_000030/video.mp4,playing flute
video/QR0yjU4K2GM_000030/video.mp4,frog croaking
video/qqhkKtXCiEs_000112/video.mp4,airplane
video/B7TvfMll0Ro_000030/video.mp4,people whispering
video/eZGa_sYbq5A_000010/video.mp4,ambulance siren
video/tUrlSBYq_0o_000030/video.mp4,playing accordion
video/4Rym4DqrhHM_000030/video.mp4,cattle mooing
video/QySssFgqGq0_000121/video.mp4,missile launch
video/LsphcdJi4Ss_000025/video.mp4,cell phone buzzing
video/j5kPPzlFzyM_000148/video.mp4,people marching
video/uudwMlO7SIM_000001/video.mp4,cheetah chirrup
video/iZpuOn86PYI_000010/video.mp4,playing tabla
video/1BYZiONhW3c_000030/video.mp4,singing choir
video/H2g3fH2PfM0_000102/video.mp4,warbler chirping
video/iX2pK_rV6aA_000029/video.mp4,cutting hair with electric trimmers
video/fuUWloQVZD8_000040/video.mp4,playing clarinet
video/exqbdXoRCUo_000210/video.mp4,skateboarding
video/4XqMpn0WIKk_000540/video.mp4,playing piano
video/4wBHzkmCBkc_000028/video.mp4,sea waves
video/bQABY9H1h1Y_000280/video.mp4,cricket chirping
video/neLRPsl8-XA_000140/video.mp4,driving buses
video/JhU9GLQkSHs_000083/video.mp4,chicken clucking
video/dbD0nVfy9RU_000000/video.mp4,playing trumpet
video/k8YMZkfLIvE_000319/video.mp4,playing tambourine
video/SLajIWg3BY8_000117/video.mp4,chopping food
video/garZ8KkuBds_000220/video.mp4,"vehicle horn, car horn, honking"
video/q6Fcpz4du20_000311/video.mp4,planing timber
video/28Ih0rDx-Y4_000310/video.mp4,"railroad car, train wagon"
video/7TOuh4eYgIo_000021/video.mp4,civil defense siren
video/qNj8RLCaoL4_000446/video.mp4,disc scratching
video/QAWuHvVCI6g_000030/video.mp4,skidding
video/MZ7yHPG9ThU_000017/video.mp4,people humming
video/1hJnxzlxnQs_000030/video.mp4,car passing by
video/_4rolMIFkgQ_000030/video.mp4,dog bow-wow
video/Qd5qSAXSLN4_000010/video.mp4,ambulance siren
video/ZVKgp2DGpcI_000021/video.mp4,dog bow-wow
video/cK9JgR-LGfU_000011/video.mp4,"alligators, crocodiles hissing"
video/9lkeWpzWNDM_000080/video.mp4,pumping water
video/PyponzntqzM_000036/video.mp4,people booing
video/0H814XXq-WQ_000030/video.mp4,people crowd
video/aS5eOryeLbM_000210/video.mp4,singing bowl
video/aTdpU4HGxXA_000109/video.mp4,alarm clock ringing
video/1W2FOzSXsxs_000030/video.mp4,child singing
video/I4XG-uLrzjk_000038/video.mp4,wood thrush calling
video/8OKAwDv20R8_000006/video.mp4,male singing
video/agCKgxkObDc_000375/video.mp4,playing oboe
video/968-Xp6L-to_000083/video.mp4,playing castanets
video/hiy7mHFnU1Y_000030/video.mp4,duck quacking
video/cGNLoPOKZy0_000400/video.mp4,people booing
video/n5SqYqXBMXQ_000005/video.mp4,playing oboe
video/q_rKv5CdCfI_000030/video.mp4,"vehicle horn, car horn, honking"
video/zyJ9oIWMEBQ_000110/video.mp4,shot football
video/Wq8zx_bIe2o_000131/video.mp4,playing hockey
video/j42ETHcp044_000000/video.mp4,skidding
video/k9ULTEUI7gs_000035/video.mp4,opening or closing car doors
video/YNNepx1HYM8_000031/video.mp4,parrot talking
video/Oc9azgD3RJ8_000030/video.mp4,people babbling
video/QymYi-QzlJo_000080/video.mp4,playing vibraphone
video/mnWYh3iPoy8_000020/video.mp4,chipmunk chirping
video/TmLrqd7tm8A_000290/video.mp4,wind noise
video/3NU33PXtf-4_000045/video.mp4,sheep bleating
video/inAGPLejHUQ_000539/video.mp4,strike lighter
video/yXKFzL5lFKE_000041/video.mp4,lathe spinning
video/UHCrnOMZdGs_000075/video.mp4,mynah bird singing
video/lJSwhBfEdyA_000079/video.mp4,cow lowing
video/q7xg-g9opJY_000117/video.mp4,wood thrush calling
video/rf_2xYkZcM4_000030/video.mp4,people burping
video/SL5xjLgQp1c_000070/video.mp4,playing flute
video/6HuIs2xW5kI_000104/video.mp4,fox barking
video/flj3t61PIKk_000024/video.mp4,ferret dooking
video/t6jlx6jAb-Q_000070/video.mp4,playing mandolin
video/H-bTMbePj0A_000121/video.mp4,playing steelpan
video/bqvl7IbPteU_000030/video.mp4,playing electric guitar
video/rd4AgYS_oJE_000348/video.mp4,cat hissing
video/GlnhrMSrP5c_000025/video.mp4,cat growling
video/BqCBBcWN9bw_000023/video.mp4,people battle cry
video/D1tzSCqOGV4_000080/video.mp4,playing double bass
video/13Ij0Y-m7N0_000121/video.mp4,running electric fan
video/_J4hztdkjm8_000000/video.mp4,"ice cream truck, ice cream van"
video/7oOito9gB3E_000094/video.mp4,playing lacrosse
video/EMGNyRa5pEc_000280/video.mp4,"playing marimba, xylophone"
video/4_6e0icNw7Q_000182/video.mp4,disc scratching
video/nbuyVi6v7SY_000030/video.mp4,firing cannon
video/LzoAb4spthk_000042/video.mp4,slot machine
video/3wWw2WDsHY8_000080/video.mp4,foghorn
video/NDovY5OEt2o_000030/video.mp4,fire truck siren
video/pJnmT-ViaBk_000012/video.mp4,baltimore oriole calling
video/r8jN1treRKQ_000030/video.mp4,playing zither
video/0IqPUUWnnd8_000085/video.mp4,playing glockenspiel
video/XTctEFsaM8A_000020/video.mp4,warbler chirping
video/doS_7NMUGjY_000000/video.mp4,baby crying
video/mzAfTmC3It0_000030/video.mp4,playing snare drum
video/Iil6A-PM0bk_000139/video.mp4,planing timber
video/MeF_9KT_T8k_000071/video.mp4,lions growling
video/hCX2DpwEBQY_000030/video.mp4,fireworks banging
video/3h-cSxTTU3o_000182/video.mp4,smoke detector beeping
video/Arp482w8r_s_000030/video.mp4,people clapping
video/xJFyro8qFYs_000013/video.mp4,eletric blender running
video/PAou66vfEPo_000371/video.mp4,playing guiro
video/M83C5w1YAdc_000010/video.mp4,people whistling
video/5Hr6HKMTS18_000400/video.mp4,"child speech, kid speaking"
video/omd7aw4XjGE_000424/video.mp4,playing congas
video/QyGfqIKBGFE_000005/video.mp4,shot football
video/XZhLMTOmM9w_000030/video.mp4,cat meowing
video/H3P5GZ8fMCw_000030/video.mp4,people babbling
video/o0mATRdzZSc_000050/video.mp4,wood thrush calling
video/NXZS5FiPhA4_000210/video.mp4,people babbling
video/P2ldhAT8KHc_000280/video.mp4,"subway, metro, underground"
video/b2LLH_OjdGc_000240/video.mp4,people finger snapping
video/ba6ArmDZjW4_000314/video.mp4,forging swords
video/Sj9_5H1nqfo_000200/video.mp4,ambulance siren
video/rYmiCpCbsm0_000020/video.mp4,bird squawking
video/45vBbOhzS6g_000050/video.mp4,people screaming
video/s-xeIHv59yY_000110/video.mp4,firing cannon
video/SMAOB1Wt6QQ_000426/video.mp4,playing tennis
video/6aY8cRXs4-Q_000000/video.mp4,bird squawking
video/FvmWB20IUaM_000184/video.mp4,people hiccup
video/SOCnHo6nlrQ_000209/video.mp4,wind chime
video/Nns8o0ZwcFg_000408/video.mp4,striking bowling
video/0he6VV5Y9Bg_000030/video.mp4,cricket chirping
video/nmCg4Nw-bPA_000148/video.mp4,writing on blackboard with chalk
video/RDG7jY7P_8M_000088/video.mp4,penguins braying
video/kbs7SQMR1ek_000248/video.mp4,airplane
video/9AUSYLKYKGg_001113/video.mp4,owl hooting
video/3vLc6D64xcs_000330/video.mp4,using sewing machines
video/QJumqm9_jz4_000030/video.mp4,orchestra
video/SuOSEt3nKEg_000143/video.mp4,cupboard opening or closing
video/9ZBaKqh-Bmk_000027/video.mp4,"alligators, crocodiles hissing"
video/t6AXyglx5X4_000360/video.mp4,"race car, auto racing"
video/2ATRc7EonvI_000030/video.mp4,stream burbling
video/tm0Em1IlvsA_000318/video.mp4,people eating apple
video/qlk02ytcnPU_000050/video.mp4,playing vibraphone
video/Ytj9squ563E_000006/video.mp4,cat growling
video/Wh_g-Eiw9Kc_000010/video.mp4,child singing
video/z7yGkGnLjg8_000134/video.mp4,hammering nails
video/F6TozvArsTE_000062/video.mp4,plastic bottle crushing
video/_lgEm3J3cj4_000007/video.mp4,church bell ringing
video/W0aT3SdtnfY_000030/video.mp4,cat meowing
video/kQDKsJ7piLU_000039/video.mp4,baltimore oriole calling
video/ck5S__5JJvE_000005/video.mp4,bull bellowing
video/gseikrqMhAY_000029/video.mp4,owl hooting
video/mWkkK5cEqyg_000020/video.mp4,opening or closing drawers
video/F38g2Hlee2I_000307/video.mp4,cupboard opening or closing
video/KRxX4rRL1Qs_000003/video.mp4,hail
video/n1VpqsLRy1E_000006/video.mp4,gibbon howling
video/kuszXUbEiIA_000014/video.mp4,francolin calling
video/NRJw5ZZMBnw_000030/video.mp4,lawn mowing
video/l1coM570kVw_000030/video.mp4,male singing
video/vNPx6RS8PiM_000210/video.mp4,playing ukulele
video/-0Zg_dXR_6I_000013/video.mp4,missile launch
video/7LoVjl-6wlc_000090/video.mp4,ocean burbling
video/ADtA2TMXVvo_000092/video.mp4,playing cornet
video/4q6e_ZDFOZI_000030/video.mp4,child singing
video/4R1WPK3u8II_000010/video.mp4,people farting
video/RgenPjjFS_A_000030/video.mp4,horse neighing
video/mQJcObz1k_E_000030/video.mp4,"vehicle horn, car horn, honking"
video/Op2FDOmuHE8_000198/video.mp4,metronome
video/1D4LxbOVn1I_000030/video.mp4,dog bow-wow
video/V5a0OUeceeY_000042/video.mp4,snake rattling
video/w5qf9O6c20o_000030/video.mp4,playing theremin
video/EN_fOMt-IVE_000060/video.mp4,singing choir
video/m1n5_ga1zp0_000080/video.mp4,pumping water
video/fJxvIHuKPBE_000015/video.mp4,"alligators, crocodiles hissing"
video/AcJXSEfGGcI_000030/video.mp4,helicopter
video/MbtkL5_f6-4_000000/video.mp4,playing cello
video/tyFPlwM3XmM_000578/video.mp4,playing snare drum
video/4HCk1Jw3ELE_000160/video.mp4,playing accordion
video/LPUBIiA6iHg_000022/video.mp4,playing volleyball
video/K49OWIVNULE_000220/video.mp4,fireworks banging
video/AoUn8I-RtRk_000030/video.mp4,horse neighing
video/IFclJMPODCA_000221/video.mp4,blowtorch igniting
video/OrSfdkVVbOQ_000000/video.mp4,machine gun shooting
video/sVGmh0ZTXVs_000440/video.mp4,baby babbling
video/MZTcAV-VIvs_000010/video.mp4,playing saxophone
video/xfSN6wDm41o_000290/video.mp4,child singing
video/3XC4QOoRjB4_000240/video.mp4,playing cymbal
video/d3eq6JLipyk_000270/video.mp4,raining
video/RuK5b8vTPM8_000030/video.mp4,cat purring
video/46t-4NFQ9_w_000002/video.mp4,cat meowing
video/HTM6oZp9Jg8_000140/video.mp4,"bird chirping, tweeting"
video/2hNEs5VCQR8_000106/video.mp4,playing trumpet
video/I7gxE9VFb90_000067/video.mp4,skiing
video/qs_-emj1qR4_000030/video.mp4,playing trombone
video/-Vo4CAMX26U_000030/video.mp4,playing didgeridoo
video/07bi-w2VKeg_000035/video.mp4,footsteps on snow
video/mdrKLSXXZNc_000302/video.mp4,black capped chickadee calling
video/JFJuEOZx1K4_000160/video.mp4,playing bass guitar
video/7g6aZTBe2xE_000030/video.mp4,driving motorcycle
video/JdNoEpN4kxE_000140/video.mp4,skateboarding
video/cj3VU7koYZg_000030/video.mp4,chopping food
video/79undeYvXOE_000200/video.mp4,playing castanets
video/Sb5nf9DkzTs_000050/video.mp4,baby laughter
video/JyMBQJ_gElk_000030/video.mp4,car engine knocking
video/Xk6NxTxTdas_000420/video.mp4,cell phone buzzing
video/pCo0zDiq5nM_000030/video.mp4,pig oinking
video/KPyYUly5xCc_000350/video.mp4,"railroad car, train wagon"
video/F0xRrtS-_Wk_000030/video.mp4,crow cawing
video/l_qujdvRl6c_000059/video.mp4,cell phone buzzing
video/JuzqJAPlb5w_000003/video.mp4,chicken clucking
video/5kzHSZIhArw_000163/video.mp4,"race car, auto racing"
video/EaBRGh2s0rU_000030/video.mp4,door slamming
video/9-9mhVrDiQA_000329/video.mp4,arc welding
video/HVHe2kibCQU_000019/video.mp4,cupboard opening or closing
video/JK1VapgXi_c_000062/video.mp4,plastic bottle crushing
video/QOEFVFFrv_Q_000077/video.mp4,elk bugling
video/IltZFWvvGDM_000050/video.mp4,goose honking
video/SL52ykhLo8A_000070/video.mp4,playing piano
video/LyYLLg9xE68_000002/video.mp4,golf driving
video/2b0bPZGe324_000028/video.mp4,playing shofar
video/VhVKUAk6_R4_000006/video.mp4,sheep bleating
video/9ivV2chJLa4_000030/video.mp4,playing french horn
video/ZwzKM1_rx5g_000015/video.mp4,playing tympani
video/24j8o-CcP5E_000292/video.mp4,air conditioning noise
video/-xfgovG6-KU_000030/video.mp4,sliding door
video/NXeVBvS5cxQ_000030/video.mp4,typing on computer keyboard
video/ewBeGq4yWBE_000031/video.mp4,playing snare drum
video/1xS-iGBR2b8_000014/video.mp4,"donkey, ass braying"
video/sv35ItWLBBk_000030/video.mp4,people running
video/Mb-GyQEKoEc_000030/video.mp4,driving motorcycle
video/6WzAM_y2iWw_000166/video.mp4,playing snare drum
video/qmn6_0OrRE4_000226/video.mp4,cat purring
video/Mt4F5APXeqI_000838/video.mp4,lip smacking
video/5VCZHHd4UKI_000111/video.mp4,cheetah chirrup
video/lKOgVeuSmts_000030/video.mp4,sailing
video/0RJa3t8qZS4_000030/video.mp4,rapping
video/OOnwzXE958Q_000210/video.mp4,playing tabla
video/l6Z7BbaxEeM_000158/video.mp4,playing volleyball
video/LXiBeL5U3nk_000218/video.mp4,firing muskets
video/Hexc6YWqptw_000005/video.mp4,magpie calling
video/s2N0szde6QA_000095/video.mp4,canary calling
video/muuSxbHjipw_000112/video.mp4,alarm clock ringing
video/--i-y1v8Hy8_000000/video.mp4,female singing
video/7n0vuxy-OXg_000026/video.mp4,playing bugle
video/IdkAQNGihZU_000151/video.mp4,civil defense siren
video/nTcGKRvqIbM_000003/video.mp4,chicken clucking
video/6hpNFfjpFHU_000142/video.mp4,playing tennis
video/QxWre8D5a8c_000099/video.mp4,people sniggering
video/Sr35u7b1OFI_000039/video.mp4,people eating apple
video/ew7xSiF0TlA_000099/video.mp4,parrot talking
video/m-zOMNnVX78_000040/video.mp4,vacuum cleaner cleaning floors
video/LJkokwDPNiA_000131/video.mp4,alarm clock ringing
video/BETuSJGFgs4_000280/video.mp4,playing harp
video/YfGQuqGjSOU_000126/video.mp4,parrot talking
video/SzBgRzSZG6c_000030/video.mp4,sloshing water
video/e9ECf2ZGBdk_000215/video.mp4,striking bowling
video/y9DFJEsiTLk_000110/video.mp4,car engine starting
video/ioj6AP00MaM_000310/video.mp4,playing timpani
video/8p4Q4I1s7mg_000023/video.mp4,people slapping
video/DoPxrS9KYB0_000490/video.mp4,singing bowl
video/VKVcOb8oFqY_000019/video.mp4,planing timber
video/lPyBMsjVG94_000030/video.mp4,people running
video/QhlmKHbPFhU_000030/video.mp4,vacuum cleaner cleaning floors
video/JDbNy8sAMOo_000023/video.mp4,cuckoo bird calling
video/VsQMbITqgx8_000225/video.mp4,planing timber
video/gIODEFkvjTA_000030/video.mp4,playing zither
video/4hixl1PkJ0I_000018/video.mp4,playing bassoon
video/R3ZTE3rmutA_000036/video.mp4,children shouting
video/-zI7FN8cMIE_000130/video.mp4,"vehicle horn, car horn, honking"
video/XkWQ5KAEnoA_000069/video.mp4,cupboard opening or closing
video/R-dvwqS5vLQ_000033/video.mp4,planing timber
video/OPhporfGJg8_000030/video.mp4,sloshing water
video/vBkDLBO-Aok_000030/video.mp4,duck quacking
video/kP5V1uJct5A_000031/video.mp4,"fly, housefly buzzing"
video/f_cBi2vT3Qw_000002/video.mp4,"alligators, crocodiles hissing"
video/I_xgEGprZYM_000737/video.mp4,mouse clicking
video/LBXYlTnm0Fw_000054/video.mp4,lathe spinning
video/RyOySHPhn0o_000200/video.mp4,playing saxophone
video/QTyxozlbkkQ_000175/video.mp4,playing washboard
video/fLPEAElOWho_000148/video.mp4,playing bass drum
video/-2-wdcN5vOw_000017/video.mp4,train whistling
video/If1yxmaJ14M_000170/video.mp4,playing acoustic guitar
video/q4zfKwfah_8_000000/video.mp4,lions growling
video/IAG9PZmTGD4_000208/video.mp4,foghorn
video/4UnUrylORBM_000019/video.mp4,horse neighing
video/qUvHb5szJfs_000060/video.mp4,playing flute
video/3GtKbvwaycY_000025/video.mp4,playing bassoon
video/mkN33PFvJVQ_000000/video.mp4,barn swallow calling
video/Ggh5JPnDPNw_000035/video.mp4,playing double bass
video/oj-Ck2nCkT8_000024/video.mp4,playing guiro
video/yzh8PW_nMz4_000066/video.mp4,ripping paper
video/YS-Gtu-RuaE_000051/video.mp4,cupboard opening or closing
video/Uj2Os8tYIIQ_000400/video.mp4,eating with cutlery
video/wxaWzq2zh38_000250/video.mp4,"cattle, bovinae cowbell"
video/UKE1k7JR-ME_000004/video.mp4,warbler chirping
video/kNW4IaBjX9o_000019/video.mp4,"heart sounds, heartbeat"
video/oEMLpCOWrqY_000030/video.mp4,cat caterwauling
video/iwd-SglWBVg_000080/video.mp4,playing flute
video/ny0RU5o_A_4_000000/video.mp4,scuba diving
video/C6LL_utZCoA_000010/video.mp4,cell phone buzzing
video/-wwPo59cjuo_000334/video.mp4,people eating apple
video/JwngKnAg-ys_000314/video.mp4,sea waves
video/nWlDkrIzc0g_000530/video.mp4,machine gun shooting
video/-f1DNyngKVY_000030/video.mp4,playing sitar
video/bMYRySDXzco_000178/video.mp4,wind chime
video/Fue6UG6i74U_000089/video.mp4,playing table tennis
video/ghOfjHwwA-o_000223/video.mp4,playing tennis
video/oqT3pTJFv5k_000030/video.mp4,people finger snapping
video/g1-dvLKjo58_000090/video.mp4,"playing marimba, xylophone"
video/rmzDww6glq8_000200/video.mp4,playing electronic organ
video/OZjpYGdvMX0_000030/video.mp4,playing electric guitar
video/8Sfjahpupqg_000000/video.mp4,mouse squeaking
video/YvMCeGLzTWE_000050/video.mp4,playing hammond organ
video/JPxi84TbWPo_000228/video.mp4,roller coaster running
video/zZ4zhYtg_dM_000120/video.mp4,golf driving
video/jomEE8zBjlg_000022/video.mp4,people whistling
video/piyECZa_kX8_000357/video.mp4,"race car, auto racing"
video/QB1jroqGo6U_000060/video.mp4,bull bellowing
video/2XK3vXa-wgw_000030/video.mp4,horse clip-clop
video/3_M9ZMo5TiU_000130/video.mp4,playing theremin
video/SYH5NqTtNsI_000030/video.mp4,playing flute
video/q_huhNjRrFs_000811/video.mp4,playing badminton
video/mfA8XGaLTNo_000016/video.mp4,people humming
video/jcIFYIRgzbY_000165/video.mp4,rope skipping
video/dS0NCJkkj0E_000283/video.mp4,playing erhu
video/DUSKxRMntZY_000268/video.mp4,slot machine
video/xvuvBU9es1Y_000516/video.mp4,people slurping
video/QrUXDAhP3Fg_000030/video.mp4,firing cannon
video/qOIBmPRsmts_000078/video.mp4,roller coaster running
video/21lu8Iaf9II_000060/video.mp4,people finger snapping
video/IXKMzUr2sIo_000094/video.mp4,disc scratching
video/aeFlHmaZMoU_000144/video.mp4,otter growling
video/plfLL0Niy9k_000110/video.mp4,lighting firecrackers
video/82GoiIMS6Ig_000030/video.mp4,firing cannon
video/jPGn0rqkLPY_000080/video.mp4,playing gong
video/1F23RciUwDE_000030/video.mp4,car engine starting
video/ANXFvn9bRN4_000049/video.mp4,ferret dooking
video/CkXT-wEQRfM_000140/video.mp4,people crowd
video/6ty4Rhu7Y5Q_000014/video.mp4,people belly laughing
video/YGj2ZPZ5cew_000290/video.mp4,turkey gobbling
video/dlFXGfbcYvg_000027/video.mp4,wood thrush calling
video/sbpW3Z87Nbc_000030/video.mp4,cattle mooing
video/6BlGk51vrbY_000275/video.mp4,coyote howling
video/1KpqiBhyP7Q_000066/video.mp4,ferret dooking
video/22OjhEqCWj8_000042/video.mp4,playing tambourine
video/6taAP7SFewI_000030/video.mp4,car engine knocking
video/2bA6cdBBbPY_000619/video.mp4,writing on blackboard with chalk
video/Lx4poQw1mZo_000160/video.mp4,chainsawing trees
video/DitJemO43co_000014/video.mp4,"ice cream truck, ice cream van"
video/eO_Z0BiT43M_000292/video.mp4,playing shofar
video/R-NkPYfN3wA_000150/video.mp4,cap gun shooting
video/7ZLpLi85sus_000027/video.mp4,roller coaster running
video/05uiW8xh5QU_000001/video.mp4,playing hockey
video/7gfTPdlO-d4_000063/video.mp4,playing timbales
video/G3GR-m8Q3Zk_000070/video.mp4,machine gun shooting
video/e9EUmQBO498_000000/video.mp4,"vehicle horn, car horn, honking"
video/4OCcv5d6xsU_000029/video.mp4,golf driving
video/5xIBQGMjiX4_000030/video.mp4,playing banjo
video/1Nm7UqNx9zs_000061/video.mp4,squishing water
video/MI6mYvpTgCM_000083/video.mp4,alarm clock ringing
video/LNHWLAdsxfo_000013/video.mp4,ferret dooking
video/kSLcpzvKJ1U_000322/video.mp4,"heart sounds, heartbeat"
video/OKdBVhH7gOY_000590/video.mp4,playing synthesizer
video/krwEhbbxSw4_000070/video.mp4,wind noise
video/EjRiXLPEkwo_000025/video.mp4,playing glockenspiel
video/yzPMm0wRN-E_000194/video.mp4,metronome
video/rwka0Ui94-w_000235/video.mp4,cow lowing
video/p6EUe5qs7aw_000668/video.mp4,playing congas
video/FaMZfnJKuqA_000019/video.mp4,tractor digging
video/ivO3uWmRTa8_000326/video.mp4,sea waves
video/Fum4pvH1Bf0_000451/video.mp4,roller coaster running
video/PgLT9HSWxEk_000330/video.mp4,stream burbling
video/CCqBDTbY6Rg_000315/video.mp4,airplane flyby
video/4CX6euE7j58_000147/video.mp4,eagle screaming
video/B7iRvj8y9aU_000030/video.mp4,"playing steel guitar, slide guitar"
video/A8rklgn3N4A_000028/video.mp4,cat growling
video/8KM-pZ3pz6I_000003/video.mp4,writing on blackboard with chalk
video/FXGNlx9HJ6I_000010/video.mp4,people booing
video/kQQrsmLvoCE_000120/video.mp4,dog howling
video/_Oq8cy6T4KA_000091/video.mp4,tap dancing
video/KI9v2anRrw4_000048/video.mp4,alarm clock ringing
video/U-L9YCIdLbg_000080/video.mp4,playing electric guitar
video/Y3yXAMiFgyI_000030/video.mp4,playing harpsichord
video/3f5atenstgc_000030/video.mp4,horse clip-clop
video/JefjXywAVzs_000171/video.mp4,telephone bell ringing
video/HqF7uiKEjUA_000050/video.mp4,cap gun shooting
video/1vByeH2oiHU_000260/video.mp4,firing cannon
video/0N3-lCzOQPI_000000/video.mp4,frog croaking
video/4d_10T1CXKU_000009/video.mp4,roller coaster running
video/CAfUAq5B2jk_000250/video.mp4,people crowd
video/40fIOkLK3j4_000060/video.mp4,people coughing
video/ZvG5aSIrYAw_000190/video.mp4,typing on typewriter
video/xJFyro8qFYs_000041/video.mp4,eletric blender running
video/TG_3zVMwyu0_000040/video.mp4,warbler chirping
video/HwWQUXnD0oo_000117/video.mp4,playing trombone
video/DNM9pkFgFNE_000084/video.mp4,ice cracking
video/rMSlTa8tWhA_000113/video.mp4,driving snowmobile
video/KXO4lC4LjxI_000095/video.mp4,lathe spinning
video/SQfTvzvUJ6k_000006/video.mp4,hammering nails
video/SHk3gJAnm8U_000529/video.mp4,people sniggering
video/cQaO6vpSGhk_000009/video.mp4,volcano explosion
video/ywS3pG7yQfg_000161/video.mp4,tap dancing
video/NEEr5ZgkrbE_000022/video.mp4,people eating
video/n7t58h1fwc0_000168/video.mp4,playing cornet
video/jAXka8pSqRw_000030/video.mp4,"bird chirping, tweeting"
video/TOpAW-8jlKQ_000030/video.mp4,playing cymbal
video/xfMpeoTViWw_000038/video.mp4,foghorn
video/dYQ-nXyfhho_000030/video.mp4,playing drum kit
video/9gK1Nqqsy6o_000160/video.mp4,playing harp
video/6EQR7Hz4xIM_000051/video.mp4,smoke detector beeping
video/EeVIv-cux-M_000093/video.mp4,ice cracking
video/6dhXrzs8pJc_000000/video.mp4,goat bleating
video/RFeU64gTvGQ_000000/video.mp4,people coughing
video/EbPT_Xcuvzs_000071/video.mp4,playing shofar
video/Ob9iaGon5ak_000060/video.mp4,people finger snapping
video/_PZZCdKz9lU_000030/video.mp4,frog croaking
video/YCk9F0Uq3BE_000070/video.mp4,people screaming
video/TsHBKTYuBUM_000062/video.mp4,whale calling
video/GI3Vdc5WHJA_000214/video.mp4,warbler chirping
video/CpNfxbqRDUA_000030/video.mp4,owl hooting
video/2mw1UMcc_Ys_000030/video.mp4,people babbling
video/tGKi7ueROn8_000197/video.mp4,eletric blender running
video/LbKz9Tn8xvs_000263/video.mp4,opening or closing car doors
video/Hg68OTpBIsg_000070/video.mp4,playing bagpipes
video/96HJ2f5dj6U_000030/video.mp4,raining
video/Nd2HKDBMkYo_000414/video.mp4,playing volleyball
video/4JZ_fSXGTIQ_000010/video.mp4,people crowd
video/AJ2_gn8V2fo_000030/video.mp4,basketball bounce
video/Txu61YwnnJg_000220/video.mp4,stream burbling
video/bMAe44n5AyU_000000/video.mp4,"heart sounds, heartbeat"
video/U3_X26NjUXk_000082/video.mp4,wood thrush calling
video/5jPGgJQ40os_000049/video.mp4,"cattle, bovinae cowbell"
video/TB3VhNczX88_000010/video.mp4,people coughing
video/AtcIhV9GNpQ_000144/video.mp4,chopping wood
video/bf_I0tRLfh4_000030/video.mp4,playing trombone
video/Zr0TnoiHJc0_000010/video.mp4,baby babbling
video/K9wdSR3B7s0_000130/video.mp4,"railroad car, train wagon"
video/2TjVbDWZvcE_000007/video.mp4,owl hooting
video/QxOuHDxJw_o_000005/video.mp4,snake rattling
video/wn8XiU5i9HM_000000/video.mp4,opening or closing car electric windows
video/fpCo9vXA3EM_000112/video.mp4,"playing steel guitar, slide guitar"
video/E8tUICNlnu0_000137/video.mp4,opening or closing car electric windows
video/Sqpkv9fnxqw_000210/video.mp4,ambulance siren
video/IkUsSY47oBk_000020/video.mp4,people babbling
video/A_eWeEm78ao_000040/video.mp4,tapping guitar
video/O69hivnI5oM_000073/video.mp4,playing castanets
video/PskdIQWvg3c_000021/video.mp4,telephone bell ringing
video/9IMO27jHA6o_000200/video.mp4,people finger snapping
video/UF0HDsK0fwo_000070/video.mp4,chainsawing trees
video/aBb5rLK_C5U_000029/video.mp4,people nose blowing
video/kzxanav4Q34_000030/video.mp4,ocean burbling
video/C_pnsyNXphA_000030/video.mp4,"race car, auto racing"
video/lAF6nVFk6Is_000077/video.mp4,dog growling
video/63xbVEyvD24_000030/video.mp4,child singing
video/gFOOUbMXsqc_000028/video.mp4,chimpanzee pant-hooting
video/4qaiLMEce6Y_000025/video.mp4,"bird chirping, tweeting"
video/2f7NnTVQzR0_000150/video.mp4,female singing
video/KzKDk-UgS54_000030/video.mp4,"engine accelerating, revving, vroom"
video/N-oRg5r2ndE_000034/video.mp4,plastic bottle crushing
video/IsKPMBn6irE_000012/video.mp4,dog growling
video/m5sIS0q8yy8_000000/video.mp4,chinchilla barking
video/gS-JeQ0dbTQ_000400/video.mp4,playing tabla
video/0eDN0YmnJRY_000002/video.mp4,cheetah chirrup
video/qlDYIPHzfRM_000050/video.mp4,people belly laughing
video/SX5-0_j1leg_001008/video.mp4,forging swords
video/Jh-ills3nEQ_000030/video.mp4,eating with cutlery
video/oBsTZmqrpFQ_000070/video.mp4,playing drum kit
video/Z_a_PuxKUwc_000000/video.mp4,lighting firecrackers
video/gj57rI1_JX8_000030/video.mp4,crow cawing
video/evkiciK1nRc_000021/video.mp4,playing squash
video/kmvLXRZp5oI_000163/video.mp4,playing bongo
video/hMsu6w5Ay44_000030/video.mp4,horse clip-clop
video/vpyjAR_k70Y_000066/video.mp4,car engine starting
video/EJY8PjG9Yn4_000685/video.mp4,lip smacking
video/RnEA2zdAVE8_000015/video.mp4,people gargling
video/UEbEmg3RuDM_000002/video.mp4,swimming
video/NEwwubAohnk_000270/video.mp4,ripping paper
video/CYRnb2F9ekQ_000280/video.mp4,goose honking
video/YnM8I76SWY8_000000/video.mp4,"vehicle horn, car horn, honking"
video/CK7_1E8cNMM_000043/video.mp4,playing tympani
video/KHVZFbmt8xk_000030/video.mp4,"female speech, woman speaking"
video/G7JFyw4L_7A_000070/video.mp4,toilet flushing
video/A24InXJHgOk_000028/video.mp4,playing trumpet
video/gxVhAVNjSU0_000030/video.mp4,driving buses
video/1SBP-Dy8_II_000119/video.mp4,tornado roaring
video/3RZlNwEv3XI_000030/video.mp4,"rowboat, canoe, kayak rowing"
video/Hl-ZOX3sCWo_000012/video.mp4,spraying water
video/7LsJrF1AwZg_000030/video.mp4,toilet flushing
video/5CffrmMy0n4_000164/video.mp4,telephone bell ringing
video/_uswoJHYy14_000060/video.mp4,fire truck siren
video/ZRXUru_3Big_000112/video.mp4,electric grinder grinding
video/SHkCnBJoZkc_000010/video.mp4,magpie calling
video/kMqmT6WFe2s_000282/video.mp4,shot football
video/1p3NSKpuJDs_000144/video.mp4,child singing
video/_Z6gHyku08U_000030/video.mp4,singing bowl
video/yCMy14iNKzQ_000097/video.mp4,footsteps on snow
video/rPGgxEE2hjk_000118/video.mp4,pheasant crowing
video/QUygd54m8uc_000112/video.mp4,playing trombone
video/xY4YrFk_PI8_000570/video.mp4,helicopter
video/7T04388Ijk8_000030/video.mp4,driving buses
video/l5l0Awx8eeQ_000023/video.mp4,parrot talking
video/o0Aq9oY4JNk_000006/video.mp4,"playing violin, fiddle"
video/suIzy6sSIUI_000030/video.mp4,people whispering
video/xbD9dc3D4tw_000034/video.mp4,eletric blender running
video/OdteEPrGHrQ_000004/video.mp4,strike lighter
video/ddshpQOcrG4_000120/video.mp4,playing erhu
video/3oaky81Equ8_000045/video.mp4,electric grinder grinding
video/mT3IKxlLgEc_000190/video.mp4,lighting firecrackers
video/wuIdKobdk7g_000017/video.mp4,playing bass drum
video/TLiywGNShzs_000197/video.mp4,foghorn
video/Euu6zlJQSD0_000030/video.mp4,rapping
video/jlgz0tRGQYM_000010/video.mp4,machine gun shooting
video/uhft9Fufp7I_000093/video.mp4,"heart sounds, heartbeat"
video/-yicwYUKKuo_000304/video.mp4,airplane flyby
video/Ysjdu0ZZmQE_000100/video.mp4,warbler chirping
video/_bBUW5C5yW4_000053/video.mp4,elephant trumpeting
video/mhmVWT-tH1U_000285/video.mp4,ripping paper
video/rTBQmP6Vt0g_000010/video.mp4,playing steelpan
video/RSPZSkLWsH4_000252/video.mp4,sheep bleating
video/toTu8BntJPg_000017/video.mp4,elk bugling
video/RGB0pMtcGhc_000090/video.mp4,playing saxophone
video/sF6jbD_KbVg_000020/video.mp4,mouse clicking
video/kKafEAL6m7A_000236/video.mp4,sharpen knife
video/mnH8IKZXmMs_000257/video.mp4,playing squash
video/WeSU14QQw0U_000132/video.mp4,woodpecker pecking tree
video/-40nDU5Ecgg_000130/video.mp4,"donkey, ass braying"
video/561tKQ5YvJE_000031/video.mp4,sheep bleating
video/3cThgRIaqgU_000016/video.mp4,playing trumpet
video/OR926HIiUOs_000280/video.mp4,"subway, metro, underground"
video/0hfU27A6tus_000070/video.mp4,playing banjo
video/wOpcW1EFj_0_000000/video.mp4,people slapping
video/CNoP-Y19lRI_000004/video.mp4,whale calling
video/Jrdarw46ALY_000306/video.mp4,blowtorch igniting
video/jQFmaTURf3Q_000000/video.mp4,foghorn
video/samyE_r0sXs_000130/video.mp4,goose honking
video/2I0ns0crmrA_000006/video.mp4,cat caterwauling
video/Mn8WGSW8jHY_000065/video.mp4,eletric blender running
video/Ho-AkPmmMVk_000030/video.mp4,skateboarding
video/eaHpZtEfqCg_000030/video.mp4,basketball bounce
video/XfLIbeSJSHE_000300/video.mp4,opening or closing drawers
video/HwGK5RvNOFI_000030/video.mp4,typing on computer keyboard
video/daFkjcIjCVY_000030/video.mp4,dog whimpering
video/As8sg7z5n5E_000065/video.mp4,electric grinder grinding
video/4WsPXawPBF8_000005/video.mp4,playing drum kit
video/-JzMCtGCh4o_000000/video.mp4,frog croaking
video/w_MKCSjx57k_000005/video.mp4,"fly, housefly buzzing"
video/gFJjYWXeBn0_000030/video.mp4,skidding
video/KRE27QNl7Qs_000021/video.mp4,writing on blackboard with chalk
video/1uhuVsFGe6E_000050/video.mp4,"child speech, kid speaking"
video/P5GxiEz81xw_000025/video.mp4,playing table tennis
video/p4IsNaCRzbg_000140/video.mp4,airplane
video/f5VqRC769mc_000021/video.mp4,playing tuning fork
video/WuLVbFVwKzY_000128/video.mp4,people eating crisps
video/ZH2ncVKeG6I_000004/video.mp4,people nose blowing
video/ER2x_QMrxeU_000860/video.mp4,playing flute
video/s9GDIk99v54_000045/video.mp4,playing bassoon
video/7kxpD5UzNpU_000022/video.mp4,striking pool
video/r6ssLI51RZ4_000030/video.mp4,typing on typewriter
video/FOseBorBQ_I_000460/video.mp4,people belly laughing
video/L2emuB65iMA_000044/video.mp4,eletric blender running
video/5egGjbK3hSc_000026/video.mp4,chopping wood
video/2gbF3eWmJ6k_000018/video.mp4,eagle screaming
video/5g20l907PQM_000028/video.mp4,playing djembe
video/puWLQ77Iq74_000064/video.mp4,tractor digging
video/_4NEAgqguN0_000220/video.mp4,church bell ringing
video/6TMtqRGsNEE_000570/video.mp4,eating with cutlery
video/OOzxHnmlNhA_000017/video.mp4,parrot talking
video/ebqIU1gIe7k_000035/video.mp4,cell phone buzzing
video/iCYA7N-vdZA_000000/video.mp4,female singing
video/q8IBZUnsaic_000030/video.mp4,bird squawking
video/ZOnuS52Fsu0_000039/video.mp4,baltimore oriole calling
video/EtD6VOh6c9A_000000/video.mp4,people finger snapping
video/bovpIaQBYtk_000000/video.mp4,opening or closing car electric windows
video/K1ASf4xAexc_000030/video.mp4,parrot talking
video/HAKTtmFemxQ_000120/video.mp4,cap gun shooting
video/oK2d2JF27Qk_000000/video.mp4,playing mandolin
video/6pdLhFJHFwA_000000/video.mp4,hammering nails
video/hLCA2KW9dC8_000002/video.mp4,people gargling
video/THdRs7grqhE_000100/video.mp4,"playing marimba, xylophone"
video/gqf4xmzoQ4w_000030/video.mp4,frog croaking
video/UvgwelALqcs_000040/video.mp4,cuckoo bird calling
video/dcjbs7R1yL8_000190/video.mp4,cattle mooing
video/it0U4Vscl5o_000208/video.mp4,people slurping
video/gLSoyIcevss_000030/video.mp4,"playing violin, fiddle"
video/0W1En_XsDnM_000000/video.mp4,people burping
video/SM756Ki9S9g_000164/video.mp4,people cheering
video/YGv1xUgz2pY_000045/video.mp4,playing tympani
video/FLLOoVLYIUU_000017/video.mp4,people slapping
video/Mlh4Sa1VzhQ_000016/video.mp4,arc welding
video/nbPY6Y1ffgo_000040/video.mp4,people cheering
video/UxBvDjoU8JI_000046/video.mp4,strike lighter
video/8inrvRctXQ0_000039/video.mp4,playing squash
video/rCB9BicDeyE_000056/video.mp4,alarm clock ringing
video/5RBELTvPwPA_000021/video.mp4,metronome
video/q5TtDc6RKiQ_000056/video.mp4,baltimore oriole calling
video/eW1_7NRmh6I_000150/video.mp4,frog croaking
video/ej9hTqRxWpA_000030/video.mp4,typing on computer keyboard
video/ohQhjIk-qB0_000132/video.mp4,tractor digging
video/_jeeRPUalag_000755/video.mp4,playing tuning fork
video/G-Z9WNT5asw_000074/video.mp4,missile launch
video/2b0eM8lWGCQ_000030/video.mp4,horse neighing
video/CB1JIYWrzTs_000033/video.mp4,cell phone buzzing
video/6GoWuxmiXRc_000070/video.mp4,mynah bird singing
video/xB2jrWz3N8E_000042/video.mp4,playing djembe
video/xM8c2szyqx4_000003/video.mp4,spraying water
video/MJEE2eBqZfc_000330/video.mp4,playing harp
video/9-b18y3Nexg_000285/video.mp4,train horning
video/JwhuPQxlCpg_000030/video.mp4,toilet flushing
video/KtUaKwCqJkA_000027/video.mp4,footsteps on snow
video/eb8SGIofp5w_000030/video.mp4,people farting
video/ixn9yG0ny8w_000030/video.mp4,playing bass guitar
video/98T0aXt-aq0_000190/video.mp4,elephant trumpeting
video/G3Ze1ntr30g_000440/video.mp4,baby laughter
video/A7pW5W-4snM_000150/video.mp4,vacuum cleaner cleaning floors
video/S4NcIl_T80Y_000109/video.mp4,golf driving
video/XI6TRMIk71Q_000125/video.mp4,playing mandolin
video/Pzj3929ka4c_000000/video.mp4,typing on typewriter
video/T_kADs0ZIeM_000713/video.mp4,people marching
video/2K_kjDyISPg_000283/video.mp4,cupboard opening or closing
video/C7KSF6CW6EM_000357/video.mp4,tractor digging
video/iYp3boUJ9j8_000550/video.mp4,playing ukulele
video/Sy5pDAby-aI_000110/video.mp4,bird wings flapping
video/hFkC9DzHoho_000099/video.mp4,playing bassoon
video/DPlDZTcVI7c_000024/video.mp4,squishing water
video/MAbDEeLF4cQ_000030/video.mp4,skateboarding
video/VldL5A1xugE_000048/video.mp4,cupboard opening or closing
video/Sg0Jr79ObPo_000034/video.mp4,playing bugle
video/Q_FvbcPieNo_000030/video.mp4,basketball bounce
video/_XYa-N7WrTQ_000030/video.mp4,mouse squeaking
video/oJe-kIzMuiU_000041/video.mp4,playing mandolin
video/kTflV6v77qU_000043/video.mp4,beat boxing
video/93iKhilUKHo_000020/video.mp4,playing zither
video/vRoArfxoUJk_000017/video.mp4,golf driving
video/BuUeaE2Qf_A_000040/video.mp4,bird wings flapping
video/h9DKRk_i7f0_000041/video.mp4,yodelling
video/769EHEG4Mqc_000000/video.mp4,playing didgeridoo
video/MrHp70quN94_000030/video.mp4,"motorboat, speedboat acceleration"
video/cb2348GeL-8_000172/video.mp4,playing ukulele
video/LysFhHBYTmE_000040/video.mp4,"female speech, woman speaking"
video/iS8YQGp2_ng_000030/video.mp4,rapping
video/36v-AEu7uAU_000030/video.mp4,"bee, wasp, etc. buzzing"
video/hDDBWwEJX60_000000/video.mp4,people eating apple
video/NSbXOm-dmxs_000170/video.mp4,splashing water
video/9EL_wYpAj6I_000355/video.mp4,francolin calling
video/jEP-WEblweY_000115/video.mp4,train horning
video/7YRSmXk33Uw_000334/video.mp4,sharpen knife
video/20Qksqlj4dc_000370/video.mp4,"playing marimba, xylophone"
video/F-bjopMLAo4_000090/video.mp4,barn swallow calling
video/D6zJCzkFVRQ_000030/video.mp4,playing cello
video/rRvtQ18RBH8_000000/video.mp4,waterfall burbling
video/PGNL08Ak-2s_000027/video.mp4,train horning
video/YYPoB3gJkPM_000030/video.mp4,singing choir
video/cfi_mCKjbyw_000040/video.mp4,people belly laughing
video/aJy80ff2TbU_000030/video.mp4,wind rustling leaves
video/3mkiTkMVemM_000030/video.mp4,"motorboat, speedboat acceleration"
video/IiPFL45UAmc_000049/video.mp4,chopping wood
video/VIQqrHGMJRQ_000173/video.mp4,playing bassoon
video/w_HNeSi_UQ0_000313/video.mp4,swimming
video/EhlXJGEcuBU_000010/video.mp4,playing tambourine
video/QRKc90kuAaE_000560/video.mp4,playing cymbal
video/c1klSUY4RdA_000000/video.mp4,underwater bubbling
video/UNszjohTeVA_000001/video.mp4,firing muskets
video/cxw91PSTRq8_000120/video.mp4,machine gun shooting
video/U2Ek06LbrYs_000030/video.mp4,crow cawing
video/GYx6HNQbP1w_000030/video.mp4,playing electric guitar
video/xUh3zW3bkNU_000005/video.mp4,police car (siren)
video/N9hbVla0XmE_000087/video.mp4,playing bass drum
video/EkNx30baO0I_000111/video.mp4,striking pool
video/iuHG1hALYQk_000001/video.mp4,playing squash
video/BBgW_3zDdto_000030/video.mp4,playing trumpet
video/NbLpJ-nPdBc_000118/video.mp4,dinosaurs bellowing
video/2NKHzLvsfXk_000113/video.mp4,bowling impact
video/OWRq3B8Sd24_000240/video.mp4,playing harmonica
video/A4jzYzlzgC4_000009/video.mp4,cell phone buzzing
video/UNYAVwZc2pU_000037/video.mp4,cat hissing
video/qdWXoj_xV0c_000007/video.mp4,penguins braying
video/AOH4vRCpxww_000004/video.mp4,cupboard opening or closing
video/ia3opw_Vu54_000054/video.mp4,swimming
video/5xwG0JrH2oU_000420/video.mp4,playing tabla
video/ZMN2Bs_Cr1A_000450/video.mp4,basketball bounce
video/DfKk-fK_gvQ_000153/video.mp4,people battle cry
video/OMcoFfaCaGM_000030/video.mp4,playing synthesizer
video/5bsUYmXIgMA_000000/video.mp4,playing steelpan
video/A6T7Pu4pL1M_000030/video.mp4,singing choir
video/4VoWe5E1kmI_000330/video.mp4,playing sitar
video/0PKdFG3iB8w_000430/video.mp4,playing tabla
video/XgDKqGfheRE_000030/video.mp4,playing bass guitar
video/GwC4fiIM0mU_000611/video.mp4,ripping paper
video/gAAaCdIv_Jg_000179/video.mp4,sharpen knife
video/l-s4_WiLAAw_000016/video.mp4,opening or closing car electric windows
video/RIQzc8Gx0q4_000026/video.mp4,electric grinder grinding
video/YuiQRYaF9SA_000030/video.mp4,playing mandolin
video/k2j4tZRDt3U_000342/video.mp4,lip smacking
video/EqgVljnECRY_000170/video.mp4,opening or closing drawers
video/jRRAu-hdI2g_000025/video.mp4,car passing by
video/1qh5aSSZrxA_000156/video.mp4,playing tambourine
video/PZACLpEasFU_000030/video.mp4,typing on computer keyboard
video/QeNiYt0y5Bc_000001/video.mp4,"race car, auto racing"
video/K3Q8Gi6oPIg_000030/video.mp4,chicken crowing
video/NgCb15bD3eo_000000/video.mp4,playing harmonica
video/ovmrWtaq3og_000017/video.mp4,playing cornet
video/XMeqz20c3nI_000093/video.mp4,canary calling
video/s9tf9PpC5yw_000010/video.mp4,bird wings flapping
video/1e0_4dwF9A4_000030/video.mp4,goose honking
video/E9fvVHNgC7A_000102/video.mp4,running electric fan
video/DCZeMextoMU_000034/video.mp4,parrot talking
video/7-G0kK4FIdM_000030/video.mp4,people whistling
video/M6XLGqoquxI_000000/video.mp4,people sobbing
video/jQEi2K1fvRI_000263/video.mp4,black capped chickadee calling
video/2Dr7gDL46NU_000050/video.mp4,opening or closing drawers
video/_X69MdLl5rU_000018/video.mp4,dog bow-wow
video/VKVcOb8oFqY_000500/video.mp4,planing timber
video/UzAXqTsdtjY_000560/video.mp4,playing didgeridoo
video/8aYRcSu-9Y8_000012/video.mp4,dog bow-wow
video/d4riR8ZeH9k_000040/video.mp4,eagle screaming
video/gA9Nmsj3j1M_000013/video.mp4,stream burbling
video/rLmNuF9xTPI_000030/video.mp4,typing on computer keyboard
video/gOIOGyPfy0c_000003/video.mp4,tractor digging
video/78S8DnvLQDY_000030/video.mp4,baby babbling
video/m4HJsIC5-x0_000345/video.mp4,cow lowing
video/g3JUdaGVCLk_000030/video.mp4,goat bleating
video/SktasHTBGow_000145/video.mp4,rope skipping
video/-aXWYfAdovc_000230/video.mp4,"bee, wasp, etc. buzzing"
video/hwdxp1xG-jQ_000077/video.mp4,playing erhu
video/kMM-QZptLmE_000540/video.mp4,church bell ringing
video/9WtK0gh4ugE_000030/video.mp4,ambulance siren
video/QalzlvZGJEw_000383/video.mp4,lip smacking
video/asoxqXVk68Q_000145/video.mp4,bouncing on trampoline
video/o3F3tUpmVaw_000030/video.mp4,police car (siren)
video/eaLhdHS_3uU_000130/video.mp4,driving motorcycle
video/HByDu4uOFY4_000246/video.mp4,playing trumpet
video/HOGj4kLWmxs_000030/video.mp4,playing hammond organ
video/iiAWiz5IGMw_000425/video.mp4,sharpen knife
video/-RUIfdLiXdk_000045/video.mp4,"heart sounds, heartbeat"
video/NMl7j-Q1DEE_000035/video.mp4,playing bassoon
video/lAQMH50jym8_000000/video.mp4,people belly laughing
video/FLuiWytkGd4_000029/video.mp4,snake hissing
video/30cHPFm09aY_000100/video.mp4,mosquito buzzing
video/0qDs_aC0LwI_000005/video.mp4,mouse squeaking
video/bn1TUcXPHfA_000223/video.mp4,playing bugle
video/OcARIiLtPVg_000000/video.mp4,yodelling
video/fFSnuSjcrzw_000039/video.mp4,"alligators, crocodiles hissing"
video/BvmCtRBeF04_000582/video.mp4,footsteps on snow
video/HYojEoDJiQc_000049/video.mp4,hammering nails
video/RCrvBDoPDGw_000000/video.mp4,sea waves
video/4ZuK4TQEVv0_000005/video.mp4,running electric fan
video/PHNkzsSrofY_000214/video.mp4,dog bow-wow
video/9ipjwnbdxmg_000120/video.mp4,coyote howling
video/g7bhQwjUSq0_000080/video.mp4,"bird chirping, tweeting"
video/a_ruWnMK1MA_000350/video.mp4,"bird chirping, tweeting"
video/NnI1MoU_MT8_000085/video.mp4,playing lacrosse
video/VfNh9LIuYH0_000022/video.mp4,magpie calling
video/ZHspqva9lCM_000231/video.mp4,disc scratching
video/nYM95RKzxEs_000235/video.mp4,playing shofar
video/B7ji5hTzBVA_000038/video.mp4,firing muskets
video/SgCRYHWzTmU_000012/video.mp4,"electric shaver, electric razor shaving"
video/UP30sk9je00_000049/video.mp4,tractor digging
video/BRTOWkKiKu0_000030/video.mp4,people eating
video/5VCZHHd4UKI_000098/video.mp4,cheetah chirrup
video/pDgllMmDvsA_000002/video.mp4,penguins braying
video/PlF1Z9YWZck_000075/video.mp4,elephant trumpeting
video/LyravGP_Li8_000264/video.mp4,"electric shaver, electric razor shaving"
video/9FnCP6GoFOs_000000/video.mp4,police car (siren)
video/wtK7qeeGoDY_000110/video.mp4,female singing
video/ViP3M-Hlm18_000030/video.mp4,playing french horn
video/nE1mlwUIKO0_000069/video.mp4,playing drum kit
video/QB1jroqGo6U_000117/video.mp4,bull bellowing
video/lfSWthnCbHo_000324/video.mp4,shot football
video/S1zqcPCbOfk_000046/video.mp4,playing hockey
video/AWet9qFT15M_000079/video.mp4,"pigeon, dove cooing"
video/2fKgYlCx_As_000026/video.mp4,people sobbing
video/ukUxhx6Rchc_000030/video.mp4,playing sitar
video/RQMUz0NFx6o_000420/video.mp4,"playing marimba, xylophone"
video/kQ7tkcg8Xag_000300/video.mp4,people marching
video/8hT_Cg551_0_000030/video.mp4,goose honking
video/Gbfx746UJN8_000030/video.mp4,tap dancing
video/zNgRUFOj3HI_000030/video.mp4,playing synthesizer
video/i52hyDAEsgE_000240/video.mp4,lawn mowing
video/C2BFL4F6zOM_000062/video.mp4,rope skipping
video/FqZR5xJFOtI_000120/video.mp4,frog croaking
video/mofxODOJLAU_000030/video.mp4,sloshing water
video/APag9oaOG_w_000674/video.mp4,people slurping
video/eq2XqmviZD4_000085/video.mp4,playing trumpet
video/pb1RbeEwwmc_000005/video.mp4,playing congas
video/ZXbnWlzc0ro_000540/video.mp4,lawn mowing
video/rR1h4DuOER0_000108/video.mp4,playing badminton
video/Rd4J03pDav8_000348/video.mp4,playing tennis
video/XE0yaKh5vj4_000030/video.mp4,"female speech, woman speaking"
video/mbyM2mDDRBk_000080/video.mp4,"bee, wasp, etc. buzzing"
video/Yw40aGSoGYw_000078/video.mp4,cell phone buzzing
video/YuvmP7Lsr2k_000030/video.mp4,"male speech, man speaking"
video/fZ_U28ayAFc_000051/video.mp4,cheetah chirrup
video/Eh7FRr85AQs_000030/video.mp4,playing didgeridoo
video/eWGGj4duzIo_000110/video.mp4,female singing
video/SMAOB1Wt6QQ_000406/video.mp4,playing tennis
video/a7WAfwKi88Q_000030/video.mp4,people babbling
video/JdzRzkTzmMw_000098/video.mp4,writing on blackboard with chalk
video/l70yarlcd-I_000029/video.mp4,fire truck siren
video/4G9OxASMGKE_000100/video.mp4,people finger snapping
video/EeLaQWSb1t0_000113/video.mp4,cutting hair with electric trimmers
video/PWxH3l6Iri4_000000/video.mp4,wind chime
video/8_qj-mTMWxY_000050/video.mp4,running electric fan
video/GafN7X_ifI0_000030/video.mp4,horse clip-clop
video/qfClIKHj7wc_000020/video.mp4,cat meowing
video/BwCcnTKiYv8_000412/video.mp4,lip smacking
video/e5ME1cZa2Yk_000045/video.mp4,metronome
video/-WVmsxGujF0_000052/video.mp4,spraying water
video/0JkiTl-4B5E_000017/video.mp4,playing oboe
video/k5OqgeB7bvo_000207/video.mp4,tornado roaring
video/PBqkaGV6yDg_000028/video.mp4,horse neighing
video/skxOyyYReQk_000030/video.mp4,sailing
video/W_Rr3hZw4Yk_000007/video.mp4,chipmunk chirping
video/mjLyKhmOGYo_000178/video.mp4,playing tambourine
video/EzLADnLsNRs_000030/video.mp4,bird wings flapping
video/lgB6_lVDpvc_000020/video.mp4,stream burbling
video/1ZgXgyEJSbc_000390/video.mp4,playing tabla
video/AK0kZUDk294_000002/video.mp4,"subway, metro, underground"
video/Wdg90rCeA34_000508/video.mp4,playing table tennis
video/lvP08twtwdg_000315/video.mp4,running electric fan
video/KzCgXauRqKM_000017/video.mp4,disc scratching
video/wOVDCEfrw-E_000128/video.mp4,pheasant crowing
video/mohlfADrrP0_000000/video.mp4,church bell ringing
video/Sh_ehsV4ofk_000179/video.mp4,playing castanets
video/DH8Fb1kKsGM_000020/video.mp4,"playing marimba, xylophone"
video/YZiGDqWNLX4_000110/video.mp4,playing trombone
video/iHL96O04zDo_000012/video.mp4,cuckoo bird calling
video/UAhzckt0y3U_000030/video.mp4,dog barking
video/E-WjW9XWyq0_000440/video.mp4,playing vibraphone
video/3oGWyWYbFyk_000006/video.mp4,elk bugling
video/ZLhwJe2uawk_000862/video.mp4,electric grinder grinding
video/fqvUeh_JTic_000072/video.mp4,chinchilla barking
video/-VpYtEHyLm4_000191/video.mp4,chimpanzee pant-hooting
video/jtlOOOTpZYM_000263/video.mp4,arc welding
video/ae-0CmRei-k_000063/video.mp4,eletric blender running
video/0bJgHzGSqK0_000002/video.mp4,sloshing water
video/ig59gOwKj0k_000105/video.mp4,popping popcorn
video/2MKPKDQcgVc_000036/video.mp4,train wheels squealing
video/bjvnTxWP7vo_000090/video.mp4,playing cymbal
video/opSdcEJ1UF0_000371/video.mp4,people battle cry
video/ftVOFLwSxCg_000022/video.mp4,dinosaurs bellowing
video/IMQtdwaG8I8_000101/video.mp4,forging swords
video/f_8Jnw9bU64_000008/video.mp4,magpie calling
video/12C-RCb6UFw_000430/video.mp4,"subway, metro, underground"
video/ZBd00-iJodI_000027/video.mp4,magpie calling
video/D668Jl6zuAk_000190/video.mp4,"child speech, kid speaking"
video/SZnCYgHGjWE_000030/video.mp4,sloshing water
video/19_c58yNYVw_000010/video.mp4,thunder
video/POaBsehllg4_000260/video.mp4,skateboarding
video/ez50pKMB62U_000064/video.mp4,lip smacking
video/5m7dAEgdqq8_000052/video.mp4,barn swallow calling
video/36ToDxW_hns_000090/video.mp4,playing mandolin
video/2VUXFpZh6xI_000028/video.mp4,beat boxing
video/PBpDa1TTqZo_000308/video.mp4,dinosaurs bellowing
video/bU2DcKTehgo_000240/video.mp4,skateboarding
video/wnpgfk58Ws8_000039/video.mp4,bathroom ventilation fan running
video/-aK9JKAGme0_000051/video.mp4,cheetah chirrup
video/b82OS1AtRio_000140/video.mp4,wind rustling leaves
video/7C-OTkTHHBY_000000/video.mp4,playing french horn
video/_dMKUFMq2n8_000202/video.mp4,rope skipping
video/Daa2SyGiFBA_000361/video.mp4,playing hockey
video/J2zZ026RO9c_000095/video.mp4,train whistling
video/fMqCV2R-PF0_000095/video.mp4,francolin calling
video/i3HsITnarf4_000030/video.mp4,chainsawing trees
video/DWBCU0G6HGU_000010/video.mp4,mouse pattering
video/rISwHbEC01M_000016/video.mp4,train wheels squealing
video/Xeib4Gnw_Sc_000086/video.mp4,ice cracking
video/C-H88K5GdQE_000020/video.mp4,playing trombone
video/kJaUTXwvy7o_000030/video.mp4,playing bagpipes
video/GglIHiqClGM_000030/video.mp4,playing timpani
video/EaiB4-Dizms_000470/video.mp4,playing piano
video/SKK-sj5krTc_000073/video.mp4,people booing
video/7Qbmg7h_ECk_000038/video.mp4,electric grinder grinding
video/qAOjOLJDHYw_000030/video.mp4,crow cawing
video/wSb_KND6sa0_000029/video.mp4,air horn
video/RJmH-Tx9XuQ_000145/video.mp4,playing tennis
video/0slyl34xWug_000010/video.mp4,splashing water
video/ESKallQizu8_000019/video.mp4,"playing marimba, xylophone"
video/HPOBl_BzybA_000005/video.mp4,door slamming
video/QpFdUoMjf3w_000035/video.mp4,yodelling
video/TNCJ68vFKg8_000120/video.mp4,people belly laughing
video/6ieXDFjLKNo_000230/video.mp4,lions roaring
video/SVQ_3JHjJ8w_000560/video.mp4,car passing by
video/EjqjnaA1nVg_000030/video.mp4,playing trumpet
video/MnGVz1Xu4L4_000075/video.mp4,train wheels squealing
video/D7sYo1XWj5Y_000036/video.mp4,playing volleyball
video/Rdu3_LWIlgE_000400/video.mp4,"railroad car, train wagon"
video/r4dIxMaDoP4_000250/video.mp4,playing bagpipes
video/9_eXYyA8N18_000530/video.mp4,"child speech, kid speaking"
video/0FjrveIENzI_000020/video.mp4,people shuffling
video/15aMq3FEyjQ_000026/video.mp4,sea lion barking
video/tJeSG7_rM2I_000257/video.mp4,opening or closing car electric windows
video/QlqF_YbgSuA_000116/video.mp4,people nose blowing
video/kOkmzQhIyXY_000210/video.mp4,people gargling
video/kaHPxMgc6vY_000026/video.mp4,police car (siren)
video/hcWZexmBe20_000080/video.mp4,playing hammond organ
video/LAOf7hEPxTA_000030/video.mp4,playing tabla
video/McM8ub5JMi4_000220/video.mp4,"bee, wasp, etc. buzzing"
video/h_U-Seegsmo_000018/video.mp4,footsteps on snow
video/ovFG_3EjFac_000005/video.mp4,people shuffling
video/ktGL1UtXXBw_000230/video.mp4,opening or closing car doors
video/Qm7qy9cJcO8_000003/video.mp4,penguins braying
video/rYCF5tUINZU_000127/video.mp4,playing tuning fork
video/9XHRHFTY0iU_000409/video.mp4,people cheering
video/uVZcPl7llEI_000717/video.mp4,scuba diving
video/x6zdZuTpMVM_000300/video.mp4,playing theremin
video/xJwJXKFTYgY_000040/video.mp4,cricket chirping
video/O67-3jP1DUs_000443/video.mp4,slot machine
video/rTNkSWXTKUY_000000/video.mp4,"ice cream truck, ice cream van"
video/Z19eXPsa2FU_000341/video.mp4,running electric fan
video/PS_MJe02QQo_000046/video.mp4,volcano explosion
video/ZN1L5NaaikI_000002/video.mp4,children shouting
video/TjF7KY9R8Kc_000020/video.mp4,thunder
video/74p3DLeDCHE_000030/video.mp4,playing acoustic guitar
video/r4EiF70842U_000080/video.mp4,typing on typewriter
video/Xn0GIKVyMw4_000209/video.mp4,metronome
video/lLdaRlWf2GU_000040/video.mp4,turkey gobbling
video/dP6opIF4AEA_000350/video.mp4,cricket chirping
video/hFKmJx0_Fkg_000030/video.mp4,church bell ringing
video/fADh7oXi16w_000029/video.mp4,roller coaster running
video/F2GlSHPf8PA_000014/video.mp4,playing table tennis
video/-fmmdkXn5YA_000210/video.mp4,people belly laughing
video/QXe9BpTENCc_000030/video.mp4,playing sitar
video/uvlhlXGMPos_000030/video.mp4,dog growling
video/mrWO0Ib5HE4_000570/video.mp4,hair dryer drying
video/L-syzwlD05s_000000/video.mp4,driving motorcycle
video/FcYTmYV1eVg_001089/video.mp4,playing hockey
video/VFXf1DTi2IA_000383/video.mp4,"electric shaver, electric razor shaving"
video/T9dKp1EN4p8_000030/video.mp4,playing didgeridoo
video/vZPygZ5oN2s_000170/video.mp4,playing piano
video/AlnFwT2U1xM_000163/video.mp4,parrot talking
video/ie47-Wjj4Zw_000063/video.mp4,ferret dooking
video/J12HPLJd84Q_000120/video.mp4,chopping food
video/IU_j5shHQP4_000430/video.mp4,squishing water
video/STrIfVNpIGc_000006/video.mp4,playing shofar
video/Lyj48v3SEzs_000075/video.mp4,lip smacking
video/nEX4I5j6H-Y_000151/video.mp4,playing congas
video/nzrNxN3vG1w_000030/video.mp4,female singing
video/5Sf62hLcusw_000187/video.mp4,people eating noodle
video/9JISgXvxb4Y_000086/video.mp4,gibbon howling
video/uEVID59IoHE_000030/video.mp4,playing flute
video/70CtvdsGQf4_000002/video.mp4,cat caterwauling
video/24FO7pGNJKU_000030/video.mp4,fox barking
video/NvIZAovN5s8_000308/video.mp4,airplane
video/IMKIBJD-JSM_000013/video.mp4,disc scratching
video/7G0CFAGswrw_000240/video.mp4,"playing marimba, xylophone"
video/AJttSbZwVew_000030/video.mp4,"engine accelerating, revving, vroom"
video/NcPJaZwMrG8_000200/video.mp4,bird wings flapping
video/bcm_HtYj_98_000000/video.mp4,cupboard opening or closing
video/XLWzKHJDG-w_000030/video.mp4,sliding door
video/6P6z2S6XLIs_000264/video.mp4,airplane
video/XxSqS6lv2FQ_000070/video.mp4,air horn
video/9RNNZ3e-9IA_000028/video.mp4,dog barking
video/t0txEC0Rhdg_000000/video.mp4,helicopter
video/4zfkNQuVPYw_000003/video.mp4,barn swallow calling
video/ME7oIRHOPlE_000040/video.mp4,bathroom ventilation fan running
video/u40UhoSPegQ_000030/video.mp4,cat purring
video/_z72jRCSaeE_000134/video.mp4,gibbon howling
video/2_C5yMbxKpY_000011/video.mp4,bowling impact
video/KwlYiJEy0Po_000130/video.mp4,playing cymbal
video/R9MmLB_WMzk_000560/video.mp4,bird wings flapping
video/x08pzuGeBFg_000170/video.mp4,people running
video/k8lCsWaHiko_000030/video.mp4,goose honking
video/uI6wFzp1KdI_000078/video.mp4,firing muskets
video/EqFttu-PgP0_000030/video.mp4,playing clarinet
video/4go6CQ_RhYQ_000250/video.mp4,hair dryer drying
video/XCruoE-LnKE_000004/video.mp4,golf driving
video/MXoUiFrXVak_000011/video.mp4,"electric shaver, electric razor shaving"
video/mD52aTBpYKE_000281/video.mp4,striking bowling
video/cdhpPQr5xnU_000017/video.mp4,turkey gobbling
video/0aaLWD7TUSU_000030/video.mp4,"rowboat, canoe, kayak rowing"
video/QyvAU6kcHBw_000083/video.mp4,cow lowing
video/z7jT2JOA1qs_000090/video.mp4,dog growling
video/HiM0cqYAV7Q_000020/video.mp4,lions roaring
video/HxQgKit-huA_000000/video.mp4,people crowd
video/HCAiOseeH1o_000086/video.mp4,eagle screaming
video/0s62qg0kfJE_000013/video.mp4,warbler chirping
video/gyiAvHSYyVY_000018/video.mp4,plastic bottle crushing
video/lNG8l7BtwQo_000000/video.mp4,skateboarding
video/mZIBXZlICgw_000000/video.mp4,driving motorcycle
video/ebvV-vMMmpg_000038/video.mp4,pheasant crowing
video/5__UnpOFMZo_000005/video.mp4,telephone bell ringing
video/KsSbIGkUf7Y_000313/video.mp4,playing drum kit
video/uMhcYnqX2B0_000010/video.mp4,"cattle, bovinae cowbell"
video/aDxgGqd05S0_000030/video.mp4,people eating
video/S5-JYwnAqbU_000007/video.mp4,playing volleyball
video/00QQLLcny14_000083/video.mp4,"electric shaver, electric razor shaving"
video/Xt7KQzo7qV4_000090/video.mp4,playing bagpipes
video/doaQC-S8de8_000000/video.mp4,playing trumpet
video/P68FS_ooLAE_000030/video.mp4,lighting firecrackers
video/PrFFOuorXEE_000030/video.mp4,playing french horn
video/PrAm5YVvXx8_000010/video.mp4,dog howling
video/4qevqi0-WYk_000110/video.mp4,people screaming
video/CdSt0vG0uk0_000320/video.mp4,people crowd
video/CCN07fpfaOY_000024/video.mp4,bathroom ventilation fan running
video/mKGeZUBnPns_000010/video.mp4,mouse pattering
video/Ng9bw-BkB94_000030/video.mp4,eletric blender running
video/rmPfJgDBeQ8_000020/video.mp4,stream burbling
video/QNRche7AZkM_000270/video.mp4,"male speech, man speaking"
video/nKe3zn_yk94_000031/video.mp4,slot machine
video/Wb9Ghlv40_o_000073/video.mp4,metronome
video/MQ6ckvo-f2k_000050/video.mp4,lighting firecrackers
video/2es7oZzwLWM_000030/video.mp4,playing zither
video/SL90sfXc-jQ_000042/video.mp4,people booing
video/NEi-LsJkgE4_000030/video.mp4,singing choir
video/TWFlTwAIvd0_000013/video.mp4,dog baying
video/3uLeK7Lr6W8_000007/video.mp4,wind chime
video/5sWGDGyBUhM_000022/video.mp4,people gargling
video/vzqv9lqcdkg_000060/video.mp4,barn swallow calling
video/aE-_vO4AagE_000070/video.mp4,toilet flushing
video/3H3261x-QgI_000030/video.mp4,goat bleating
video/4GclkzsR830_000030/video.mp4,car passing by
video/j0F9mLuDDZo_000550/video.mp4,pumping water
video/GbV_0hIYtqo_000049/video.mp4,cuckoo bird calling
video/M61BBJpvvx8_000030/video.mp4,using sewing machines
video/ntqyUbRYiOc_000030/video.mp4,duck quacking
video/R1RGIgC-xKw_000030/video.mp4,playing banjo
video/l_JwjOxG1_Y_000007/video.mp4,sheep bleating
video/ZydWsLOtJGU_000763/video.mp4,playing table tennis
video/ltysCJWnvsI_000030/video.mp4,rapping
video/dySzuSBqPnE_000007/video.mp4,ripping paper
video/ScNLWuogqpI_000150/video.mp4,turkey gobbling
video/573QotnRHDY_000030/video.mp4,playing zither
video/We33slLA2yI_000000/video.mp4,bathroom ventilation fan running
video/5s_yHWgA1O0_000199/video.mp4,ripping paper
video/5LkqdnZARL8_000030/video.mp4,female singing
video/Ry5c8frvq1g_000390/video.mp4,using sewing machines
video/ZXsQAXx_ao0_000050/video.mp4,"male speech, man speaking"
video/oXiB2dl-7fw_000136/video.mp4,blowtorch igniting
video/O-Y1CBYW0-M_000040/video.mp4,playing bagpipes
video/gmdmwR01IdY_000040/video.mp4,car engine knocking
video/CguHOT6Ve3E_000020/video.mp4,waterfall burbling
video/qm0u7bsHQeI_000044/video.mp4,parrot talking
video/-kPDH9n0PG4_000310/video.mp4,"railroad car, train wagon"
video/FMLhPfYb-oY_000030/video.mp4,lions roaring
video/7CbQWONEGLk_000270/video.mp4,cutting hair with electric trimmers
video/Z3pUlB0EFjA_000106/video.mp4,hail
video/iNFsYjfTRlA_000030/video.mp4,"pigeon, dove cooing"
video/K76Ua0dvUd0_000041/video.mp4,bathroom ventilation fan running
video/FhaxyhtVfCA_000011/video.mp4,ambulance siren
video/rj5DZMMg3eQ_000192/video.mp4,tornado roaring
video/7mQCtRG83wo_000010/video.mp4,playing timpani
video/D9yNCDer4YM_000094/video.mp4,electric grinder grinding
video/Gq18sNMO6UY_000500/video.mp4,arc welding
video/9dQZetLWxwg_000075/video.mp4,dog baying
video/EW2eK_x3Rfc_000020/video.mp4,playing shofar
video/4BO6EbCTKwM_000016/video.mp4,"motorboat, speedboat acceleration"
video/h_m8EqsraXs_000206/video.mp4,lions growling
video/iJX8yWBTJw8_000020/video.mp4,people humming
video/k0F_Z8quZ98_000940/video.mp4,playing hockey
video/LI46aCaqKQg_000108/video.mp4,playing congas
video/JdEUbNpEMQ4_000030/video.mp4,people farting
video/k0YT5ZNdXj0_000280/video.mp4,roller coaster running
video/rjYPJUBcoN8_000050/video.mp4,"donkey, ass braying"
video/Ls7NdyZ0atk_000090/video.mp4,hair dryer drying
video/rOGWjfzN7D8_000023/video.mp4,playing tuning fork
video/ABNmO9SewG8_000030/video.mp4,"bee, wasp, etc. buzzing"
video/ZeFA4i5ZaBU_000112/video.mp4,playing congas
video/AwNxh9Ogwck_000030/video.mp4,stream burbling
video/vl60ONQpA_8_000000/video.mp4,swimming
video/3twm2ErD0kM_000154/video.mp4,playing cornet
video/JOwoXKwhiEs_000148/video.mp4,playing hockey
video/A_oDbD4CiR4_000085/video.mp4,metronome
video/077aWlQn6XI_000030/video.mp4,reversing beeps
video/aeFlHmaZMoU_000200/video.mp4,otter growling
video/eMN-HFZMaKc_000160/video.mp4,playing gong
video/HVnJ1PKOR-4_000077/video.mp4,slot machine
video/TRk-fdiqqSA_000490/video.mp4,people whistling
video/-ZSgg6jFUd8_000688/video.mp4,people eating crisps
video/G5-Q3SegMa0_000030/video.mp4,playing flute
video/k1vIk-7zyNE_000159/video.mp4,train whistling
video/8eYlzvOnrVI_000080/video.mp4,playing trombone
video/7HF6OiDKaQA_000232/video.mp4,chipmunk chirping
video/nKIxqC6L24k_000069/video.mp4,train whistling
video/XXye9fPaHbY_000030/video.mp4,raining
video/emARK6c6Snk_000010/video.mp4,turkey gobbling
video/NgyeHliItww_000000/video.mp4,using sewing machines
video/EM2O8RPZcuk_000000/video.mp4,"cattle, bovinae cowbell"
video/mEL68q2FRBo_000100/video.mp4,child singing
video/aZxm-nYkpNs_000003/video.mp4,cricket chirping
video/CZpzlNUH_Hc_000030/video.mp4,cricket chirping
video/J3koDvZY6Ag_000030/video.mp4,playing zither
video/vsCHW_rvUx0_000198/video.mp4,plastic bottle crushing
video/EzxFkw7UL-k_000050/video.mp4,chinchilla barking
video/GmGWvBNO8JI_000030/video.mp4,tapping guitar
video/vUui_D_rT9c_000034/video.mp4,chicken clucking
video/_ZC6yk5iE1I_000026/video.mp4,playing trumpet
video/2C7SzKv2uLU_000041/video.mp4,female singing
video/Fxl4CpEjcQU_000008/video.mp4,fire crackling
video/GteGTGl7sE0_000000/video.mp4,lions growling
video/C4GudvmdUHI_000237/video.mp4,metronome
video/sVGVLQV75AE_000037/video.mp4,playing bugle
video/_l3rjC9t25c_000935/video.mp4,lip smacking
video/9j-M5q5uSr8_000140/video.mp4,"female speech, woman speaking"
video/BoZq15USPso_000030/video.mp4,playing drum kit
video/6TrIWYcBxBM_000010/video.mp4,people hiccup
video/INCP-fQ1HDQ_000007/video.mp4,children shouting
video/8QntTInSS1A_000030/video.mp4,raining
video/2B-xGbzOjYY_000030/video.mp4,playing banjo
video/T-8xETNgtvE_000030/video.mp4,"male speech, man speaking"
video/7J2tMuQgNjo_000040/video.mp4,stream burbling
video/SAWpARHD724_000065/video.mp4,whale calling
video/_NvCMlLCDPQ_000030/video.mp4,printer printing
video/M_3Mk2nMydQ_000030/video.mp4,vacuum cleaner cleaning floors
video/2Szah76TMgo_000002/video.mp4,people running
video/5hSnO76tkIM_000000/video.mp4,"rowboat, canoe, kayak rowing"
video/qrJljKrv-Mo_000092/video.mp4,skiing
video/ApIuCbTZuxc_000150/video.mp4,playing saxophone
video/2rW2I6KmWhw_000030/video.mp4,dog howling
video/A58jDX8MIbs_000020/video.mp4,stream burbling
video/ZHspqva9lCM_000015/video.mp4,disc scratching
video/EgMamkyU2eY_000337/video.mp4,"ice cream truck, ice cream van"
video/mEuLwjBPLxk_000048/video.mp4,playing snare drum
video/dq32VQZwRx0_000002/video.mp4,civil defense siren
video/0HBJuYt2Eys_000032/video.mp4,disc scratching
video/g9Qah25_yH0_000014/video.mp4,baby crying
video/aW3_8p1ElDw_000030/video.mp4,lighting firecrackers
video/XS_Nwd8dxE0_000030/video.mp4,"bird chirping, tweeting"
video/A43JOxLa5MM_000023/video.mp4,chicken clucking
video/mjVFu7dALVA_000060/video.mp4,waterfall burbling
video/DrRqkW2jkF0_000030/video.mp4,lions roaring
video/ZS4Chf9yh8s_000020/video.mp4,mouse squeaking
video/NjazulpHxNY_000020/video.mp4,people coughing
video/BlLPTLJfJv8_000030/video.mp4,sloshing water
video/Ef0c2AieZ24_000130/video.mp4,fireworks banging
video/qYMsdQCggKI_000240/video.mp4,elephant trumpeting
video/L9-nSe9P0l8_000364/video.mp4,people eating noodle
video/W75ol-nF6vo_000040/video.mp4,playing accordion
video/AA_XVhso6IU_000244/video.mp4,"playing violin, fiddle"
video/91z1LeIpLbk_000053/video.mp4,lions growling
video/WU-TO2apOTA_000000/video.mp4,foghorn
video/-zgGL2o1jqw_000080/video.mp4,toilet flushing
video/FQHhMhW4sHw_000040/video.mp4,beat boxing
video/pIXtTgeKAbs_000183/video.mp4,baltimore oriole calling
video/ssUcIXMQ9Sk_000000/video.mp4,playing harmonica
video/GdTTN-uUgvQ_000026/video.mp4,penguins braying
video/On0BP2aY-nk_000061/video.mp4,mynah bird singing
video/idJsQ3F071k_000140/video.mp4,playing sitar
video/Oo3cKxlkQZc_000030/video.mp4,people finger snapping
video/OJ78r7T0AlQ_000059/video.mp4,playing guiro
video/al5JLR2skWY_000090/video.mp4,people babbling
video/ThFhtKGxjZM_000001/video.mp4,alarm clock ringing
video/7mr9UVVsv6I_000030/video.mp4,singing bowl
video/EQh-EIlfCe8_000030/video.mp4,driving buses
video/xV7nHX2RLjQ_000153/video.mp4,air horn
video/Orge4_UlvNI_000280/video.mp4,playing sitar
video/iZDaXkPrI_o_000130/video.mp4,splashing water
video/usctvE5w39M_000328/video.mp4,cell phone buzzing
video/x0-ldlMh_TE_000024/video.mp4,playing tambourine
video/_lkms3GZd1k_000420/video.mp4,lighting firecrackers
video/aALMH6QHOVg_000017/video.mp4,people giggling
video/1woaZGPrY9g_000002/video.mp4,car passing by
video/C5u--e8644k_000157/video.mp4,yodelling
video/6qe-RzVvfyU_000260/video.mp4,hair dryer drying
video/P5KM4kNgvr8_000039/video.mp4,yodelling
video/PWTA3tnJuWM_000015/video.mp4,children shouting
video/toTu8BntJPg_000097/video.mp4,elk bugling
video/Y_Mz8HfaT2U_000030/video.mp4,people finger snapping
video/Ncdv7wCGgYE_000030/video.mp4,vacuum cleaner cleaning floors
video/NI-P75B_tek_000013/video.mp4,popping popcorn
video/qvETVlQ-n98_000087/video.mp4,skiing
video/KP1MVFFFaEc_000043/video.mp4,sloshing water
video/0nib7bMm8BA_000015/video.mp4,canary calling
video/LYo9ZUlwohs_000350/video.mp4,"playing marimba, xylophone"
video/EYcrtHKaZlw_000390/video.mp4,stream burbling
video/LRhGAkeY8YA_000091/video.mp4,missile launch
video/mZ_z2lorJeY_000070/video.mp4,"male speech, man speaking"
video/WGqz-OVwLGs_000040/video.mp4,vacuum cleaner cleaning floors
video/d2wSzdo88gA_000340/video.mp4,using sewing machines
video/V1iHWOwTbUQ_000159/video.mp4,plastic bottle crushing
video/P_utET7TCMQ_000020/video.mp4,people babbling
video/93vN8AS4jHY_000067/video.mp4,police car (siren)
video/74Z5Pqx2HIk_000024/video.mp4,bathroom ventilation fan running
video/QrsgFZBBrzo_000250/video.mp4,playing harmonica
video/lZ6T7D65kys_000066/video.mp4,coyote howling
video/RpJnX6TNPRc_000400/video.mp4,baby babbling
video/LY1m65KuOCc_000030/video.mp4,car engine knocking
video/ywNSGamncv4_000057/video.mp4,writing on blackboard with chalk
video/YVLoWLEfAxk_000004/video.mp4,foghorn
video/hCR2_Lrjw8I_000048/video.mp4,canary calling
video/tI1v26P8feE_000030/video.mp4,playing synthesizer
video/OCIQYk1eMHU_000120/video.mp4,vacuum cleaner cleaning floors
video/ktY_rsii-Pg_000030/video.mp4,duck quacking
video/FgJVcuKfP5A_000037/video.mp4,spraying water
video/OLaCHe5fCtY_000275/video.mp4,tractor digging
video/UtLBZ7hS9nU_000030/video.mp4,people finger snapping
video/oOiwmRV1PBk_000000/video.mp4,playing timpani
video/l4yv0-9H7nU_000270/video.mp4,lawn mowing
video/em7akjDUsWk_000030/video.mp4,playing acoustic guitar
video/3A39m83VhUA_000294/video.mp4,hammering nails
video/vHYXpf8mFbk_000185/video.mp4,wind noise
video/JZHARPuQ6-w_000040/video.mp4,dog whimpering
video/eNekiwtQkdc_000325/video.mp4,popping popcorn
video/8ws1ligErwo_000000/video.mp4,cat meowing
video/a3RfULw7aAY_000000/video.mp4,car passing by
video/mFSYls7foFE_000210/video.mp4,dinosaurs bellowing
video/gu_xJEyk5qg_000065/video.mp4,civil defense siren
video/EDVrjC9uVgA_000025/video.mp4,francolin calling
video/5Fmo6UtGRAA_000030/video.mp4,pumping water
video/qUewZTflBeM_000040/video.mp4,"vehicle horn, car horn, honking"
video/GQge_Yn-SLM_000040/video.mp4,pumping water
video/RS43EP1EXz4_000030/video.mp4,playing ukulele
video/loh7D-LwTag_000216/video.mp4,playing badminton
video/dR3KEENsVbs_000000/video.mp4,"playing marimba, xylophone"
video/fjJPvFZswhg_000030/video.mp4,singing bowl
video/G7IRrV4fNpU_000191/video.mp4,tractor digging
video/rpxgZXOkr1A_000030/video.mp4,people eating
video/nbS9NjA7Ywg_000078/video.mp4,squishing water
video/mwZ__VNBuJU_000180/video.mp4,cap gun shooting
video/xuMBy2NoROI_000030/video.mp4,driving motorcycle
video/kKTBsC_L8kE_000677/video.mp4,playing snare drum
video/KXn7InqM3yo_000030/video.mp4,people crowd
video/LataVY-O5FA_000090/video.mp4,disc scratching
video/ZSjJ0Wop4m0_000000/video.mp4,mouse squeaking
video/zdtVT2xwrHU_000030/video.mp4,"male speech, man speaking"
video/IERQwxXxb2E_000163/video.mp4,cutting hair with electric trimmers
video/UIll96Hdmd4_000094/video.mp4,parrot talking
video/fMtJPzrUsJQ_000024/video.mp4,playing lacrosse
video/GBLKj2d0iC4_000030/video.mp4,playing theremin
video/Pvsrn7bxz9Y_000024/video.mp4,chinchilla barking
video/UESue-_05Vs_000000/video.mp4,people whistling
video/p9APx09mYsI_000472/video.mp4,playing shofar
video/hpLvqSrTRTQ_000030/video.mp4,basketball bounce
video/YM27M-R0kIA_000000/video.mp4,horse neighing
video/xbpucbIm_2Y_000100/video.mp4,civil defense siren
video/QLEXmKz-MV4_000070/video.mp4,playing cymbal
video/tFhWe7lscQw_000159/video.mp4,rope skipping
video/v-J-jzNonoY_000040/video.mp4,cat purring
video/SeJgbt7DCY8_000080/video.mp4,playing bagpipes
video/rmL21Z7wZuk_000020/video.mp4,blowtorch igniting
video/01j_x89dowI_000481/video.mp4,hammering nails
video/AF7OSOdwhG8_000311/video.mp4,tornado roaring
video/uki8gvAywnU_000125/video.mp4,people humming
video/3cmhZ992twY_000813/video.mp4,arc welding
video/NJu6ZVyUyjo_000106/video.mp4,hail
video/assj01YCKFI_000070/video.mp4,children shouting
video/N3i32rhrX-s_000014/video.mp4,baby crying
video/5w09zIROwIE_000967/video.mp4,"ice cream truck, ice cream van"
video/yOP7z54BXYo_000030/video.mp4,playing harpsichord
video/q81ptFSA4mk_000080/video.mp4,goose honking
video/4P5Z2aU9SQw_000098/video.mp4,playing table tennis
video/e_ySE_yqUyg_000130/video.mp4,"electric shaver, electric razor shaving"
video/6pHo6fPdPvM_000030/video.mp4,playing bass guitar
video/FxkZsO4Kd78_000022/video.mp4,black capped chickadee calling
video/pqCySqmhVwQ_000293/video.mp4,skiing
video/FmekHi2dLdI_000083/video.mp4,sheep bleating
video/ciVsS-oZEPc_000144/video.mp4,elephant trumpeting
video/8S7zsWndDfk_000070/video.mp4,opening or closing drawers
video/dW-rmWpBj88_000520/video.mp4,people shuffling
video/AeBc20MLAic_000248/video.mp4,hammering nails
video/-BftHoV-kXI_000168/video.mp4,underwater bubbling
video/WegRDdpH2ks_000518/video.mp4,car engine starting
video/RMVwodtLI88_000631/video.mp4,sailing
video/KYn98MMX3pg_000213/video.mp4,people eating noodle
video/pEDafzZbNwE_000030/video.mp4,firing cannon
video/Awtmlyq0MY8_000030/video.mp4,people burping
video/LRODueKSk2M_000040/video.mp4,playing electronic organ
video/QP_ZCssCySw_000340/video.mp4,thunder
video/Mr--N4d6lIM_000323/video.mp4,"male speech, man speaking"
video/kG64kC8XlR8_000490/video.mp4,"subway, metro, underground"
video/JEgaH1K6Q8w_000024/video.mp4,cattle mooing
video/jw-9ndWahTg_000001/video.mp4,sea lion barking
video/jPoPMzmjtLg_000137/video.mp4,opening or closing car electric windows
video/Zv65oGwauxs_000030/video.mp4,playing harp
video/__2MwJ2uHu0_000004/video.mp4,playing erhu
video/X0LgBnGmy1w_000150/video.mp4,ocean burbling
video/IJNf5hJzf5M_000006/video.mp4,door slamming
video/JKJ1okT8Vpw_000006/video.mp4,sea lion barking
video/lnWP_zWFpBg_000030/video.mp4,playing steelpan
video/xPLasulOZtQ_000027/video.mp4,skiing
video/BzQw9qtl32o_000010/video.mp4,playing theremin
video/9YSvwsbk9Dw_000040/video.mp4,waterfall burbling
video/EsJPJ4MXhs4_000030/video.mp4,dog barking
video/4f05q_UD-Q0_000020/video.mp4,snake rattling
video/iX71wBMIn5k_000380/video.mp4,frog croaking
video/GcbCOmNiVm8_000000/video.mp4,playing ukulele
video/OaCK8uzagUs_000010/video.mp4,people nose blowing
video/0fqtA_ZBn_8_000030/video.mp4,playing sitar
video/Y_H9pAXuz6M_000070/video.mp4,playing cymbal
video/qQhNzixQvM4_000220/video.mp4,mouse pattering
video/VeUQBYHtFB8_000365/video.mp4,playing mandolin
video/TL8RgJHhdbA_000000/video.mp4,airplane flyby
video/IUItviB2VsQ_000030/video.mp4,singing choir
video/Kx8xFS9jbjg_000004/video.mp4,alarm clock ringing
video/uegvMPjZizA_000010/video.mp4,people running
video/JzeESfyss5g_000244/video.mp4,shot football
video/ISdguQ3flPA_000033/video.mp4,bouncing on trampoline
video/GjoBV2mf8jo_000080/video.mp4,playing castanets
video/sE7fflraCpY_000009/video.mp4,playing gong
video/zfUTuz6G6R8_000229/video.mp4,people eating apple
video/dIy0sMn4HsY_000001/video.mp4,lathe spinning
video/tMzxjJygrH4_000002/video.mp4,playing table tennis
video/gUZOZP-sgng_000330/video.mp4,typing on computer keyboard
video/ZKsNHjqLM1s_000046/video.mp4,cuckoo bird calling
video/ui8KSwZjbdU_000111/video.mp4,chinchilla barking
video/VfquVEoPZq8_000097/video.mp4,lions growling
video/H88svrfkkNU_000000/video.mp4,basketball bounce
video/jaXf_AlCBK4_000100/video.mp4,arc welding
video/9_L9CXHPd9M_000100/video.mp4,sailing
video/FVk1LVQ5K98_000530/video.mp4,"bee, wasp, etc. buzzing"
video/10RyykoW3Mw_000030/video.mp4,female singing
video/WZLxZKna7xY_000276/video.mp4,hedge trimmer running
video/aOH6ZezITMc_000016/video.mp4,popping popcorn
video/qYauQjr6oi0_000106/video.mp4,barn swallow calling
video/2pV6t7CO0Bc_000230/video.mp4,playing piano
video/_4fbBN17g90_000209/video.mp4,"ice cream truck, ice cream van"
video/rFc4AF-Ur8c_000030/video.mp4,pig oinking
video/jc1CQQpJY7Q_000278/video.mp4,whale calling
video/PnDQGrMCnts_000280/video.mp4,"railroad car, train wagon"
video/Bk_xS_fKCpk_000030/video.mp4,people screaming
video/jLtZk7lKmjk_000210/video.mp4,chicken crowing
video/lmaIgor5XTg_000030/video.mp4,car passing by
video/r_TgaHCsYB0_000030/video.mp4,playing timpani
video/1Mvw2601xRg_000158/video.mp4,cuckoo bird calling
video/OCWQSILD8R4_000053/video.mp4,squishing water
video/_RLsXrr0fQo_000080/video.mp4,playing acoustic guitar
video/9gLVI1d6XtU_000112/video.mp4,planing timber
video/29dG2jHRuXI_000037/video.mp4,people marching
video/G8o4P-aM8UE_000085/video.mp4,planing timber
video/p2wc5-uMbWw_000030/video.mp4,"playing violin, fiddle"
video/jfrMpSzrbnk_000006/video.mp4,penguins braying
video/FD2paju93aI_000030/video.mp4,door slamming
video/A2D_eaALRug_000019/video.mp4,hammering nails
video/LDykvT8PuQE_000475/video.mp4,magpie calling
video/CCffUseBsfM_000030/video.mp4,horse clip-clop
video/2YW7WBtqzzQ_000000/video.mp4,people burping
video/mhmVWT-tH1U_000139/video.mp4,ripping paper
video/3ZqS1eG_BRI_000130/video.mp4,rapping
video/lsH-2aCFzP0_000071/video.mp4,train horning
video/kI04KR_InWQ_000000/video.mp4,gibbon howling
video/05je2oOzmV0_000071/video.mp4,smoke detector beeping
video/ZvsHLn8BuBA_000040/video.mp4,people hiccup
video/ybVxvQg1M4Y_000196/video.mp4,rope skipping
video/iW8es1xXsG4_000533/video.mp4,people marching
video/YyQD0ev3loM_000390/video.mp4,people finger snapping
video/eoalVl5ikL4_000030/video.mp4,playing mandolin
video/RKIrnYwFosg_000352/video.mp4,playing badminton
video/-Y-J_aNii3c_000021/video.mp4,people running
video/0fDDlf0Mrp8_000782/video.mp4,swimming
video/uOOGqzu-I_U_000128/video.mp4,people eating noodle
video/mr8uEQKL1GY_000161/video.mp4,running electric fan
video/Xr_wJ4xCnUA_000141/video.mp4,francolin calling
video/gsEgN-dbQjo_000320/video.mp4,people eating
video/yU7fUOrZSVY_000009/video.mp4,arc welding
video/hP6IA_FD-j4_000038/video.mp4,francolin calling
video/blYYW-EUGDA_000030/video.mp4,playing bass guitar
video/EeEAO0rmhE0_000030/video.mp4,cricket chirping
video/whqCUE1I98U_000009/video.mp4,writing on blackboard with chalk
video/9JnCupgoSrc_000181/video.mp4,playing lacrosse
video/2KNJPTMMD4s_000272/video.mp4,ripping paper
video/BjJf35bzNdM_000050/video.mp4,popping popcorn
video/s-5NrplJjlg_000383/video.mp4,"race car, auto racing"
video/b7KM28chL14_000032/video.mp4,tornado roaring
video/YIN5D9ffrtE_000031/video.mp4,coyote howling
video/9Rbte5hjob8_000100/video.mp4,playing cornet
video/pgQxDv8Iugo_000160/video.mp4,people eating noodle
video/EFdgfTqdF3Y_000030/video.mp4,baby laughter
video/1xYpHbg0fEE_000030/video.mp4,female singing
video/MN56LjjbB8k_000018/video.mp4,playing glockenspiel
video/X07KIUzogxU_000026/video.mp4,people slapping
video/rMJacNNPAYo_000134/video.mp4,people humming
video/GSTxgr6KkFs_000022/video.mp4,fire crackling
video/Z1MM7wZH4xA_000139/video.mp4,bowling impact
video/NPYcq7sx6-w_000160/video.mp4,playing bagpipes
video/hr3YL5Sl93M_000071/video.mp4,playing darts
video/ANxHyEeVnV8_000026/video.mp4,barn swallow calling
video/ViQ9oAEdtbE_000216/video.mp4,cell phone buzzing
video/qo9E1wNhdvQ_000299/video.mp4,people eating apple
video/ehxbLaJSGMM_000026/video.mp4,"bird chirping, tweeting"
video/q7HMw2sZznc_000032/video.mp4,sea lion barking
video/ny4wkNf3P40_000001/video.mp4,fox barking
video/j0CcOZJLBDg_000020/video.mp4,ambulance siren
video/gVn7YEKnq0I_000013/video.mp4,"vehicle horn, car horn, honking"
video/Z6QNN-aESFI_000127/video.mp4,playing timbales
video/OBG8doMoB9I_000044/video.mp4,civil defense siren
video/oOoxb4Fr65k_000000/video.mp4,duck quacking
video/Z-6aJyIlXrM_000040/video.mp4,people nose blowing
video/WagLsOTNlF8_000080/video.mp4,basketball bounce
video/CJr8XzTyIr4_000158/video.mp4,playing accordion
video/mxczypKrxSc_000002/video.mp4,sailing
video/_6spzSHLoY0_000030/video.mp4,"motorboat, speedboat acceleration"
video/49PCE6AXrGw_000030/video.mp4,cow lowing
video/FBIbveps_SQ_000030/video.mp4,people sobbing
video/aSJKZRwMsxE_000050/video.mp4,female singing
video/TYHcP8Hjwpg_000110/video.mp4,dog whimpering
video/t0E2aNbebu0_000010/video.mp4,child singing
video/0olhNr566Z0_000018/video.mp4,playing trumpet
video/o7jBSQRJzuQ_000023/video.mp4,cat growling
video/jfyGDGz0yhk_000310/video.mp4,"subway, metro, underground"
video/OHZIUdHm6b4_000078/video.mp4,people marching
video/0YI_WYJVv2M_000030/video.mp4,goat bleating
video/mtAc_bMYBsM_000021/video.mp4,playing castanets
video/pH-qdjZgqis_000113/video.mp4,elk bugling
video/9sxNlZsWmS0_000009/video.mp4,coyote howling
video/5F-8ODtcVuA_000214/video.mp4,playing double bass
video/nttdTFHmH3g_000028/video.mp4,chopping food
video/7ix-byDY_3A_000061/video.mp4,playing guiro
video/VPM383zJz68_000030/video.mp4,"railroad car, train wagon"
video/eo0BtTJ9axE_000062/video.mp4,children shouting
video/PpK09wcJWVE_000030/video.mp4,sailing
video/TD2O6KbnF-Q_000044/video.mp4,cutting hair with electric trimmers
video/3Lu6lM69r6Q_000196/video.mp4,firing muskets
video/F2ojsUmHFYg_000603/video.mp4,ripping paper
video/HRaMaCCoRCY_000210/video.mp4,"child speech, kid speaking"
video/WmxNXcXMcdw_000113/video.mp4,playing congas
video/lrCA2ow4PPE_000160/video.mp4,lawn mowing
video/A8L0mC1_Geg_000400/video.mp4,bird wings flapping
video/0CEsVHHkwww_000030/video.mp4,driving snowmobile
video/AzhAMscTxyc_000030/video.mp4,"motorboat, speedboat acceleration"
video/RSAyz5c3JmM_000160/video.mp4,ambulance siren
video/h__4MI_GgpM_000140/video.mp4,firing cannon
video/DKN30Bwf_HQ_000030/video.mp4,thunder
video/FZ6SAZzghk0_000030/video.mp4,playing didgeridoo
video/ZQ_d8kWsrUc_000637/video.mp4,planing timber
video/CM1TyRRGGd0_000061/video.mp4,francolin calling
video/yEUED8z7whI_000534/video.mp4,playing darts
video/bC1qDfkRyEs_000087/video.mp4,sharpen knife
video/WesKosc-_c0_000047/video.mp4,playing bugle
video/0VXKu_hIxpk_000115/video.mp4,running electric fan
video/lndowS7ZYlA_000166/video.mp4,playing darts
video/jWqqtybjzXE_000030/video.mp4,typing on typewriter
video/UWizNEHrzCY_000017/video.mp4,dog barking
video/Ih7sLCzExYU_000030/video.mp4,"bird chirping, tweeting"
video/a9nYajr1QhQ_000087/video.mp4,arc welding
video/e57SBRbMXbI_000080/video.mp4,lions roaring
video/sAL3qAUtF20_000101/video.mp4,playing castanets
video/A6PMpITUNMs_000180/video.mp4,children shouting
video/VvEIueKlA2k_000093/video.mp4,black capped chickadee calling
video/0GBi8uR4ZeM_000007/video.mp4,playing bassoon
video/68GwPMFYoeY_000230/video.mp4,people battle cry
video/tVK9-hEfbnY_000021/video.mp4,chinchilla barking
video/FrHCQ5x2pNQ_000020/video.mp4,waterfall burbling
video/FsBC8LIZ7eI_000045/video.mp4,hammering nails
video/EQVZLtlDkHw_000030/video.mp4,playing acoustic guitar
video/3YsrgnOjgEU_000271/video.mp4,playing tympani
video/EHMsqbesAIE_000019/video.mp4,hail
video/HaGQnzWOAUo_000434/video.mp4,hedge trimmer running
video/tav0edwEqow_000059/video.mp4,people eating crisps
video/1n6JyJt4kJ4_000018/video.mp4,train horning
video/PLg7FE5Vp58_000184/video.mp4,scuba diving
video/TUpX4p-Ej_o_000390/video.mp4,train wheels squealing
video/F7UpJnEONHk_000030/video.mp4,vacuum cleaner cleaning floors
video/qyQNZMPZLtU_000060/video.mp4,"bee, wasp, etc. buzzing"
video/w6inG9Js2Fg_000048/video.mp4,people marching
video/_gY3Z2pWGsA_000150/video.mp4,people farting
video/QAIZ0EOUwKs_000171/video.mp4,chimpanzee pant-hooting
video/O_ps1uO85v0_000030/video.mp4,typing on computer keyboard
video/6JP64vCAsdQ_000040/video.mp4,foghorn
video/fAwWq02NG5I_000034/video.mp4,playing badminton
video/dPcgzRPF_yA_000031/video.mp4,planing timber
video/CR6wbyGorPg_000072/video.mp4,wind chime
video/3eBoAlHnttY_000030/video.mp4,singing choir
video/iC0iQ1QKan4_000785/video.mp4,lip smacking
video/PEGpW0BhDMw_000674/video.mp4,people slurping
video/nsF7XYUGx7g_000308/video.mp4,tornado roaring
video/fAns8GJzYeQ_000030/video.mp4,waterfall burbling
video/1RfdLnNRLfA_000149/video.mp4,cupboard opening or closing
video/6k4lcF9IGUk_000150/video.mp4,basketball bounce
video/y48xjWp-Bwk_000045/video.mp4,chinchilla barking
video/Evh-bm79BgQ_000275/video.mp4,people eating noodle
video/50cOkl6Mz5E_000530/video.mp4,"child speech, kid speaking"
video/v-aKDRpILOE_000470/video.mp4,playing castanets
video/Fihamhv6TJo_000030/video.mp4,people clapping
video/O7puBCRI2Bc_000030/video.mp4,playing flute
video/h8fMUaesCrA_000168/video.mp4,playing trombone
video/29WrIcP3l44_000030/video.mp4,pumping water
video/OrVb-GSGKPI_000032/video.mp4,"fly, housefly buzzing"
video/QnFmMOeStIs_000307/video.mp4,playing darts
video/I4_cuFy_SHc_000220/video.mp4,typing on typewriter
video/nMoJVla31tc_000120/video.mp4,splashing water
video/47mYYtNAp_4_000000/video.mp4,elephant trumpeting
video/V7GTs7ivqyY_000681/video.mp4,yodelling
video/6tV0viL6WPo_000190/video.mp4,scuba diving
video/Ma19m133Lmk_000100/video.mp4,"subway, metro, underground"
video/pFgm8rJ27eg_000060/video.mp4,playing tennis
video/76UZQRJq028_000181/video.mp4,playing tennis
video/JkqXWP4nddE_000012/video.mp4,snake hissing
video/FoHlrQScWl0_000241/video.mp4,tap dancing
video/sKnCwuTOzwE_000053/video.mp4,hail
video/jbffNajOX7M_000019/video.mp4,chimpanzee pant-hooting
video/oUUTJref1jE_000500/video.mp4,playing french horn
video/gqfo078B23o_000086/video.mp4,bouncing on trampoline
video/-S-TDT5oq0Q_000290/video.mp4,cattle mooing
video/5tyZiD0-8z4_000320/video.mp4,"bird chirping, tweeting"
video/uiLrE9GB0Uw_000023/video.mp4,telephone bell ringing
video/RPscbFkdUto_000520/video.mp4,thunder
video/g6GSkrfyK2E_000010/video.mp4,stream burbling
video/3sflCnetnS0_000030/video.mp4,car engine knocking
video/AjLuenrAsbE_000030/video.mp4,playing electric guitar
video/tgTYzeHEuzQ_000171/video.mp4,eletric blender running
video/in6yD9cMxz0_000000/video.mp4,playing timpani
video/m-2-HsrBkak_000030/video.mp4,fire truck siren
video/MGuyIHXGseM_000035/video.mp4,popping popcorn
video/OQHyoW6CVuA_000046/video.mp4,playing hockey
video/WSJKk9M5UsQ_000030/video.mp4,mouse squeaking
video/VrZkUqz2WZI_000290/video.mp4,toilet flushing
video/Jk5dHnmduAg_000320/video.mp4,goose honking
video/JUvqnkyxiSg_000013/video.mp4,sea lion barking
video/C8KVATdHjzA_000030/video.mp4,"vehicle horn, car horn, honking"
video/LwZNG7Uuu7g_000079/video.mp4,sheep bleating
video/tjKzkajbKc0_000030/video.mp4,smoke detector beeping
video/6Y8bKS6KLeE_000030/video.mp4,reversing beeps
video/33xJ9m4Rks8_000001/video.mp4,ferret dooking
video/BeHNQZRpizU_000098/video.mp4,missile launch
video/aNmPy_PCO1I_000080/video.mp4,cattle mooing
video/6Upef-zCzLM_000014/video.mp4,snake rattling
video/SmpsJhL4yUY_000130/video.mp4,playing cymbal
video/7yjEC7Cr6i8_000030/video.mp4,playing harp
video/O-AHz1rgAi0_000122/video.mp4,otter growling
video/epJtFMjV_FI_000000/video.mp4,"vehicle horn, car horn, honking"
video/On8mxembDtg_000550/video.mp4,"railroad car, train wagon"
video/2kHcvpsu_QY_000030/video.mp4,playing french horn
video/zgmAvQF1ojQ_000049/video.mp4,cow lowing
video/utg0tK7cDbE_000030/video.mp4,train horning
video/_-_5kbw2Mcw_000000/video.mp4,people coughing
video/P8Uwpp00DBk_000000/video.mp4,pheasant crowing
video/1n_s2Gb5R1Q_000030/video.mp4,reversing beeps
video/qEhHIQ4tRtM_000048/video.mp4,squishing water
video/KdNOda5craI_000112/video.mp4,playing shofar
video/aPRH3YE7Lpo_000253/video.mp4,"fly, housefly buzzing"
video/9Vg_aX3jhjU_000020/video.mp4,civil defense siren
video/IC9hh-3zlQY_000792/video.mp4,wind chime
video/B4vFb8EJ5Fc_000469/video.mp4,arc welding
video/OGnBrabqdP4_000040/video.mp4,orchestra
video/OlBxrpelaUE_000040/video.mp4,playing tabla
video/7OqsePnrOSo_000061/video.mp4,magpie calling
video/Lp7-GR1vLwA_000410/video.mp4,opening or closing drawers
video/NDyi6BH9r38_000320/video.mp4,cat purring
video/1cwGW0cBdRs_000030/video.mp4,playing theremin
video/K4kl_5Sk-Bk_000030/video.mp4,printer printing
video/LSXoi2-LOuU_000382/video.mp4,roller coaster running
video/kAOsa6_9wBY_000103/video.mp4,spraying water
video/pnRvEfIkgSA_000013/video.mp4,parrot talking
video/3Pfu7BPWvL8_000036/video.mp4,children shouting
video/NIUD5tnT_NQ_000308/video.mp4,people eating noodle
video/Kz4SvP0c_VE_000019/video.mp4,magpie calling
video/4D-eMKR-uYE_000026/video.mp4,skidding
video/gWgWw9oYDcw_000000/video.mp4,horse neighing
video/xDFw2d3ShkY_000030/video.mp4,pig oinking
video/AmC1pCa1GfE_000040/video.mp4,baby babbling
video/yK2GpV5f1a8_000030/video.mp4,people whispering
video/1XO0SqsZhHU_000030/video.mp4,raining
video/qWLvv_rrSH4_000030/video.mp4,playing harmonica
video/Phj3lLEtWlk_000045/video.mp4,underwater bubbling
video/NV5_gB_6VLE_000005/video.mp4,duck quacking
video/MocXmVbat3s_000030/video.mp4,female singing
video/4GPDqOodSUU_000140/video.mp4,people sobbing
video/dtHVjFWdBhw_000308/video.mp4,"heart sounds, heartbeat"
video/Q6ThTeKdgR0_000003/video.mp4,car passing by
video/ov_g-r7Vo8M_000030/video.mp4,playing cymbal
video/rhMpRPQlwmY_000030/video.mp4,firing cannon
video/8ERVM9Uv6hk_000102/video.mp4,tap dancing
video/sKnCwuTOzwE_000032/video.mp4,hail
video/BZ9I6UN9skY_000050/video.mp4,zebra braying
video/Hjyl1n_1muU_000006/video.mp4,cat meowing
video/qz-TAJdo8W4_000159/video.mp4,planing timber
video/6wd7xuHEmaw_000064/video.mp4,mynah bird singing
video/EAHbMk015Rw_000030/video.mp4,thunder
video/63Qy15I3QGE_000030/video.mp4,cat purring
video/cLMvr2qKG6Y_000050/video.mp4,cap gun shooting
video/4ewhrrQCJic_000120/video.mp4,cap gun shooting
video/sAGJCkak8V0_000060/video.mp4,eating with cutlery
video/oCVRgGxkKo4_000090/video.mp4,people babbling
video/Dfs090CuKNM_000030/video.mp4,people crowd
video/ObdJilylBPw_000527/video.mp4,whale calling
video/9-A6dZ8mbjM_000332/video.mp4,slot machine
video/_fprJMwmYoU_000221/video.mp4,cuckoo bird calling
video/kGwrxzwJdRA_000030/video.mp4,people babbling
video/sAL3qAUtF20_000001/video.mp4,playing castanets
video/2Hjy0TDdpNI_000019/video.mp4,tornado roaring
video/6lKfA9uzMOU_000026/video.mp4,female singing
video/Oq0gZiJxP5Q_000018/video.mp4,goose honking
video/U5wpGWF816Q_000030/video.mp4,people sobbing
video/4z8HTrCvEsc_000012/video.mp4,tap dancing
video/JMF7NvH3qoE_000030/video.mp4,"railroad car, train wagon"
video/JtiEjJram8k_000210/video.mp4,"cattle, bovinae cowbell"
video/VTI1k--NxMk_000030/video.mp4,pig oinking
video/D-7c7OP4dFg_000051/video.mp4,"electric shaver, electric razor shaving"
video/qnPXk4FMUhA_000037/video.mp4,elephant trumpeting
video/hTxXqAik2UU_000058/video.mp4,coyote howling
video/cjSTp2d8mBI_000291/video.mp4,sea waves
video/1mzzeozuZ6o_000047/video.mp4,writing on blackboard with chalk
video/igTZmll9MN8_000021/video.mp4,firing cannon
video/nOr0M1EXZSg_000200/video.mp4,tornado roaring
video/JjqHDGzcz6c_000100/video.mp4,vacuum cleaner cleaning floors
video/nUs5SJyQPnM_000350/video.mp4,playing sitar
video/MdwLy7XXAkI_000101/video.mp4,playing bassoon
video/gfFpHArBxQU_000030/video.mp4,playing hammond organ
video/fbmriH12IMg_000077/video.mp4,people humming
video/R7j-rhd-D08_000030/video.mp4,printer printing
video/5bd6SuJvhE8_000003/video.mp4,"electric shaver, electric razor shaving"
video/vchsE_Dn7mo_000112/video.mp4,playing timbales
video/11ruZHgyTKM_000030/video.mp4,chicken crowing
video/3YR887u9elA_000000/video.mp4,mouse squeaking
video/UFyOGqmITjM_000000/video.mp4,"playing violin, fiddle"
video/LmtgH_KHgX8_000080/video.mp4,eating with cutlery
video/VeXcCHo5iMI_000030/video.mp4,playing didgeridoo
video/NbBM82N1Xos_000290/video.mp4,playing sitar
video/Ac5TUAdVR1U_000030/video.mp4,people eating
video/GH4Ae3x12Lk_000006/video.mp4,people sobbing
video/Mv0N1qYWEns_000035/video.mp4,people humming
video/H9nKSRtcxiY_000080/video.mp4,turkey gobbling
video/PEi0EBPIpsQ_000030/video.mp4,black capped chickadee calling
video/JgxnHxZXzrI_000011/video.mp4,lighting firecrackers
video/ljjWDXhYU9A_000018/video.mp4,"electric shaver, electric razor shaving"
video/AFwmMFq_xlc_000390/video.mp4,reversing beeps
video/s5s3aR8Z7I8_000350/video.mp4,car passing by
video/bbR9xUdh-A4_000010/video.mp4,raining
video/sEEP6BHe7ko_000180/video.mp4,playing cymbal
video/GD1vgJwYR4Q_000030/video.mp4,"male speech, man speaking"
video/PWLeqsU7nUI_000131/video.mp4,train wheels squealing
video/jhp75b6frMw_000067/video.mp4,otter growling
video/SBeC9TISHz8_000030/video.mp4,playing mandolin
video/oyVYqVPSL-c_000224/video.mp4,electric grinder grinding
video/BN7SNU4g7hs_000030/video.mp4,playing synthesizer
video/1XxHC7eMNg8_000011/video.mp4,forging swords
video/GCO9y8PWSFg_000396/video.mp4,shot football
video/WGuc_McKm_4_000030/video.mp4,people sniggering
video/RpkcGOcFHIs_000002/video.mp4,people booing
video/jDVH4Xan8S8_000560/video.mp4,playing electronic organ
video/kanqhIJjNk4_000011/video.mp4,striking bowling
video/C7Vig7sU4kQ_001925/video.mp4,child singing
video/uoZwu9hqEuI_000061/video.mp4,playing oboe
video/0N9EN0BEjP0_000430/video.mp4,driving buses
video/MjgUwbwjOzQ_000030/video.mp4,fire crackling
video/5_G0GnKSEw8_000003/video.mp4,female singing
video/WFJ96PH4rvo_000020/video.mp4,dog howling
video/0_FFqLukmHk_000080/video.mp4,people sneezing
video/1p5jl5JeZx8_000117/video.mp4,people cheering
video/0cNYPgD6cEA_000030/video.mp4,male singing
video/Q1n6LAxY7uY_000138/video.mp4,lions growling
video/_SrU3mfTPYg_000032/video.mp4,metronome
video/Dtj3xlb92Vk_000070/video.mp4,playing timbales
video/GGpS5Zychoc_000053/video.mp4,lathe spinning
video/3lkI_scF2eU_000130/video.mp4,chainsawing trees
video/q1Z3kmAyjQk_000390/video.mp4,black capped chickadee calling
video/qTweqjXnIU0_000175/video.mp4,yodelling
video/P-NCCepeHdI_000125/video.mp4,"electric shaver, electric razor shaving"
video/cIDiFidOMvA_000032/video.mp4,air horn
video/-OEJFMpQ-ko_000159/video.mp4,playing darts
video/20qZLse0acs_000030/video.mp4,dog bow-wow
video/iramP9ihj_w_000200/video.mp4,chicken crowing
video/FXGNlx9HJ6I_000036/video.mp4,people booing
video/FxZTKkmtKic_000000/video.mp4,people farting
video/HvtmFczEZBU_000030/video.mp4,"rowboat, canoe, kayak rowing"
video/puxjtmU7H70_000077/video.mp4,people slapping
video/LLAjvllcjZ8_000291/video.mp4,ice cracking
video/MDEdGhE2dUk_000030/video.mp4,printer printing
video/Kqt4BiLQeeI_000220/video.mp4,people coughing
video/D3BJuOwltoI_000010/video.mp4,driving motorcycle
video/IiAg9FMM8sQ_000020/video.mp4,playing accordion
video/g4xhZgKwiNo_000030/video.mp4,playing acoustic guitar
video/KZFD1lRFNaw_000168/video.mp4,hammering nails
video/djJV4GQBOkk_000060/video.mp4,singing bowl
video/Be61A67ltP4_000080/video.mp4,sliding door
video/Byblis6MULI_000030/video.mp4,playing sitar
video/CIJhL5kL8Sg_000788/video.mp4,driving snowmobile
video/Bk34jgx0Vo4_000356/video.mp4,wood thrush calling
video/AkUDv7JexjQ_000520/video.mp4,"motorboat, speedboat acceleration"
video/xNoaAN29jXQ_000351/video.mp4,hedge trimmer running
video/3mtdpXbogzk_000180/video.mp4,"motorboat, speedboat acceleration"
video/JbPNmYKs7P0_000048/video.mp4,"male speech, man speaking"
video/sBDA78U_dps_000090/video.mp4,baby laughter
video/jfWQsvUeg48_000038/video.mp4,underwater bubbling
video/U0uy9GWzSQ8_000065/video.mp4,snake hissing
video/H1NUFnNDcd0_000030/video.mp4,people clapping
video/o9b54vMIu7c_000000/video.mp4,people cheering
video/WHPs1ypOoNc_000327/video.mp4,playing lacrosse
video/5tVUZcDC_Ss_000122/video.mp4,playing tennis
video/8ax7BlXzssY_000000/video.mp4,popping popcorn
video/sUHdX7FS5js_000001/video.mp4,"cattle, bovinae cowbell"
video/_Zh3mvd4Ci8_000050/video.mp4,alarm clock ringing
video/7OuOH15wRhU_000010/video.mp4,magpie calling
video/IJXrQCDz-wc_000233/video.mp4,people eating noodle
video/8GKbDSu9Xd0_000030/video.mp4,playing theremin
video/QBk4A5qgzNc_000200/video.mp4,people eating apple
video/jRImoxsY_uo_000030/video.mp4,mouse squeaking
video/XzwhTltRQcM_000030/video.mp4,playing synthesizer
video/R5FhPTwWpm8_000140/video.mp4,skidding
video/W_xvBhJ4zEM_000026/video.mp4,thunder
video/wKVlEAt1uvM_000197/video.mp4,writing on blackboard with chalk
video/LC1Bw1Rgnj8_000481/video.mp4,people battle cry
video/n3t92d8Xgp8_000020/video.mp4,typing on typewriter
video/62iu37ZuMnw_000030/video.mp4,helicopter
video/2i4UNf8tjvU_000030/video.mp4,wind rustling leaves
video/KAlc9vINwU8_000088/video.mp4,turkey gobbling
video/dyX9ElZE7TQ_000070/video.mp4,playing clarinet
video/nmp9yqhsjqg_000350/video.mp4,playing piano
video/GdFlyobMoAE_000009/video.mp4,playing bongo
video/H0W4T1FCf_A_000052/video.mp4,tornado roaring
video/ZNe6E93k6tI_000050/video.mp4,people burping
video/OlSY8_xG1CU_000167/video.mp4,strike lighter
video/3aJH8XTyWLA_000024/video.mp4,barn swallow calling
video/cQqDrbtd9Ec_000050/video.mp4,sharpen knife
video/XySWOKnenIA_000000/video.mp4,electric grinder grinding
video/Mj51bVlY8Fg_000150/video.mp4,people babbling
video/052VMqTM4Xs_000000/video.mp4,"donkey, ass braying"
video/ljUu7ZnlKZA_000031/video.mp4,"pigeon, dove cooing"
video/KBHROttRHyU_000516/video.mp4,air conditioning noise
video/YOEGhE-dE4g_000326/video.mp4,people giggling
video/_PUM6n6KFcs_000037/video.mp4,opening or closing car doors
video/_2nAf41g-4k_000012/video.mp4,"donkey, ass braying"
video/0vFPs6XsU_Q_000030/video.mp4,male singing
video/KydSULgAHFI_000084/video.mp4,footsteps on snow
video/TmukiN_btGw_000500/video.mp4,"bee, wasp, etc. buzzing"
video/XRGnt50U4EY_000208/video.mp4,lip smacking
video/CeA8--FUxYg_000300/video.mp4,playing cymbal
video/d8hPjmvBv5I_000251/video.mp4,disc scratching
video/2ACsPTob5cY_000349/video.mp4,snake rattling
video/RLij2FHY6VE_000009/video.mp4,dog bow-wow
video/cYS85XxZMuE_000120/video.mp4,toilet flushing
video/6b-072VA4UA_000022/video.mp4,goat bleating
video/oMOSgo1nT04_000011/video.mp4,playing tympani
video/oiNhFODWPVk_000185/video.mp4,tractor digging
video/EVGQc-w5d2I_000014/video.mp4,people nose blowing
video/qp6E1mvT5Zw_000032/video.mp4,hail
video/ff21Bursam0_000160/video.mp4,cattle mooing
video/PVBzryS0QV4_000009/video.mp4,playing shofar
video/QTbtvbzBs00_000038/video.mp4,"playing steel guitar, slide guitar"
video/4H8yUkaCwvA_000030/video.mp4,church bell ringing
video/8nKooEzj2vY_000020/video.mp4,people crowd
video/-T8zbMNxdcw_000207/video.mp4,swimming
video/RXGDlFry3Vo_000030/video.mp4,rapping
video/rv4TRa-btas_000003/video.mp4,sloshing water
video/SUFOgc9Pkd8_000030/video.mp4,dog growling
video/AFwtBviVhhM_000030/video.mp4,playing electric guitar
video/Y0zPnwGCSw0_000048/video.mp4,fox barking
video/5VYm2PFJ9iM_000376/video.mp4,playing cornet
video/2eDP3jKoUd4_000030/video.mp4,owl hooting
video/3-PFuDkTM48_000080/video.mp4,playing accordion
video/dfXl7_lnt0U_000109/video.mp4,bouncing on trampoline
video/pzRIDUOCOlA_000471/video.mp4,driving snowmobile
video/kmktokIWVMQ_000017/video.mp4,zebra braying
video/8MgWAr-7xco_000013/video.mp4,arc welding
video/3PD-JrOG1WA_000000/video.mp4,people hiccup
video/DpxPk752Vco_000230/video.mp4,singing bowl
video/QnSGIwjh_ys_000087/video.mp4,spraying water
video/Z__IjjEMaxw_000092/video.mp4,chopping food
video/W8N8mjzPjZk_000332/video.mp4,cutting hair with electric trimmers
video/FW_ZKuAD_Vo_000039/video.mp4,shot football
video/zzqrZOq928w_000055/video.mp4,train horning
video/5d_TlG_lqxE_000141/video.mp4,whale calling
video/54wNjdYr8ww_000030/video.mp4,thunder
video/6y_53wPp4xo_000130/video.mp4,pumping water
video/XEavANMFzQM_000040/video.mp4,dinosaurs bellowing
video/b13wSZzApXM_000006/video.mp4,playing badminton
video/EgMamkyU2eY_000347/video.mp4,"ice cream truck, ice cream van"
video/sRKyvq20rY4_000002/video.mp4,dog growling
video/XjFF_DpiBHY_000007/video.mp4,people farting
video/LVYHbuggoj8_000050/video.mp4,missile launch
video/IE4pLXxV7MQ_000000/video.mp4,bull bellowing
video/Ftk0nQ6FBO4_000010/video.mp4,bird wings flapping
video/EXhkQXpZmN8_000093/video.mp4,playing shofar
video/LZFfZoHh-Vs_000030/video.mp4,thunder
video/fA3DTxuYh2I_000044/video.mp4,scuba diving
video/2_gogtkUsZ4_000503/video.mp4,hail
video/2nF5FG9GK9k_000025/video.mp4,playing volleyball
video/NKfyi7q0JNU_000030/video.mp4,dog barking
video/5j-4OJ7XpDM_000222/video.mp4,black capped chickadee calling
video/ZIgZ_OKQyF0_000225/video.mp4,"donkey, ass braying"
video/ja-tlXByr4Q_000161/video.mp4,playing double bass
video/MR_SSRoEsf0_000000/video.mp4,playing mandolin
video/jWEjK8LcjDQ_000080/video.mp4,waterfall burbling
video/IIamk2tYJHY_000365/video.mp4,playing oboe
video/YIkaXXmw8ME_000000/video.mp4,people finger snapping
video/AZRLLHGEGBI_000000/video.mp4,whale calling
video/rvxT9Wk8B7o_000007/video.mp4,zebra braying
video/_peXjzFQ2_c_000030/video.mp4,playing trumpet
video/grygJyKvYgs_000030/video.mp4,basketball bounce
video/uh5D5Uuteew_000074/video.mp4,fox barking
video/E3XIdP8kxwg_000110/video.mp4,skateboarding
video/xG5cQ7rcP2o_000123/video.mp4,wood thrush calling
video/BYBRY2mupcc_000030/video.mp4,using sewing machines
video/ns9o7NoLVr8_000030/video.mp4,playing shofar
video/UjQHWBPbySQ_000087/video.mp4,people slapping
video/T9NtIobol04_000070/video.mp4,skateboarding
video/u0aPBeSCVvI_000000/video.mp4,magpie calling
video/yV_rZSH8tBk_000570/video.mp4,people hiccup
video/_sP0THXrjPc_000023/video.mp4,woodpecker pecking tree
video/6Yk15FbL2yw_000081/video.mp4,playing drum kit
video/Qovva-Q5vmM_000424/video.mp4,disc scratching
video/yGeIkgt-Hr0_000019/video.mp4,playing bugle
video/2dBVv-HHhCc_000004/video.mp4,spraying water
video/D9ag3OB7E4k_000000/video.mp4,snake hissing
video/xvdOFvI6tAY_000060/video.mp4,cupboard opening or closing
video/aE2MuxwZJSo_000030/video.mp4,playing bagpipes
video/70nxwCv5v6Y_000080/video.mp4,hammering nails
video/TP50fDa5Cls_000000/video.mp4,people giggling
video/_k2hN2MlHoA_000030/video.mp4,people belly laughing
video/TxK2ZBfuuQY_000070/video.mp4,playing saxophone
video/LlICTLO9aSA_000030/video.mp4,door slamming
video/gR1wqInzmyY_000153/video.mp4,roller coaster running
video/p3wyCHIAO7A_000109/video.mp4,car engine idling
video/GII4Q_FEcU8_000028/video.mp4,tornado roaring
video/oNXXcLtvuoA_000238/video.mp4,people eating crisps
video/61AWnBVuJL0_000040/video.mp4,people sobbing
video/X0AxA0BWZPk_000098/video.mp4,people eating crisps
video/6ZDqSPh5u20_000022/video.mp4,people eating apple
video/JVZkqaHmc9Q_000050/video.mp4,playing accordion
video/3AcKnYk_cLY_000030/video.mp4,"motorboat, speedboat acceleration"
video/fbJxpi7W9ds_000130/video.mp4,playing accordion
video/a2QxlP5DAYQ_000180/video.mp4,playing didgeridoo
video/H4D_eIQZGoE_000200/video.mp4,chicken crowing
video/3vpNLYc0YN4_000110/video.mp4,playing french horn
video/p0c-sBtVkio_000187/video.mp4,playing castanets
video/ZfhY0JZqbQU_000030/video.mp4,lawn mowing
video/_olx6WTK2BA_000000/video.mp4,stream burbling
video/I3izYHSgVTQ_000570/video.mp4,"railroad car, train wagon"
video/KS_5Qiec4AI_000200/video.mp4,warbler chirping
video/f9vxHKU8Au4_000054/video.mp4,playing lacrosse
video/ml07DEX7png_000030/video.mp4,machine gun shooting
video/5R3bR-rkqIk_000146/video.mp4,people eating noodle
video/U2Fuor5iG98_000068/video.mp4,playing tympani
video/ifCmvLNQl3s_000030/video.mp4,crow cawing
video/KRtYq1p2Tyg_000006/video.mp4,playing darts
video/LOHw8cZZ9-U_000450/video.mp4,people belly laughing
video/d8ya35A6yzk_000075/video.mp4,airplane flyby
video/48HhCnV2U7s_000432/video.mp4,spraying water
video/wlmwUt4FU7k_000015/video.mp4,snake rattling
video/PeNLnpalp9s_000030/video.mp4,"female speech, woman speaking"
video/N6e5C5sXdBI_000000/video.mp4,dog howling
video/K1dvHvl0RGo_000030/video.mp4,hair dryer drying
video/RmKcbiWqFOw_000046/video.mp4,cutting hair with electric trimmers
video/6j7GHWM3EJQ_000030/video.mp4,pig oinking
video/0RHZd1P_H2s_000240/video.mp4,canary calling
video/EIZAcxAVS5E_000429/video.mp4,bowling impact
video/QhUa5vXLlCI_000030/video.mp4,baby crying
video/kXLwb3bvCKo_000080/video.mp4,bird squawking
video/ITYq5xoDGK0_000030/video.mp4,chicken clucking
video/sF6jbD_KbVg_000056/video.mp4,mouse clicking
video/sS4SfCOFWxw_000030/video.mp4,people burping
video/adnbNvLOI48_000306/video.mp4,skiing
video/U_qOjkaHjPI_000000/video.mp4,car passing by
video/KL0x2wC-vF0_000000/video.mp4,playing trumpet
video/GPMfyC7Hcp0_000000/video.mp4,"donkey, ass braying"
video/R_VUwn4pFkA_000047/video.mp4,roller coaster running
video/mNHfnVof4FM_000037/video.mp4,cat growling
video/6sHQYwNKJzU_000410/video.mp4,waterfall burbling
video/v7RnP9pIjwU_000343/video.mp4,opening or closing car electric windows
video/rO0jmZHwV8Q_000120/video.mp4,people sniggering
video/55l9j-CggDQ_000030/video.mp4,cat meowing
video/VEmOUHxessE_000010/video.mp4,cap gun shooting
video/0N0C0Wbe6AI_000030/video.mp4,police car (siren)
video/iHltZ6Jp8tI_000121/video.mp4,writing on blackboard with chalk
video/JwAhcHHF2qg_000030/video.mp4,driving buses
video/mlI6dSFpAhs_000250/video.mp4,playing saxophone
video/ZOk7NejyH9Y_000050/video.mp4,mouse pattering
video/65CTVvK_mjE_000040/video.mp4,ocean burbling
video/PfXdcsW8dJI_000500/video.mp4,eating with cutlery
video/vPSzy91QC3o_000150/video.mp4,"vehicle horn, car horn, honking"
video/ROCl79fqrSM_000519/video.mp4,playing tennis
video/UC3J31Brgnw_000022/video.mp4,dog growling
video/K_GkTGJxTSk_000019/video.mp4,chicken clucking
video/5Q-328ATot8_000019/video.mp4,tornado roaring
video/-3Kv4fdm7Uk_000030/video.mp4,playing steelpan
video/N4JQ0uzRjpA_000274/video.mp4,playing erhu
video/VMWmX19efbw_000324/video.mp4,playing lacrosse
video/QO00gXws7ak_000030/video.mp4,goose honking
video/USE3sms5L_Q_000022/video.mp4,chinchilla barking
video/bFfr9DS2qgA_000340/video.mp4,playing harmonica
video/HJg4jZNv1pc_000150/video.mp4,people coughing
video/7PxNzIkuptI_000330/video.mp4,horse neighing
video/8QHoSMEiBAg_000025/video.mp4,driving snowmobile
video/53fTLZAb8FY_000170/video.mp4,people crowd
video/tWJxVNq0N5E_000220/video.mp4,sailing
video/2BNSDDwGxM8_000030/video.mp4,horse clip-clop
video/BK_hqG0d5QE_000030/video.mp4,car engine knocking
video/ficqj4JyX4c_000098/video.mp4,eletric blender running
video/ZP0aFBkk3WE_000092/video.mp4,popping popcorn
video/bAJrcYJgllE_000030/video.mp4,playing synthesizer
video/YetymMpBcvY_000004/video.mp4,cricket chirping
video/myD-He_i2Ao_000199/video.mp4,elk bugling
video/qdfN5FWH1-E_000227/video.mp4,playing djembe
video/S3oZrMGDMMw_000010/video.mp4,people coughing
video/TpCxOe0iYJM_000105/video.mp4,telephone bell ringing
video/BAHUCFLX_oE_000210/video.mp4,playing gong
video/yZNgqVInQGw_000030/video.mp4,female singing
video/Od58AkKIPnA_000060/video.mp4,lathe spinning
video/jrwhxVnvMdk_000030/video.mp4,"playing steel guitar, slide guitar"
video/nKFa6uSX0_k_000060/video.mp4,baby babbling
video/ZXDg02kHzPA_000149/video.mp4,playing glockenspiel
video/pFE9Y4ox72s_000060/video.mp4,playing saxophone
video/J07bcjxK3qM_000137/video.mp4,metronome
video/7MXamVgKszI_000030/video.mp4,cat meowing
video/1MaEJRh2oGY_000089/video.mp4,cheetah chirrup
video/3LNnX2Vq0XM_000000/video.mp4,snake hissing
video/DHSr8GMQSqw_000028/video.mp4,playing tennis
video/0teMcpgy9Jo_000058/video.mp4,pheasant crowing
video/RZnC-ZFEqv8_000079/video.mp4,bowling impact
video/Y1tTc-D6yAo_000028/video.mp4,stream burbling
video/4heWGT4YjiM_000030/video.mp4,people shuffling
video/z0ey7F-i2BI_000030/video.mp4,pig oinking
video/VO1QA-Ihceo_000368/video.mp4,playing guiro
video/AjKzheBybyg_000021/video.mp4,plastic bottle crushing
video/lT1j4b8slBI_000039/video.mp4,people eating apple
video/2_SKjq21NTI_000000/video.mp4,playing clarinet
video/JIemsK_0lXc_000364/video.mp4,playing bass drum
video/qDXFW2kemrE_000310/video.mp4,people sneezing
video/4B0XlqLPFQI_000330/video.mp4,playing gong
video/cWskti2sCCM_000030/video.mp4,ambulance siren
video/6a8Y3l5piBY_000030/video.mp4,car engine starting
video/D10TL67RDVE_000257/video.mp4,scuba diving
video/FmpWIi0pt7o_000094/video.mp4,playing erhu
video/vnlZ_V13P0A_000268/video.mp4,golf driving
video/DV9DC4wwhfo_000050/video.mp4,eating with cutlery
video/i-i4BXmZu6M_000111/video.mp4,playing tuning fork
video/Mgd0Hsgl8gU_000100/video.mp4,machine gun shooting
video/ipSnR0fR_uA_000058/video.mp4,pheasant crowing
video/-zCtwbk005g_000030/video.mp4,cat meowing
video/D6VGsQPmhLU_000030/video.mp4,typing on computer keyboard
video/F7NxfNhi6kM_000298/video.mp4,forging swords
video/_jfv_ziZWII_000060/video.mp4,skidding
video/Zm-sQnazFAQ_000030/video.mp4,dog whimpering
video/HrEUzoS9ErQ_000000/video.mp4,people hiccup
video/6mbQDmij4oQ_000010/video.mp4,playing washboard
video/vkYoVvLldiM_000110/video.mp4,splashing water
video/CIAd34BDDHg_000015/video.mp4,underwater bubbling
video/B4UMgDBY4dY_000766/video.mp4,playing tuning fork
video/DvshDWIzQrI_000046/video.mp4,planing timber
video/HwEIzzTk_Xk_000076/video.mp4,playing tympani
video/WjPOAxomn7c_000623/video.mp4,popping popcorn
video/iZ8LuWYwM2A_000030/video.mp4,people whispering
video/3V-q5MJSzAk_000030/video.mp4,chicken clucking
video/wljCl7Kk51w_000221/video.mp4,playing erhu
video/HkQHdrxx_v0_000010/video.mp4,people sobbing
video/AvIbv-MjpxY_000063/video.mp4,playing volleyball
video/6utponLXbo4_000011/video.mp4,tap dancing
video/LpswiH_Vkes_000021/video.mp4,frog croaking
video/zTWMjJc7g24_000092/video.mp4,playing tympani
video/qUxCOssraHQ_000290/video.mp4,sloshing water
video/AXOtscWe2FQ_000000/video.mp4,"bee, wasp, etc. buzzing"
video/kIphX0k-ED4_000059/video.mp4,children shouting
video/UZoDtHVeVFo_000002/video.mp4,cow lowing
video/7Xfd71mNhUs_000142/video.mp4,chopping wood
video/Hc_UM8l_sTg_000030/video.mp4,"playing steel guitar, slide guitar"
video/LvpgSdHLuCY_000320/video.mp4,baby laughter
video/W1imZelV1h4_000017/video.mp4,pheasant crowing
video/D1Grrka9WdA_000060/video.mp4,playing timbales
video/GmUKPU07kGg_000030/video.mp4,cat growling
video/ro4p6tXgNIA_000450/video.mp4,splashing water
video/QHkb-WsSsDI_000000/video.mp4,mouse clicking
video/zlH9KxAhP5Q_000110/video.mp4,dog growling
video/ZBRItmcal3w_000000/video.mp4,cuckoo bird calling
video/XWVNWn9BpQ4_000258/video.mp4,opening or closing car doors
video/OjGbRQ7e_AU_000134/video.mp4,playing mandolin
video/eq0DpihhSyE_000086/video.mp4,playing glockenspiel
video/efjoT82zC1w_000001/video.mp4,fireworks banging
video/Db8Frl5inQM_001438/video.mp4,"heart sounds, heartbeat"
video/z15CKEUxkEg_000030/video.mp4,baby crying
video/iCIa_pmLDqs_000030/video.mp4,playing banjo
video/TGrNNgXVp44_000077/video.mp4,people eating crisps
video/lQec6VM2Cfw_000050/video.mp4,striking bowling
video/pMqwq6KkVh0_000025/video.mp4,arc welding
video/qY0tqG5jmfs_000043/video.mp4,black capped chickadee calling
video/4-SlE4qtKvw_000239/video.mp4,fox barking
video/jUlH1iDMg3Y_000010/video.mp4,playing saxophone
video/n4ppElF9kQE_000002/video.mp4,eagle screaming
video/wibHmlHjDt8_000175/video.mp4,playing tympani
video/ueLB2kIE04E_000073/video.mp4,police radio chatter
video/JpOT3z8wZlc_000030/video.mp4,dog howling
video/NQ6KHDqUyDA_000270/video.mp4,machine gun shooting
video/kzxmNNpXkF4_000057/video.mp4,mynah bird singing
video/nFbAVA8aGtI_000004/video.mp4,mynah bird singing
video/Gzb4oL8wobU_000738/video.mp4,golf driving
video/zj5JwVSZJJ4_000222/video.mp4,hail
video/O7-ggV4SQRs_000030/video.mp4,helicopter
video/z9Y5GltImjc_000344/video.mp4,people eating apple
video/WRSaaI60MaI_000007/video.mp4,elephant trumpeting
video/jMFHv_n2X0o_000014/video.mp4,playing mandolin
video/o8JY_sqvaQc_000075/video.mp4,playing shofar
video/zNydHH-46z0_000043/video.mp4,playing oboe
video/6zKhO6NCchE_000030/video.mp4,horse neighing
video/RDCeLCJp7NM_000000/video.mp4,coyote howling
video/SCz5A__8owI_000030/video.mp4,singing bowl
video/jii46gf1UkM_000140/video.mp4,"cattle, bovinae cowbell"
video/hf6qJx4tZ6k_000005/video.mp4,chinchilla barking
video/ad5pojL884w_000045/video.mp4,skiing
video/Wx0Aw9na7Jo_000034/video.mp4,cat hissing
video/Ke78LgKo0bA_000061/video.mp4,playing volleyball
video/8s2sjbnkhQw_001145/video.mp4,blowtorch igniting
video/UqtPREndv_0_000000/video.mp4,people eating crisps
video/GvRM_UnjJoE_000030/video.mp4,horse clip-clop
video/MFfsCDIM1U0_000052/video.mp4,rope skipping
video/m5CR9WA20dE_000020/video.mp4,airplane
video/jAS9X6lJdJo_000030/video.mp4,playing bass guitar
video/bJB2A8QPl8w_000070/video.mp4,playing saxophone
video/gJxlJNXizr4_000011/video.mp4,dinosaurs bellowing
video/X_H5Po34RuQ_000280/video.mp4,chicken clucking
video/T6NG4llF5Yw_000032/video.mp4,playing erhu
video/9A4wz85FItc_000154/video.mp4,skiing
video/QupB4NN8fI0_000030/video.mp4,playing cello
video/aBI4otPGdKU_000390/video.mp4,playing harmonica
video/LiHQ6oUWCNM_000070/video.mp4,people sneezing
video/STnJkHshBas_000010/video.mp4,mosquito buzzing
video/RWooh7PP1i0_000071/video.mp4,popping popcorn
video/jECrXThRVh8_000256/video.mp4,canary calling
video/Y5PXkSzapQc_000058/video.mp4,playing cornet
video/8n7z8HZxeqQ_000312/video.mp4,ripping paper
video/NtDrO2ZlnTs_000050/video.mp4,people slapping
video/r6av66aRAJg_000030/video.mp4,car passing by
video/ZnEEAfLC9Sg_000170/video.mp4,fireworks banging
video/ZENfhZYyv-M_000030/video.mp4,crow cawing
video/mCY1Z1cmc-s_000359/video.mp4,people eating noodle
video/EsoKL_41uOc_000023/video.mp4,door slamming
video/l3GbL9gwidg_000111/video.mp4,skiing
video/v94qdpJqK9w_000030/video.mp4,firing cannon
video/3UEM541IenE_000010/video.mp4,people farting
video/QI5VGU2pris_000060/video.mp4,ocean burbling
video/WEO8b6NRYUs_000213/video.mp4,chopping food
video/XdNW5tS4u3w_000014/video.mp4,playing tambourine
video/IvUXQLAqHz4_000971/video.mp4,ripping paper
video/W5eOW25vvbw_000030/video.mp4,playing bass guitar
video/z8U54KBQed8_000030/video.mp4,opening or closing car doors
video/25QsgUI0x8U_000020/video.mp4,orchestra
video/loKkvegkPJ8_000030/video.mp4,people whispering
video/3J_ytWQYTug_000168/video.mp4,"heart sounds, heartbeat"
video/OqcyTQMUnMw_000057/video.mp4,"donkey, ass braying"
video/d3gUXsTbmQQ_000038/video.mp4,zebra braying
video/1KiFXylkPpg_000010/video.mp4,playing electronic organ
video/_pGWT7NWrTY_000040/video.mp4,mouse clicking
video/fX2Augg8Zk8_000030/video.mp4,ocean burbling
video/1CIh0UNxXrI_000050/video.mp4,opening or closing car doors
video/gTUu9V5zAME_000078/video.mp4,playing shofar
video/bZOJYhzt5_U_000240/video.mp4,playing oboe
video/OZJmpLg1Dgs_000097/video.mp4,ferret dooking
video/NXCTvtrCPXs_000177/video.mp4,chipmunk chirping
video/Ubo-gKFkdM4_000030/video.mp4,pig oinking
video/jft3BVoxqjo_000061/video.mp4,playing washboard
video/fzlYfY5A5sM_000250/video.mp4,"bee, wasp, etc. buzzing"
video/WDI5peW22Jc_000021/video.mp4,cattle mooing
video/GCDWVj9BjU8_000012/video.mp4,lions roaring
video/jjobvHzPstY_000020/video.mp4,typing on typewriter
video/0f2Q2J0AwQQ_000377/video.mp4,scuba diving
video/WJIcGFOnRXs_000040/video.mp4,lions roaring
video/axSlCt0ZHVI_000151/video.mp4,eagle screaming
video/dVYjJc2KdnY_000090/video.mp4,frog croaking
video/TgJHM5oSWio_000008/video.mp4,people sneezing
video/inbq6rkW5-M_000005/video.mp4,"fly, housefly buzzing"
video/MdoVZI0jRaE_000020/video.mp4,playing darts
video/GdKodhqDt80_000265/video.mp4,eagle screaming
video/EoHwMG_92V4_000221/video.mp4,metronome
video/wBU6_43ofGY_000070/video.mp4,people eating crisps
video/FrnRa5sseEM_000104/video.mp4,playing castanets
video/Nsjm00Bwebo_000140/video.mp4,bird squawking
video/m6LfCI3KJNI_000030/video.mp4,cattle mooing
video/cRmK3sTf-Ow_000065/video.mp4,cheetah chirrup
video/B-yqXExuYrk_000405/video.mp4,playing bass drum
video/W6KsrR_Nkrk_000000/video.mp4,metronome
video/BfrgQGGlUMk_000065/video.mp4,people battle cry
video/zWYncDWXgPk_000002/video.mp4,ice cracking
video/fSq_FkcHCk8_000087/video.mp4,people humming
video/oUovG1mLKv0_000147/video.mp4,running electric fan
video/Iyf2C0_SwuQ_000000/video.mp4,thunder
video/eCcMwDKQLCA_000040/video.mp4,typing on typewriter
video/6tlsgZfA9zs_000020/video.mp4,playing zither
video/D-A7agR6y4w_000110/video.mp4,playing drum kit
video/XTFD-XHCo2Q_000000/video.mp4,barn swallow calling
video/nrWb1MVZY0g_000153/video.mp4,people slapping
video/-z3n74RK92U_000006/video.mp4,car engine knocking
video/J9TaPK4a3cw_000133/video.mp4,female singing
video/3hLxPQpmfQo_000030/video.mp4,skidding
video/HIDb-C5YRa4_000010/video.mp4,people cheering
video/mbLiZ_jpgeY_000020/video.mp4,driving motorcycle
video/uL-lfYCuzEQ_000060/video.mp4,cat purring
video/N7tVUQOobkY_000289/video.mp4,people eating noodle
video/DFTZgruYPL4_000115/video.mp4,"alligators, crocodiles hissing"
video/hboxHDBnQrA_000023/video.mp4,cupboard opening or closing
video/tRfJMsacjpk_000044/video.mp4,playing double bass
video/lZGS5QP6gFI_000016/video.mp4,chipmunk chirping
video/3rOi5Gd0LLY_000250/video.mp4,splashing water
video/Qcs_IMPM0BA_000090/video.mp4,people booing
video/8sDQkl2g4AA_000030/video.mp4,"bird chirping, tweeting"
video/FxazUcUfh1o_000030/video.mp4,"rowboat, canoe, kayak rowing"
video/gTXz4thnsYQ_000100/video.mp4,vacuum cleaner cleaning floors
video/navn7jCBp_o_000120/video.mp4,playing steelpan
video/_pzvPXCV6ds_000030/video.mp4,people burping
video/fumA4irXnyQ_000030/video.mp4,fire crackling
video/kpRmoK3V6NQ_000049/video.mp4,striking pool
video/XYLDjkXAuec_000380/video.mp4,fire truck siren
video/r6QD2E-YesI_000030/video.mp4,people eating
video/Wx65BBbjCIQ_000120/video.mp4,airplane flyby
video/FJNNtgukxUs_000122/video.mp4,opening or closing car doors
video/W-7iKuidOeg_000010/video.mp4,cat growling
video/C31lRcmAASo_000182/video.mp4,squishing water
video/dnBRWaI4E38_000020/video.mp4,cat meowing
video/TP-uSCjMiYY_000250/video.mp4,playing squash
video/TR4-xSB97w8_000030/video.mp4,crow cawing
video/s477WHLPoOU_000000/video.mp4,playing piano
video/MF88IYF2MHY_000000/video.mp4,cat caterwauling
video/Zy0GQxZoFfU_000214/video.mp4,people cheering
video/_cES7Twcq18_000006/video.mp4,playing cornet
video/v-_LhiWK2j8_000336/video.mp4,missile launch
video/-_f_ClsDxyc_000080/video.mp4,playing clarinet
video/lkv2qFT7slY_000030/video.mp4,basketball bounce
video/6xdUjauOQaA_000215/video.mp4,foghorn
video/S8fjyxM7DgU_000010/video.mp4,thunder
video/Aky0DF507fw_000170/video.mp4,playing didgeridoo
video/zhFzDzfOCik_000111/video.mp4,volcano explosion
video/C70SFMHqnRI_000120/video.mp4,turkey gobbling
video/K3CenN7d30Y_000030/video.mp4,chicken crowing
video/Zi54i2jukS0_000294/video.mp4,airplane
video/aOOqSWgmRJM_000033/video.mp4,"playing violin, fiddle"
video/6_cb0olNqDk_000038/video.mp4,chopping wood
video/u7iDdlWkmAk_000023/video.mp4,playing tambourine
video/P_BjFvh__1I_000020/video.mp4,gibbon howling
video/3h_Y5S3zdas_000360/video.mp4,playing flute
video/tmkOomSM_So_000080/video.mp4,"cattle, bovinae cowbell"
video/KXO4lC4LjxI_000011/video.mp4,lathe spinning
video/bqwHCsEztNE_000030/video.mp4,singing bowl
video/6uMAVCznTbA_000480/video.mp4,hair dryer drying
video/KcC_g1wPovM_000080/video.mp4,waterfall burbling
video/hwVjfCpBT1M_000063/video.mp4,rope skipping
video/9RNvMneZR7U_000326/video.mp4,striking bowling
video/JIjMPvlO00I_000148/video.mp4,wind noise
video/1tobDIRRV0A_000030/video.mp4,crow cawing
video/hidrmMfy49s_000014/video.mp4,playing trumpet
video/maG3tkd7WJY_000075/video.mp4,people nose blowing
video/zBuVTpKmgQE_000020/video.mp4,playing tambourine
video/l52-LCtXNeE_000010/video.mp4,"bee, wasp, etc. buzzing"
video/f3iOuKzhUlQ_000030/video.mp4,printer printing
video/15Mw2jyyHk0_000030/video.mp4,playing bass guitar
video/U-Qe9aNkrdE_000030/video.mp4,"female speech, woman speaking"
video/G8VETC-kEio_000049/video.mp4,bathroom ventilation fan running
video/GwWXDwqgWjo_000335/video.mp4,playing tuning fork
video/WwJCpREP1zU_000020/video.mp4,playing tabla
video/HFQrHE2H8Ho_000080/video.mp4,playing piano
video/Ap_IlJVRHtw_000230/video.mp4,lighting firecrackers
video/4BFOgNwhpkQ_000336/video.mp4,eagle screaming
video/87n8vF8MbHU_000084/video.mp4,parrot talking
video/3C2Z0FCcuk4_000025/video.mp4,barn swallow calling
video/Ns9Zf0DrFlk_000212/video.mp4,cat caterwauling
video/3P2O0e0luWA_000020/video.mp4,cuckoo bird calling
video/6M4vQCuhOSw_000160/video.mp4,cattle mooing
video/14XML4NbS38_000005/video.mp4,chicken crowing
video/DYTLct-5tVs_000000/video.mp4,people coughing
video/XT4XDJR-HtQ_000057/video.mp4,air horn
video/pXGuj0q9ai0_000105/video.mp4,male singing
video/BzcOUlROXVo_000110/video.mp4,playing harmonica
video/3ptxRyVuU0w_000520/video.mp4,machine gun shooting
video/Mp_87MQx6Ms_000040/video.mp4,mosquito buzzing
video/0foC-4n-eH0_000000/video.mp4,sliding door
video/LaUs2LAnO1w_000123/video.mp4,playing castanets
video/zCshWxv85bE_000001/video.mp4,warbler chirping
video/1vrR6Im_RDo_000030/video.mp4,female singing
video/vuM1fLlNR4o_000030/video.mp4,stream burbling
video/4YHYnWM_jMQ_000083/video.mp4,"electric shaver, electric razor shaving"
video/6wRJg4fbELE_000003/video.mp4,bull bellowing
video/WsfNsX9qA20_000079/video.mp4,playing guiro
video/sKQ6qt6uT18_000027/video.mp4,playing djembe
video/bd4H-XjFNiM_000213/video.mp4,rope skipping
video/48Jgt4igVEI_000021/video.mp4,sailing
video/TA-iHSeEUYk_000040/video.mp4,people coughing
video/5gWlAdGamFo_000646/video.mp4,striking pool
video/LwY71kBf_tY_000200/video.mp4,driving motorcycle
video/noH950QMOLg_000198/video.mp4,playing snare drum
video/8J4YSr55IbY_000009/video.mp4,people babbling
video/aDKmQyQPjGQ_000000/video.mp4,playing hammond organ
video/WUZOa6rFj6s_000030/video.mp4,playing french horn
video/vMjN76Ja4kQ_000136/video.mp4,planing timber
video/_OocUoF31oE_000059/video.mp4,playing tambourine
video/wtiaDouhixI_000217/video.mp4,ice cracking
video/CwgPdC20hew_000310/video.mp4,playing zither
video/MGuyIHXGseM_000045/video.mp4,popping popcorn
video/1mfghenMj_E_000010/video.mp4,fireworks banging
video/rKwsKLBKTIY_000059/video.mp4,people humming
video/2ziVlZtnZzg_000170/video.mp4,bouncing on trampoline
video/UcRfbzTOipc_000050/video.mp4,squishing water
video/OWJ_fMJFjWQ_000358/video.mp4,car engine idling
video/XA9I4QiBuWQ_000132/video.mp4,playing double bass
video/gvcDHXQfIN0_000026/video.mp4,civil defense siren
video/mJxtHhIlUaA_000030/video.mp4,goose honking
video/r6bYfNqe_iQ_000435/video.mp4,train whistling
video/6BaY9WneGaQ_000140/video.mp4,people crowd
video/ZHK2VTTMMWs_000370/video.mp4,opening or closing drawers
video/qbwMJW5rmG4_000608/video.mp4,eagle screaming
video/VqwI3OgGS2o_000037/video.mp4,hail
video/TQsjIE2VHqw_000110/video.mp4,chainsawing trees
video/DQ1bXxKPF9U_000315/video.mp4,sailing
video/HyqNo624chI_000114/video.mp4,gibbon howling
video/7-Wm2TyvMs8_000030/video.mp4,people sniggering
video/HzSOK5rklH8_000077/video.mp4,missile launch
video/Z7tQy6Mo_ik_000550/video.mp4,wind noise
video/xcYIvw3nMLE_000000/video.mp4,tractor digging
video/ZZ6GRocWW38_000090/video.mp4,baby laughter
video/zF4yWUxbEME_000008/video.mp4,skidding
video/P5tsRM1iokA_000030/video.mp4,"playing steel guitar, slide guitar"
video/-qtYcqvW_oc_000330/video.mp4,orchestra
video/blRJgHaFyNM_000024/video.mp4,chipmunk chirping
video/J2ys6YnOuhE_000007/video.mp4,people giggling
video/YsX-dUhC-_4_000000/video.mp4,people hiccup
video/Ys2ri7Pw2gw_001404/video.mp4,footsteps on snow
video/8iqX43c-y3k_000030/video.mp4,playing zither
video/vM8jzj2bAG0_000210/video.mp4,wind rustling leaves
video/JsZN_AE3OPY_000081/video.mp4,playing erhu
video/iXgzAeEtg2Q_000035/video.mp4,playing tambourine
video/qm5bL7U1LUU_000763/video.mp4,lip smacking
video/zgI-Lr6Pbcs_000030/video.mp4,playing theremin
video/VJAJzwsogP8_000446/video.mp4,"donkey, ass braying"
video/68hapDEQEj0_000480/video.mp4,chicken clucking
video/blT66g8x458_000180/video.mp4,ocean burbling
video/gihNVuDY-OQ_000127/video.mp4,playing congas
video/1W9fwoe4O-M_000117/video.mp4,child singing
video/QqdmtqL64RA_000030/video.mp4,playing trombone
video/jbEYZDagytA_000030/video.mp4,people sobbing
video/HNEGSr6z4oQ_000591/video.mp4,people marching
video/At3hmrH23NI_000400/video.mp4,people sobbing
video/AM3p_hpT-0o_000015/video.mp4,crow cawing
video/qXMeMOkNAXQ_000021/video.mp4,underwater bubbling
video/EzxFkw7UL-k_000073/video.mp4,chinchilla barking
video/D0c3UEE4RXk_000030/video.mp4,sloshing water
video/09kqMqn5rWs_000260/video.mp4,"child speech, kid speaking"
video/DMbLpqQlYjc_000030/video.mp4,using sewing machines
video/fwKMB57hL6E_000097/video.mp4,pheasant crowing
video/SVAkT8CfTtw_000003/video.mp4,cupboard opening or closing
video/Gp43FlJ2ykQ_000030/video.mp4,playing synthesizer
video/OLG6jDvjB9I_000133/video.mp4,car engine idling
video/hB2DZcypK0Y_000187/video.mp4,playing tennis
video/NSLj9a8PXhI_000080/video.mp4,"donkey, ass braying"
video/TpU5dZlW2pg_000040/video.mp4,planing timber
video/uF7G9AuI1Qk_000030/video.mp4,smoke detector beeping
video/kKTBsC_L8kE_000176/video.mp4,playing snare drum
video/ELmcymPeitI_000030/video.mp4,car passing by
video/HVHe2kibCQU_000005/video.mp4,cupboard opening or closing
video/fLZ5jPkCUOQ_000014/video.mp4,gibbon howling
video/m5eWlvtbamk_000130/video.mp4,"bee, wasp, etc. buzzing"
video/gv16SOIvEnk_000021/video.mp4,mosquito buzzing
video/U-1saFb-zRY_000006/video.mp4,playing djembe
video/_XA3BaNyf4Q_000069/video.mp4,"playing violin, fiddle"
video/6ODACANcE7Q_000221/video.mp4,snake rattling
video/v41-hFzfeRs_000009/video.mp4,wood thrush calling
video/F-mbfDB9bN4_000020/video.mp4,toilet flushing
video/XTTwdfHYq1k_000698/video.mp4,mouse clicking
video/fa0lR26K23E_000450/video.mp4,playing vibraphone
video/g6FX9VjYD-w_000030/video.mp4,bird squawking
video/w8r0MxrGQ18_000451/video.mp4,playing tuning fork
video/-JGpAlLrSD0_000458/video.mp4,train whistling
video/oZoJ26C6LrU_000100/video.mp4,police car (siren)
video/8YSDo1wTo3M_000028/video.mp4,horse neighing
video/zCLJV8QIm0M_000357/video.mp4,footsteps on snow
video/Za8bwlW9dNE_000089/video.mp4,bull bellowing
video/irk-Frn0a54_000040/video.mp4,chopping food
video/LrUjrgxe0X0_000030/video.mp4,playing piano
video/SU9ZP2pbqyU_000010/video.mp4,playing ukulele
video/WFjx0sH7mlc_000020/video.mp4,bird squawking
video/LX5Y1jcoUXE_000030/video.mp4,"vehicle horn, car horn, honking"
video/2Oe5kao1ycY_000310/video.mp4,"subway, metro, underground"
video/Gd0VJ127NYc_000010/video.mp4,people sobbing
video/uKzqjI8JY_g_000018/video.mp4,"donkey, ass braying"
video/iyroRIRrXUw_000090/video.mp4,typing on computer keyboard
video/8qsCZLEoA1Q_000004/video.mp4,skateboarding
video/YoDtDhMWllU_000000/video.mp4,lawn mowing
video/9ZYj5toEbGA_000000/video.mp4,skateboarding
video/nLzSz0qDT68_000010/video.mp4,police car (siren)
video/njPYTlo0oAc_000010/video.mp4,playing trombone
video/P4x12uMeVVc_000086/video.mp4,tap dancing
video/d352jaSSiFw_000030/video.mp4,duck quacking
video/HZ5fPk0bS9g_000276/video.mp4,playing tuning fork
video/ODoQDztFbaQ_000251/video.mp4,"male speech, man speaking"
video/eb-6-U_Gm-8_000033/video.mp4,elk bugling
video/F2JQ0swc7kU_000177/video.mp4,sharpen knife
video/NRRYGxnq-FM_000258/video.mp4,coyote howling
video/ti2rs-r9r3A_000001/video.mp4,people nose blowing
video/dKC0F_5tdsU_000005/video.mp4,whale calling
video/4P0lThY7Bnk_000030/video.mp4,toilet flushing
video/QRlCOVibJs8_000270/video.mp4,"pigeon, dove cooing"
video/a1jhkc-XInY_000021/video.mp4,opening or closing car doors
video/NXvdGOan64E_000134/video.mp4,people eating apple
video/UR-2P-NHz1w_000240/video.mp4,cattle mooing
video/alMbWx4lVL4_000030/video.mp4,playing accordion
video/3_mv3UWGkt0_000011/video.mp4,playing glockenspiel
video/SGWo9F3NbCE_000377/video.mp4,cheetah chirrup
video/Bbnt3nKDZiI_000150/video.mp4,cricket chirping
video/JwKDB_P1UY4_000236/video.mp4,shot football
video/u-r8oKBsz0I_000013/video.mp4,cat growling
video/Lk19eZ_2ZOE_000030/video.mp4,people whispering
video/B3bZSOpO9lM_000018/video.mp4,opening or closing car electric windows
video/2jn2amm53u8_000180/video.mp4,mouse pattering
video/mFZRSbjdhNg_000001/video.mp4,barn swallow calling
video/grG6GPjDgU8_000030/video.mp4,chicken crowing
video/naaS0yiZ2pA_000054/video.mp4,chopping food
video/JiBAkAwK0GM_000030/video.mp4,people shuffling
video/mt6Pa7pBz_A_000210/video.mp4,train whistling
video/Ih3hZZRw9Fg_000415/video.mp4,bathroom ventilation fan running
video/shRNXFTbd6M_000055/video.mp4,playing tennis
video/T7fsXVDXFQo_000300/video.mp4,playing erhu
video/S7WDWv7kqhg_000197/video.mp4,people marching
video/-V9U5F14AVY_000040/video.mp4,pumping water
video/ceYRr2xK3XI_000018/video.mp4,playing cornet
video/zY2CAiwNJ6A_000030/video.mp4,tapping guitar
video/74j6uEsqh4M_000120/video.mp4,playing guiro
video/1ZloXG3iHl8_000018/video.mp4,children shouting
video/-OJzsMV1G1A_000061/video.mp4,chopping wood
video/OxPfSWirUtk_000016/video.mp4,planing timber
video/it8_3gt0uUo_000002/video.mp4,people finger snapping
video/BLlnu2Tyqu0_000030/video.mp4,cat meowing
video/w61G4C8ZFfE_000008/video.mp4,playing tambourine
video/4alfM-EBVHE_000241/video.mp4,playing harp
video/3y4xVx5yY_E_000213/video.mp4,playing hockey
video/2K0NKi1wigk_000340/video.mp4,toilet flushing
video/zdktzavoISw_000104/video.mp4,people marching
video/Ri1yo_ahtaQ_000190/video.mp4,opening or closing drawers
video/dnQvS3jATno_000150/video.mp4,duck quacking
video/jPIEgoO4cL0_000024/video.mp4,baby crying
video/qL-ifTe9Reg_000007/video.mp4,"playing steel guitar, slide guitar"
video/8mhecLr6Veo_000027/video.mp4,horse clip-clop
video/EtoEpxSMfSc_000090/video.mp4,playing accordion
video/eaFPbu1lP88_000030/video.mp4,people whispering
video/MDOxKJjLIQ4_000310/video.mp4,using sewing machines
video/XO1wG3ne_Cw_000030/video.mp4,dog barking
video/ou7ftoxRHzY_000147/video.mp4,opening or closing car doors
video/SMkVCM9GfO8_000030/video.mp4,playing harpsichord
video/CSjJC9EKSiQ_000100/video.mp4,bird wings flapping
video/ATAL-_Dblvg_000000/video.mp4,skateboarding
video/tmziKIRUbac_000108/video.mp4,playing hockey
video/gNx6DV8EcF8_000107/video.mp4,airplane flyby
video/RYO6ukdw9PM_000085/video.mp4,cat caterwauling
video/XftMCb6LWBI_000020/video.mp4,"bird chirping, tweeting"
video/fnj0Bhpamqo_000115/video.mp4,squishing water
video/fxFdyngJSb0_000237/video.mp4,arc welding
video/R4jlQEweREY_000030/video.mp4,playing didgeridoo
video/6OgSNQOTw2U_000060/video.mp4,"railroad car, train wagon"
video/PSt_gdjwmvY_000140/video.mp4,people whistling
video/I-DxUDHO_5Q_000275/video.mp4,people battle cry
video/lRyNx9_7NIM_000110/video.mp4,people running
video/vN8Fn8MieJg_000000/video.mp4,playing drum kit
video/E0gBwPTHxqE_000030/video.mp4,skateboarding
video/6ulhpK2M3iM_000701/video.mp4,turkey gobbling
video/lH_P-3V_MdE_000030/video.mp4,orchestra
video/XYcdPpBzgnI_000075/video.mp4,chopping wood
video/3LvZUtupOCs_000030/video.mp4,dog howling
video/v0jYFDv8kSc_000010/video.mp4,people running
video/b2R-6KaraNQ_000086/video.mp4,planing timber
video/lh9MwUqQI0Q_000066/video.mp4,missile launch
video/6pBZfY3xGUg_000130/video.mp4,playing steelpan
video/KZ1HTf3ifAI_000032/video.mp4,footsteps on snow
video/2nvQdsMdQ6o_000000/video.mp4,"fly, housefly buzzing"
video/Q0ajM7aL-Vc_000030/video.mp4,"playing violin, fiddle"
video/4egukLBpAcQ_000030/video.mp4,chainsawing trees
video/ioQdfK6Ae9k_000010/video.mp4,playing djembe
video/MbPDtTzoOj4_000040/video.mp4,playing harp
video/67ABwSrc2Ns_000307/video.mp4,people nose blowing
video/09pZj6CEvRw_000250/video.mp4,church bell ringing
video/utfkGocmCiE_000241/video.mp4,child singing
video/Ftap_CMYlfc_000327/video.mp4,playing oboe
video/Zb4bLLeFf6w_000030/video.mp4,driving buses
video/oY9G944VcmI_000534/video.mp4,playing erhu
video/Jix2dM4O0jQ_000361/video.mp4,skiing
video/YudutNqoRWQ_000000/video.mp4,people clapping
video/B5XbkI3zj3U_000059/video.mp4,coyote howling
video/ivTiwPkLWQM_000090/video.mp4,francolin calling
video/_TIP8swMSi8_000052/video.mp4,playing oboe
video/MBjlZQZ4Sns_000044/video.mp4,eletric blender running
video/xTPmoYwgKf4_000030/video.mp4,driving motorcycle
video/DIBpl7npZ8c_000021/video.mp4,blowtorch igniting
video/IUlF2uk8JA0_000056/video.mp4,playing hockey
video/KqSAGwa49MM_000030/video.mp4,playing harpsichord
video/82ai4ABAaRQ_000150/video.mp4,wind rustling leaves
video/UtlddariDo4_000030/video.mp4,"cattle, bovinae cowbell"
video/acepdtp7F7Y_000348/video.mp4,people eating apple
video/IpCLfHuI_VM_000172/video.mp4,wind chime
video/MRD0ocDtv3w_000182/video.mp4,striking bowling
video/5tgmJalQmXk_000050/video.mp4,hair dryer drying
video/VTgf0Jqlqh4_000038/video.mp4,chopping wood
video/N2CdQ4bWCkE_000022/video.mp4,"electric shaver, electric razor shaving"
video/rzsynvpZKMg_000030/video.mp4,people running
video/pEV-NcUcAxE_000015/video.mp4,baby babbling
video/9-tUObAs28M_000030/video.mp4,car passing by
video/q3Q0g4kRlmU_000002/video.mp4,bull bellowing
video/BPeLfS4NPEI_000060/video.mp4,"bee, wasp, etc. buzzing"
video/E0AacWfbeRE_000030/video.mp4,frog croaking
video/uDM71cr5TDw_000189/video.mp4,orchestra
video/pDUm_JKSk8k_000120/video.mp4,playing saxophone
video/UYDvZc4lWYk_000240/video.mp4,playing gong
video/Q5uKTmF5ut0_000170/video.mp4,sliding door
video/3ZNrH765Djw_000010/video.mp4,people crowd
video/NsbLeONN0-c_000188/video.mp4,"playing violin, fiddle"
video/d5qR0aff0Kk_000030/video.mp4,turkey gobbling
video/a0bjjOHwpjg_000012/video.mp4,gibbon howling
video/hDnMfsCScSc_000096/video.mp4,air horn
video/GGpaLV0l1ys_000070/video.mp4,mouse clicking
video/UxPpGZTaf9E_000015/video.mp4,playing badminton
video/tA90BqRu_Ko_000068/video.mp4,playing bongo
video/4IgTbF1dzOo_000301/video.mp4,police radio chatter
video/CFyUs8PScdU_000030/video.mp4,people farting
video/8yjxwQBqQAI_000070/video.mp4,coyote howling
video/mmkqzl_NHKs_000184/video.mp4,playing bugle
video/JO5CDrJHjHE_000130/video.mp4,pig oinking
video/zZsetnYA5RM_000001/video.mp4,cuckoo bird calling
video/y5zc-NHIipw_000030/video.mp4,owl hooting
video/Dw2YNHvPbng_000030/video.mp4,cat purring
video/vcnUR0H4pnY_000012/video.mp4,playing tuning fork
video/fEfe8jznp5Q_000030/video.mp4,duck quacking
video/sLSjQob-5Bw_000034/video.mp4,playing hockey
video/KAuoWt8dTJs_000061/video.mp4,playing guiro
video/7rxfucuwC-Q_000360/video.mp4,people eating noodle
video/c2q8tK3tOQk_000030/video.mp4,goose honking
video/fhKxzcGgIjM_000005/video.mp4,chicken clucking
video/DSHtSIWAHhM_000062/video.mp4,hail
video/ZnspGQzt1Jc_000110/video.mp4,playing piano
video/nTtxF9Wyw6o_000030/video.mp4,playing synthesizer
video/yAsFtnI6aYo_000024/video.mp4,bouncing on trampoline
video/gNmZoBiNLzU_000180/video.mp4,playing accordion
video/BnkDQXlrIX4_000240/video.mp4,playing sitar
video/5YxPWqR9Qf8_000060/video.mp4,hammering nails
video/NVGscIW8Yuc_000010/video.mp4,baby babbling
video/WlO51U31vYs_000014/video.mp4,disc scratching
video/ckpj7O0Et28_000180/video.mp4,door slamming
video/MYLbHRi-eXA_000039/video.mp4,driving snowmobile
video/9JBG-Wi1gUQ_000030/video.mp4,waterfall burbling
video/r29e99H14CI_001068/video.mp4,"playing violin, fiddle"
video/37G3iBymzNc_000274/video.mp4,people gargling
video/JEWRZmHMQkY_000166/video.mp4,black capped chickadee calling
video/p4P5tbsAqcY_000145/video.mp4,ice cracking
video/OruJS8cr2qE_000005/video.mp4,parrot talking
video/O-AHz1rgAi0_000050/video.mp4,otter growling
video/GjATjLHsSQg_000200/video.mp4,playing zither
video/YCfGy7J2oFo_000051/video.mp4,playing djembe
video/Cmz0InA1eM4_000030/video.mp4,singing choir
video/mX6TRJRsods_000025/video.mp4,playing shofar
video/FKQIdqjY9nI_000200/video.mp4,playing bagpipes
video/vXBBhgvMCkM_000210/video.mp4,lawn mowing
video/0ti14lvd2Aw_000000/video.mp4,pheasant crowing
video/EErujqgq1o0_000030/video.mp4,pig oinking
video/MCiKNkQnN7w_000146/video.mp4,golf driving
video/alBcRErUVVg_000007/video.mp4,chopping wood
video/hDGiU8zHWdU_000030/video.mp4,playing clarinet
video/ybpp-N4ppGQ_000188/video.mp4,squishing water
video/LN92tji7ADA_000002/video.mp4,opening or closing car electric windows
video/hl9AzFQ4Hus_000021/video.mp4,ocean burbling
video/IzPMbIll3LE_000080/video.mp4,people coughing
video/gGhgsrlwkaw_000069/video.mp4,people whistling
video/X5Xs8Y1cJK0_000030/video.mp4,driving motorcycle
video/wPLtMMe6L-A_000010/video.mp4,helicopter
video/U7nHdo5Bx9g_000070/video.mp4,playing gong
video/3h1-zP8M-yU_000020/video.mp4,playing shofar
video/4q4ejLxTo8I_000010/video.mp4,playing hammond organ
video/4-DcTjFR4qw_000100/video.mp4,car passing by
video/-7sg--aJdrc_000039/video.mp4,gibbon howling
video/tmXq_W2sb-A_000003/video.mp4,playing tuning fork
video/DSEY4EVn1U0_000079/video.mp4,penguins braying
video/EVSNLohmKFc_000540/video.mp4,using sewing machines
video/Mexn5JqLFpg_000100/video.mp4,hair dryer drying
video/P18VbGGgLcw_000000/video.mp4,opening or closing car electric windows
video/CmBawC_pvEo_000130/video.mp4,people cheering
video/UXZxgKr4nSo_000275/video.mp4,chipmunk chirping
video/Gdo_f-4odEY_000054/video.mp4,playing squash
video/rI99Dvpxo2w_000131/video.mp4,train whistling
video/YSHiuRUGOBs_000232/video.mp4,strike lighter
video/dT4dvRrlBL0_000272/video.mp4,ice cracking
video/_aoEPI7Zj9s_000016/video.mp4,whale calling
video/30Y4_sSw2wc_000081/video.mp4,hammering nails
video/tEDkAulFrSg_000018/video.mp4,fireworks banging
video/jcoTSA5FxpE_000030/video.mp4,dog barking
video/Ac1hVfp6OYU_000060/video.mp4,foghorn
video/SdHsbNDd_zA_000220/video.mp4,thunder
video/P47dXlN_htA_000170/video.mp4,singing choir
video/ZOnuS52Fsu0_000000/video.mp4,baltimore oriole calling
video/0T39A4knSu4_000025/video.mp4,elephant trumpeting
video/feMC18447Ec_000024/video.mp4,airplane flyby
video/_Yy8LLBGm60_000049/video.mp4,magpie calling
video/xanOeYcQpcM_000020/video.mp4,lawn mowing
video/OMaV10b6-CU_000140/video.mp4,people sobbing
video/7EDm66CQuHA_000337/video.mp4,planing timber
video/9qwtgSVzalo_000223/video.mp4,chopping food
video/ZxeWC_7r0rg_000016/video.mp4,owl hooting
video/_4nHLSN4J0E_000032/video.mp4,tornado roaring
video/DFJ_Z70bfmo_000026/video.mp4,foghorn
video/BdeN2D7f528_000022/video.mp4,scuba diving
video/hflYLQsp9VY_000002/video.mp4,people slapping
video/15pi8h_bHQE_000173/video.mp4,cow lowing
video/x1JkbbxXwP4_000083/video.mp4,golf driving
video/tgRjq29TIJo_000010/video.mp4,baby crying
video/R-aMYx9f0Ho_000030/video.mp4,playing acoustic guitar
video/LEUkbkdBupE_000004/video.mp4,playing castanets
video/73yT9UXJLT0_000032/video.mp4,people booing
video/k91ukyGncNI_000077/video.mp4,baby crying
video/5wUybpSvP-U_000343/video.mp4,people battle cry
video/tQi00qSZC60_000031/video.mp4,baltimore oriole calling
video/dmdMvf8RkSQ_000030/video.mp4,fire crackling
video/CodqNx1ukOc_000030/video.mp4,tapping guitar
video/5MGICdQm8v0_000238/video.mp4,plastic bottle crushing
video/Xcp3GkJElDU_000012/video.mp4,fire crackling
video/COHl887nx60_000003/video.mp4,playing badminton
video/FcUVtXJMkJs_000030/video.mp4,people screaming
video/y7Su-4RWeU0_000030/video.mp4,baby crying
video/IFM2fxyKzGU_000051/video.mp4,volcano explosion
video/KSgolImRApk_000045/video.mp4,whale calling
video/jFnM9C8jCdE_000161/video.mp4,playing harpsichord
video/nwdZrUBojGs_000100/video.mp4,playing vibraphone
video/JpwAOJ-FaJQ_000245/video.mp4,playing squash
video/rOFTDCoxedc_000340/video.mp4,singing bowl
video/8AY0aXAQjwY_000250/video.mp4,"vehicle horn, car horn, honking"
video/CKn1FuB53KU_000030/video.mp4,sailing
video/dFiGYIa6wfY_000000/video.mp4,"bee, wasp, etc. buzzing"
video/bz20Ve-c1xI_000030/video.mp4,cap gun shooting
video/0CQnnJq9xn0_000075/video.mp4,tap dancing
video/6VBURvUgzls_000030/video.mp4,printer printing
video/vgYIAjacUW4_000090/video.mp4,duck quacking
video/eOrV9yNuT3o_000030/video.mp4,bird squawking
video/88QE3Yslek0_000025/video.mp4,magpie calling
video/6wg3GJZk7Q0_000001/video.mp4,cat caterwauling
video/hyS-GhmE43g_000070/video.mp4,playing tabla
video/1mMqLP36sCQ_000245/video.mp4,striking pool
video/OqGQ72bre30_000035/video.mp4,playing table tennis
video/eoWx7tqlCc0_000260/video.mp4,woodpecker pecking tree
video/V8L152xzOJo_000001/video.mp4,scuba diving
video/ZsBJUpYWH9U_000036/video.mp4,playing volleyball
video/15hFilKnrlM_000200/video.mp4,people whistling
video/BbVoVbQHoXo_000030/video.mp4,typing on typewriter
video/GAKUJVqdq3M_000268/video.mp4,foghorn
video/YRyK_1g4VWQ_000010/video.mp4,cat caterwauling
video/_A30xsFBMXA_000040/video.mp4,fire truck siren
video/TOUHOWRpQYA_000247/video.mp4,mouse clicking
video/ai3XR_nPrpI_000101/video.mp4,playing erhu
video/lAA0QneMahs_000038/video.mp4,playing shofar
video/mH0qxsxLypw_000080/video.mp4,cat meowing
video/vjx-jzh9q7U_000189/video.mp4,"playing steel guitar, slide guitar"
video/ymuNh7Cwhrs_000040/video.mp4,dog howling
video/So8G7UXguNA_000077/video.mp4,tractor digging
video/_8JGpCc5RI8_000160/video.mp4,playing ukulele
video/-7tYmeOmsRg_000180/video.mp4,people eating crisps
video/MetDvJdgZ64_000063/video.mp4,lions growling
video/Kfr4i48HNcA_000053/video.mp4,playing tambourine
video/v2-_uGob4TQ_000182/video.mp4,pheasant crowing
video/UVsgxlTzy-c_000073/video.mp4,playing washboard
video/jb3vjhlybhE_000017/video.mp4,police radio chatter
video/CwfMxqs0i4U_000030/video.mp4,playing tabla
video/I1RzkfmsZRc_000161/video.mp4,firing muskets
video/5jQIuYPAODg_000030/video.mp4,male singing
video/l9I2UmvDhpw_000326/video.mp4,roller coaster running
video/uLzkoKDgRC0_000048/video.mp4,zebra braying
video/MX5ei7dDgPc_000137/video.mp4,parrot talking
video/0MU2SG5ME1E_000016/video.mp4,fox barking
video/1jHVyPknyhM_000005/video.mp4,elephant trumpeting
video/7Q-y1ZsOUcE_000037/video.mp4,playing badminton
video/zmNfxr_2Rdw_000160/video.mp4,playing guiro
video/NdFLZw6nxxw_000190/video.mp4,shot football
video/H1yDjMDES94_000000/video.mp4,people whistling
video/Ar-qKACbnkg_000200/video.mp4,machine gun shooting
video/MpWGx5odhh8_000160/video.mp4,playing banjo
video/BNxn1bNPkZE_000000/video.mp4,footsteps on snow
video/yWv5f8gy6o4_000002/video.mp4,zebra braying
video/hl4CItu_we8_000000/video.mp4,door slamming
video/_xsRyM_fXYI_000034/video.mp4,coyote howling
video/3JJ700tVT_0_000002/video.mp4,toilet flushing
video/f0hBZBe9DmQ_000030/video.mp4,typing on computer keyboard
video/2LRhkMH48_Q_000030/video.mp4,"motorboat, speedboat acceleration"
video/0XxinBtKouQ_000030/video.mp4,playing banjo
video/6yAVCOMXo1I_000522/video.mp4,cheetah chirrup
video/vw_q2SV_YOY_000130/video.mp4,turkey gobbling
video/jw7wqfei3Fw_000020/video.mp4,vacuum cleaner cleaning floors
video/1vrJPFfLMvA_000233/video.mp4,playing glockenspiel
video/DKSrNxPQrbY_000090/video.mp4,fireworks banging
video/8FqnSZYWsgM_000044/video.mp4,foghorn
video/mC0O0048pPw_000029/video.mp4,magpie calling
video/NzvkMWY4EjA_000030/video.mp4,playing electric guitar
video/Jte0G7PeVEM_000160/video.mp4,people booing
video/qfy_8ZNn9HU_000082/video.mp4,playing cornet
video/bt6HajgJ9Ls_000420/video.mp4,people babbling
video/DvhVUf2EPzs_000030/video.mp4,singing choir
video/C3o8pEsAu5U_000040/video.mp4,male singing
video/NdYDEnBhiSE_000018/video.mp4,coyote howling
video/HUgKjkp-7M8_000013/video.mp4,owl hooting
video/rLa17dibI70_000175/video.mp4,children shouting
video/DJew-iu_Wjs_000012/video.mp4,cat growling
video/wEBR--EtZAM_000413/video.mp4,chopping wood
video/VVWRg2YMGN8_000220/video.mp4,playing hammond organ
video/LDGzSk_vzPo_000260/video.mp4,bird wings flapping
video/EDVJNo2EAmA_000030/video.mp4,orchestra
video/fbOcgbgERGg_000192/video.mp4,cutting hair with electric trimmers
video/okS_ICEUKE8_000002/video.mp4,playing bassoon
video/nC-c2cRp1ho_000677/video.mp4,police radio chatter
video/oLYZ4FyktN0_000040/video.mp4,people sobbing
video/gf1y74QzhTI_000030/video.mp4,dog growling
video/9rw3qz2ouRQ_000290/video.mp4,"vehicle horn, car horn, honking"
video/gl9j63Ln1y4_000144/video.mp4,people eating noodle
video/IwIX_vDHTNo_000355/video.mp4,swimming
video/nRMmafPUAEU_000080/video.mp4,people screaming
video/8jN7n8lhkiI_000278/video.mp4,"alligators, crocodiles hissing"
video/7OPMIXXz1DM_000000/video.mp4,scuba diving
video/2NESqWU89V0_000338/video.mp4,"playing violin, fiddle"
video/EJPTTiY0zxI_000308/video.mp4,opening or closing car electric windows
video/qadaulWp2m4_000064/video.mp4,electric grinder grinding
video/T4UHGzC8gKY_000071/video.mp4,scuba diving
video/AHoWincIkzc_000030/video.mp4,people clapping
video/MVDR9JeJA6o_000030/video.mp4,turkey gobbling
video/HB0Jom8ro34_000159/video.mp4,foghorn
video/dyFoyYMZu-E_000508/video.mp4,lip smacking
video/y4nbvosvSgw_000264/video.mp4,planing timber
video/3AJuHcjE31w_000030/video.mp4,people crowd
video/EDxDbfLpQEI_000006/video.mp4,magpie calling
video/35b9UHjagaI_000030/video.mp4,playing steelpan
video/-oSzD8P2BtU_000030/video.mp4,reversing beeps
video/oag4toyJDZU_000198/video.mp4,ripping paper
video/u23Jp49UXJQ_000010/video.mp4,people hiccup
video/09NfjFeq2cs_000078/video.mp4,francolin calling
video/4p8n4Zf-WMM_000190/video.mp4,lighting firecrackers
video/m4emitvY_Dg_000178/video.mp4,tractor digging
video/UY4v-zjlnlo_000010/video.mp4,"playing violin, fiddle"
video/8ZOyve_7Nzs_000099/video.mp4,tractor digging
video/lg6lt9pvfKY_000684/video.mp4,canary calling
video/tMAB9orMhTY_000070/video.mp4,people hiccup
video/9b3P0ERIZ-c_000001/video.mp4,"ice cream truck, ice cream van"
video/7FHHtRuAz0s_000020/video.mp4,people clapping
video/u4d5cHwuTss_000014/video.mp4,missile launch
video/NKZif1Qw33E_000003/video.mp4,police car (siren)
video/HdgmT8_o5zQ_000060/video.mp4,bird wings flapping
video/sKtU5y4czNc_000045/video.mp4,snake rattling
video/p4iWwYv6BuY_000220/video.mp4,playing gong
video/FrCNRlxXulg_000012/video.mp4,woodpecker pecking tree
video/tYCgvipu3ko_000043/video.mp4,snake rattling
video/Pn-J9-LQRw8_000030/video.mp4,singing bowl
video/q3kIovi3flQ_000018/video.mp4,warbler chirping
video/ATYQeoKUFeU_000039/video.mp4,playing djembe
video/-K-ccLMFE5M_000245/video.mp4,people marching
video/VFovON0CWco_000521/video.mp4,striking bowling
video/SpRqgH543_Q_000074/video.mp4,tractor digging
video/5CffrmMy0n4_000142/video.mp4,telephone bell ringing
video/VOkiX4gWRI0_000125/video.mp4,"electric shaver, electric razor shaving"
video/D_MavKxL6oc_000030/video.mp4,raining
video/SCxlAcrMark_000021/video.mp4,cuckoo bird calling
video/30JDrjDkoR8_000290/video.mp4,playing clarinet
video/g1A_nijCVqs_000169/video.mp4,"race car, auto racing"
video/rkQr7lgIjpY_000179/video.mp4,alarm clock ringing
video/XXGJCCGEQDE_000001/video.mp4,plastic bottle crushing
video/jpEcGnA4tco_000322/video.mp4,barn swallow calling
video/9WClEjrr_RA_000027/video.mp4,mynah bird singing
video/5wUVZBg5BnI_000977/video.mp4,playing hockey
video/J6bVy2iKZZM_000138/video.mp4,swimming
video/pZG7CaFjEiQ_000751/video.mp4,people slurping
video/PYlIscXuIWM_000246/video.mp4,playing timbales
video/O-ZZyuA5fRc_000028/video.mp4,cat hissing
video/K2TcJFtuvDE_000006/video.mp4,foghorn
video/ruK8QzIWrSY_000080/video.mp4,canary calling
video/5GLnohP0IkU_000030/video.mp4,ocean burbling
video/AwZrv_S86R4_000030/video.mp4,using sewing machines
video/rmxRhByMBMU_000030/video.mp4,car engine knocking
video/wFhs7WVvuXk_000144/video.mp4,thunder
video/5O2T4KttK88_000033/video.mp4,chopping wood
video/7D6AVpPGHzg_000510/video.mp4,mosquito buzzing
video/OoTeWhAzPOU_000059/video.mp4,ice cracking
video/3S-yoXKDvE4_000025/video.mp4,barn swallow calling
video/p2m6Ei_vkSk_000000/video.mp4,warbler chirping
video/-kWlE2dkoxc_000170/video.mp4,vacuum cleaner cleaning floors
video/Iuq6qxeDVR0_000190/video.mp4,francolin calling
video/JxE-EZJY2Q0_000040/video.mp4,yodelling
video/PvqxX8mqtUc_000050/video.mp4,playing table tennis
video/oKVfrZKftHs_000030/video.mp4,"playing steel guitar, slide guitar"
video/H61TyC6jhEM_000460/video.mp4,playing hammond organ
video/POuhGn61ZR8_000350/video.mp4,raining
video/RdhHK4SbzTo_000030/video.mp4,playing bass guitar
video/drnnulHw5CM_000030/video.mp4,mouse pattering
video/9Xiu4xzzurQ_000023/video.mp4,train wheels squealing
video/5H305NPk0C0_000020/video.mp4,eating with cutlery
video/QkkZxpD9CZY_000020/video.mp4,mouse squeaking
video/1uCzQCdCC1U_000170/video.mp4,"race car, auto racing"
video/HoJJ9jdljtw_000292/video.mp4,playing trumpet
video/ddAkcDFK2mg_000045/video.mp4,playing volleyball
video/A9JSptUG5HU_000020/video.mp4,black capped chickadee calling
video/kEnOc-apG_o_000078/video.mp4,beat boxing
video/AIuayXjDos8_000130/video.mp4,playing ukulele
video/kgf4GdKlSWs_000030/video.mp4,playing ukulele
video/kGCW-Aw_0Xg_000005/video.mp4,footsteps on snow
video/g42ZMJZWuvE_000198/video.mp4,people humming
video/CaYNuuW9rt4_000011/video.mp4,horse neighing
video/tnmwXN4aTyw_000123/video.mp4,"donkey, ass braying"
video/67V1jiAukxE_000130/video.mp4,people hiccup
video/r-rPCdvyes4_000023/video.mp4,playing badminton
video/EJJx3eIB6ro_000081/video.mp4,hedge trimmer running
video/qagXyeXI9TM_000879/video.mp4,forging swords
video/KLd-rJMoeko_000020/video.mp4,duck quacking
video/o2y4WuK8wr8_000250/video.mp4,bird wings flapping
video/9--lmruxKJY_000011/video.mp4,"vehicle horn, car horn, honking"
video/ohS1IcoIPrI_000048/video.mp4,ice cracking
video/3yCaMM8can0_000100/video.mp4,playing harmonica
video/tFLGKmOa0dc_000030/video.mp4,cattle mooing
video/QlqLLZQLNiA_000000/video.mp4,"cattle, bovinae cowbell"
video/nUpVb7dWnVc_000030/video.mp4,magpie calling
video/u0LKPT1u1E8_000039/video.mp4,"pigeon, dove cooing"
video/gpJFhQtQ4cs_000133/video.mp4,playing tympani
video/KuMLSBq0Hqs_000025/video.mp4,people eating
video/2qGjgfpQtFI_000000/video.mp4,playing drum kit
video/B2d1f3VfiYA_000171/video.mp4,tractor digging
video/J66wMnYRl7s_000306/video.mp4,"electric shaver, electric razor shaving"
video/LiXfod3qOQw_000020/video.mp4,turkey gobbling
video/F8m310BMRvc_000030/video.mp4,playing bagpipes
video/1ib1pd6mHoE_000001/video.mp4,eletric blender running
video/TA-O_bVnvLY_000540/video.mp4,playing sitar
video/39rXWSXGOyo_000080/video.mp4,cat purring
video/gCHF0oBPZv8_000030/video.mp4,dog howling
video/Pv6BhKDXpHE_000026/video.mp4,chopping wood
video/iqDnYvNGkFM_000100/video.mp4,driving buses
video/wKvTE7MmPHs_000031/video.mp4,"pigeon, dove cooing"
video/8VbxIzaSHfw_000030/video.mp4,playing zither
video/kLySMIzASNE_000030/video.mp4,typing on typewriter
video/nNxzM0aVlF0_000080/video.mp4,playing harp
video/GydL9SSi7U0_000070/video.mp4,"pigeon, dove cooing"
video/kdfC_yWnkHw_000033/video.mp4,skiing
video/gpLe7H5RxnM_000013/video.mp4,elephant trumpeting
video/AedAI5HNru4_000691/video.mp4,chipmunk chirping
video/pm3n1DgGURo_000008/video.mp4,chinchilla barking
video/7-vFjIl7wCI_000021/video.mp4,children shouting
video/aT2H95zTChA_000038/video.mp4,ferret dooking
video/89536Yebjvc_000110/video.mp4,chinchilla barking
video/Qos5iZOP66A_000340/video.mp4,skidding
video/b3GBp4U8_No_000000/video.mp4,baby babbling
video/3qKgKd6B5E0_000147/video.mp4,cat purring
video/El5Zbnsmr_s_000002/video.mp4,writing on blackboard with chalk
video/9HubX9B4pc8_000131/video.mp4,metronome
video/vMQqNSEWdGM_000302/video.mp4,opening or closing car doors
video/5sq58IREOWY_000547/video.mp4,police radio chatter
video/-rcoSOKo-qM_000566/video.mp4,electric grinder grinding
video/xBm-0QEJy2A_000155/video.mp4,playing badminton
video/rvjDcbLtU5I_000079/video.mp4,"alligators, crocodiles hissing"
video/qoVQyvJcKkQ_000460/video.mp4,people eating noodle
video/URtpQZsUmBY_000030/video.mp4,"cattle, bovinae cowbell"
video/9A_OmOetiuw_000090/video.mp4,playing banjo
video/W8vOwbkWZfQ_000030/video.mp4,sliding door
video/NEGXDnMhd5A_000040/video.mp4,splashing water
video/CTDxHMKWxI8_000265/video.mp4,playing drum kit
video/TYa0xjMBupM_000613/video.mp4,lip smacking
video/0ssOpzqkojU_000030/video.mp4,playing harpsichord
video/1bbyaXEVouE_000030/video.mp4,fire crackling
video/aZ3FpqWTJjQ_000160/video.mp4,"subway, metro, underground"
video/zexkXRiD9zk_000050/video.mp4,sailing
video/wjdSUi9ANmo_000165/video.mp4,plastic bottle crushing
video/pNin81AXlRY_000005/video.mp4,lions growling
video/PuNLqr0oZeo_000170/video.mp4,baby laughter
video/n1fY-23ffl0_000240/video.mp4,playing mandolin
video/H7leMctSTMc_000030/video.mp4,pig oinking
video/bln5A2hopKQ_000092/video.mp4,playing table tennis
video/jaI41fTAM54_000030/video.mp4,church bell ringing
video/SA18ixsI9fI_000044/video.mp4,"ice cream truck, ice cream van"
video/PgLsFRfKMwU_000058/video.mp4,canary calling
video/7qE47XOqcG0_000100/video.mp4,"female speech, woman speaking"
video/BkOfrw3c3EE_000030/video.mp4,pig oinking
video/GI1YUTNZxMM_000021/video.mp4,frog croaking
video/RG-Tky7XSqw_000460/video.mp4,playing electronic organ
video/tgPq6ApMOWk_000028/video.mp4,cat hissing
video/JjmtxsOQEyg_000050/video.mp4,people crowd
video/ZzCD1btq3D4_000060/video.mp4,striking bowling
video/GSAMEMX_oAg_000200/video.mp4,playing ukulele
video/U_mKoVq3kbE_000040/video.mp4,goose honking
video/Xh8CKz7QH40_000030/video.mp4,singing choir
video/1TAOyk0Xgss_000370/video.mp4,vacuum cleaner cleaning floors
video/y2c2SzM2Mng_000054/video.mp4,woodpecker pecking tree
video/PXvygAB5RKg_000300/video.mp4,people running
video/WLEZDT_vGuM_000016/video.mp4,air conditioning noise
video/i0uH_RoDvqM_000030/video.mp4,opening or closing drawers
video/5uUROIui4Z0_000002/video.mp4,"ice cream truck, ice cream van"
video/M5xJm4N_8pg_000014/video.mp4,"playing steel guitar, slide guitar"
video/R5np0eUAWUU_000000/video.mp4,basketball bounce
video/u6IAAeripaA_000030/video.mp4,opening or closing car electric windows
video/SOr0nxRmf8o_000130/video.mp4,cat growling
video/NZX4gl4kGRY_000524/video.mp4,playing shofar
video/GNYKzDo4w7w_000110/video.mp4,machine gun shooting
video/QqsgM0eqpPM_000026/video.mp4,roller coaster running
video/ZH4YSF-i5dY_000301/video.mp4,cat caterwauling
video/6E2jKYWemGI_000320/video.mp4,machine gun shooting
video/EOXPkJ-g_90_000260/video.mp4,pumping water
video/vx664sJFpV0_000173/video.mp4,zebra braying
video/zayC5mUo7sY_000100/video.mp4,playing drum kit
video/NNconY31dlU_000040/video.mp4,playing trumpet
video/qDt3cA3GOUw_000024/video.mp4,lions growling
video/m0Jw_Jkyuas_000146/video.mp4,foghorn
video/molzJ-iOKrI_000021/video.mp4,foghorn
video/wauLTa8cx-Y_000159/video.mp4,playing gong
video/TmJZxQ_Lo8M_000147/video.mp4,playing tympani
video/_FEgDYpg5to_000002/video.mp4,zebra braying
video/M9r2bFnSN1w_000433/video.mp4,forging swords
video/63NSt9tiY7o_000030/video.mp4,male singing
video/V2CoRIDCU3U_000030/video.mp4,goose honking
video/-dRucPKqTFc_000007/video.mp4,people slapping
video/hd-3UmM2o3k_000070/video.mp4,people marching
video/Sq15LYn3fAY_000012/video.mp4,sharpen knife
video/D8l4-MXkCZQ_000019/video.mp4,people farting
video/j9PGC-rAfzg_000000/video.mp4,woodpecker pecking tree
video/hdebdzPVZdQ_000101/video.mp4,playing bongo
video/KVQ-hdv-b5w_000006/video.mp4,volcano explosion
video/amQgKlQIgg0_000064/video.mp4,sea lion barking
video/-njdG2dcQx0_000220/video.mp4,chimpanzee pant-hooting
video/5a6lyeOr9Rw_000590/video.mp4,cricket chirping
video/i3022Z7Sm-A_000123/video.mp4,"electric shaver, electric razor shaving"
video/No4Aig7t7YY_000018/video.mp4,baltimore oriole calling
video/tMXsrzj5YYA_000030/video.mp4,playing piano
video/pVf84f6xrBw_000070/video.mp4,"playing steel guitar, slide guitar"
video/SyWbd9bOCps_000096/video.mp4,"donkey, ass braying"
video/g3kkGbxwSLQ_000030/video.mp4,typing on computer keyboard
video/hUcuXIvDN2E_000030/video.mp4,playing bass guitar
video/8sd513xQzV4_000030/video.mp4,sailing
video/TmwM6LCcIBg_000130/video.mp4,playing sitar
video/W1VYWwYdJRQ_000370/video.mp4,chainsawing trees
video/wRnBUv5KA94_000024/video.mp4,train wheels squealing
video/AHom7lBbtoY_000030/video.mp4,train horning
video/X_nfMNpw9SA_000060/video.mp4,playing acoustic guitar
video/6CAbCbf-8Nc_000301/video.mp4,people slurping
video/WDox76ZHu40_000010/video.mp4,cat growling
video/AffuGvsShm0_000001/video.mp4,blowtorch igniting
video/KydSULgAHFI_000060/video.mp4,footsteps on snow
video/bq6C0_tAbJM_000030/video.mp4,helicopter
video/GDDDe4v0IQo_000222/video.mp4,hammering nails
video/Chc1xUT9KB0_000070/video.mp4,"railroad car, train wagon"
video/0XDEooC1h7s_000000/video.mp4,cow lowing
video/lI3P985JB7k_000105/video.mp4,playing double bass
video/G1OlHEvPRT8_000030/video.mp4,wind rustling leaves
video/UsNUR6tsoTs_000030/video.mp4,"motorboat, speedboat acceleration"
video/Sv9Pm4AburQ_000030/video.mp4,people clapping
video/5zK4wReAtTU_000030/video.mp4,typing on typewriter
video/wAtQza_yZE0_000432/video.mp4,fox barking
video/PQKLMe0XmXE_000069/video.mp4,warbler chirping
video/9crt3kBm2Hc_000012/video.mp4,"female speech, woman speaking"
video/D6shA0yJ8W4_000061/video.mp4,"fly, housefly buzzing"
video/ab3X6tqW-wg_000251/video.mp4,slot machine
video/PSkh8-ww1qI_000145/video.mp4,striking pool
video/lsO-MyEOBsk_000164/video.mp4,chopping food
video/z8EU5YAMbaw_000171/video.mp4,playing double bass
video/AahgXCrU1ZQ_000470/video.mp4,chainsawing trees
video/AAyqgdDOUYA_000020/video.mp4,fire truck siren
video/HShbaC9ORSo_000410/video.mp4,driving motorcycle
video/IdqTtYcY8L4_000140/video.mp4,splashing water
video/LPjblqE3xHk_000218/video.mp4,fox barking
video/XRfi2Lx5wRY_000020/video.mp4,ice cracking
video/55z-Cp00-O4_000045/video.mp4,arc welding
video/JQQcSiWzweM_000120/video.mp4,people marching
video/8EKCO2XKJ7w_000000/video.mp4,beat boxing
video/a3Eo6htO4t8_000314/video.mp4,playing drum kit
video/wVDpGmvoBns_000030/video.mp4,fire crackling
video/JhJGVXEk9fw_000136/video.mp4,planing timber
video/HLz3N5nG8fQ_000030/video.mp4,people clapping
video/MmMtqNIzmjg_000075/video.mp4,people eating noodle
video/OPZc8nKBwZs_000030/video.mp4,mouse pattering
video/Moru2uzLB6I_000480/video.mp4,playing snare drum
video/fil2wCcFeY0_000001/video.mp4,gibbon howling
video/ErJEcyZFJ3U_000002/video.mp4,chimpanzee pant-hooting
video/B_oNEOct8YE_000030/video.mp4,sloshing water
video/Wnb0UUbSB1w_000029/video.mp4,car engine starting
video/mhRdop55WeQ_000300/video.mp4,playing cello
video/-USpijVx_aI_000200/video.mp4,thunder
video/4thEVesl7yA_000001/video.mp4,driving snowmobile
video/U6_Ui8bpY9g_000042/video.mp4,people eating apple
video/-KTabIWnPSg_000021/video.mp4,rapping
video/B5u3PG7PWDE_000030/video.mp4,toilet flushing
video/AYf9HocxFdk_000054/video.mp4,playing darts
video/PoD9gVdeIS4_000010/video.mp4,playing electronic organ
video/FpsBLinFYik_000012/video.mp4,police car (siren)
video/Cr__MHtll1g_000021/video.mp4,"alligators, crocodiles hissing"
video/jhplcoP39vM_000118/video.mp4,dog baying
video/erYO0AUJDUQ_000120/video.mp4,vacuum cleaner cleaning floors
video/gMaUQCIYVSY_000450/video.mp4,bird squawking
video/-By6I234TSs_000010/video.mp4,playing synthesizer
video/deyvkq2LZoY_000006/video.mp4,fox barking
video/m0ZXviXIW4U_000103/video.mp4,tornado roaring
video/9nVNtRGU-rg_000270/video.mp4,lighting firecrackers
video/hsch-EsQFlU_000021/video.mp4,eagle screaming
video/dMQANiWPPME_000030/video.mp4,sailing
video/RpGRpTpEHTs_000109/video.mp4,disc scratching
video/cIHmmSm947Q_000000/video.mp4,people finger snapping
video/xvVz2LbGiMM_000312/video.mp4,people gargling
video/NAiOfUtiXeM_000030/video.mp4,"railroad car, train wagon"
video/FneEc150gSY_000120/video.mp4,pumping water
video/SzY85V52hgo_000016/video.mp4,dog howling
video/al7bGtNVe4E_000161/video.mp4,barn swallow calling
video/sxP8Z_FiKw8_000030/video.mp4,car engine knocking
video/TnzGGN9Q__s_000010/video.mp4,playing zither
video/Wu4I9yYcAuA_000030/video.mp4,sliding door
video/q0oFe21dSoQ_000096/video.mp4,footsteps on snow
video/PZiPN1nOwbE_000030/video.mp4,playing trombone
video/-nj0HaLz2N4_000023/video.mp4,playing hockey
video/pvV13-PcsY0_000030/video.mp4,mosquito buzzing
video/Pb1AZvbd0Jc_000174/video.mp4,bull bellowing
video/ti3oPHlZGQY_000088/video.mp4,people gargling
video/Q22V0AgIHr8_000103/video.mp4,baltimore oriole calling
video/4hYiaSYueCE_000216/video.mp4,playing cornet
video/kAHzcdl4qXY_000601/video.mp4,playing volleyball
video/Q9DRfeNHKGw_000200/video.mp4,playing electronic organ
video/de8skUrbdUc_000030/video.mp4,cricket chirping
video/XKNWjAq3xUk_000160/video.mp4,waterfall burbling
video/D7iyQCgox0g_000017/video.mp4,chipmunk chirping
video/T1_nZvxh5kI_000008/video.mp4,cattle mooing
video/x_2cbIrHG1k_000030/video.mp4,"pigeon, dove cooing"
video/IF6pEraHXjI_000145/video.mp4,playing washboard
video/0QabiRBcEKc_000050/video.mp4,"male speech, man speaking"
video/PSw5uqkTPzs_000314/video.mp4,playing bass drum
video/97AoAt1JlvA_000301/video.mp4,playing oboe
video/r-QpsjA-LHo_000054/video.mp4,driving snowmobile
video/c8AulW4IZVs_000030/video.mp4,playing electronic organ
video/aZ731aR_SBY_000000/video.mp4,playing timpani
video/7wZzdbliyBA_000443/video.mp4,electric grinder grinding
video/fWLowSAYH8s_000365/video.mp4,firing muskets
video/LVFYimyY7sU_000030/video.mp4,playing accordion
video/52Q0FVB8q3E_000030/video.mp4,playing french horn
video/8BWcP2uUzpo_000107/video.mp4,people humming
video/R1dfaoCfy88_000003/video.mp4,playing trombone
video/iTmNN9uGRfs_000314/video.mp4,snake hissing
video/DxPKk1IK930_000370/video.mp4,playing gong
video/dCcCTlI_neI_000722/video.mp4,lip smacking
video/zJ2HcF4fRlY_000038/video.mp4,tractor digging
video/0hWIKYNSEPE_000080/video.mp4,playing bagpipes
video/f77SKdyn-1Y_001228/video.mp4,sea waves
video/8dqn-f5rwNk_000016/video.mp4,plastic bottle crushing
video/HKvc2fgaeak_000189/video.mp4,playing tambourine
video/rGUylQrQnxY_000004/video.mp4,penguins braying
video/zLyUT9X0vNQ_000030/video.mp4,orchestra
video/2hCMb1rgLK4_000102/video.mp4,penguins braying
video/27rw1ni1k0c_000001/video.mp4,people running
video/xj4vjlbswJY_000045/video.mp4,scuba diving
video/XmELAvMLAEE_000003/video.mp4,"heart sounds, heartbeat"
video/5z1rE_l-0Ow_000000/video.mp4,"engine accelerating, revving, vroom"
video/sHlVa7X1vTs_000300/video.mp4,bird wings flapping
video/h6HkOxlVt5c_000070/video.mp4,chicken clucking
video/C1pyHakPaIE_000030/video.mp4,singing choir
video/fw3aeZ0BieE_000010/video.mp4,playing djembe
video/FwjlaF2FSzg_000318/video.mp4,playing darts
video/EaGGJ2YQou4_000147/video.mp4,hammering nails
video/4vz3UNoIQ0U_000030/video.mp4,lawn mowing
video/elKhJvAaRlc_000008/video.mp4,sea lion barking
video/EBHtpU1tB3E_000000/video.mp4,penguins braying
video/2yX9079mMB4_000003/video.mp4,cat meowing
video/vRhXMOIFct8_000293/video.mp4,"heart sounds, heartbeat"
video/KzvdKLdBw3s_000060/video.mp4,"female speech, woman speaking"
video/i7zNzUXtXj0_000215/video.mp4,popping popcorn
video/CkR2jl_LI3w_000030/video.mp4,horse clip-clop
video/c-vmzVd5nsE_000014/video.mp4,"donkey, ass braying"
video/RplzKlSlbR0_000023/video.mp4,people booing
video/-u-40BIU1HE_000014/video.mp4,cat hissing
video/30jlal45IKo_000097/video.mp4,cat hissing
video/1yfwHkdCucc_000042/video.mp4,eagle screaming
video/ZahBai58_Ec_000330/video.mp4,playing accordion
video/bfLqa4vlmFI_000274/video.mp4,"race car, auto racing"
video/yoPa_edl7-s_000150/video.mp4,sloshing water
video/1nUqhH8bAPk_000030/video.mp4,child singing
video/kJ1AWz_mhmE_000030/video.mp4,car engine knocking
video/Xus0LI3QV2A_000030/video.mp4,tapping guitar
video/EtcoN3RhRZg_000127/video.mp4,playing guiro
video/fPMwOPwurKU_000010/video.mp4,playing vibraphone
video/n-1ho8xiSGU_000002/video.mp4,beat boxing
video/DpLi9YH5idY_000030/video.mp4,dog barking
video/f9gjQDw0I5Q_000419/video.mp4,playing castanets
video/Gl91Nx0dVuU_000167/video.mp4,people eating apple
video/nHGoKS23x9U_000000/video.mp4,dog whimpering
video/6VycuUJbRjI_000030/video.mp4,male singing
video/ACWNRYsyMGk_000030/video.mp4,people finger snapping
video/5xNifFUzmCc_000060/video.mp4,basketball bounce
video/vRhXMOIFct8_000272/video.mp4,"heart sounds, heartbeat"
video/DB38NRSHw9A_000030/video.mp4,"male speech, man speaking"
video/0hOD_iIeePk_000030/video.mp4,car engine starting
video/WAztA-Iqb4g_000030/video.mp4,playing bagpipes
video/st6A74RGLmY_000037/video.mp4,air horn
video/GeUJHkgzFSE_000012/video.mp4,parrot talking
video/4jucrVBcSGI_000020/video.mp4,people crowd
video/BNrmXcZQ-p4_000030/video.mp4,helicopter
video/Dkfcal9MGPs_000400/video.mp4,bird squawking
video/UkIOg1Spd5A_000030/video.mp4,singing choir
video/ePaVMB0SH4Q_000000/video.mp4,"vehicle horn, car horn, honking"
video/TnUCfcISSw0_000271/video.mp4,chopping wood
video/uRyLEBGX5ag_000020/video.mp4,machine gun shooting
video/nSoebc2LfAo_000530/video.mp4,cricket chirping
video/t1nkAcgSC3E_000205/video.mp4,cow lowing
video/qFFBUVhICB4_000134/video.mp4,golf driving
video/YFO26ojd-sI_000007/video.mp4,rope skipping
video/rUBBfqfV76Y_000124/video.mp4,roller coaster running
video/bM5Ha8d-DoM_000009/video.mp4,coyote howling
video/EktnWQuAjdI_000030/video.mp4,playing flute
video/Ntn6YvZM3kA_000000/video.mp4,people screaming
video/CUt0oGFuxL8_000053/video.mp4,woodpecker pecking tree
video/34YdaKjz2BI_000034/video.mp4,beat boxing
video/nygHRktgEmw_000160/video.mp4,sloshing water
video/EsLDe5fYDrs_000080/video.mp4,playing french horn
video/pIhCGGAsoaA_000107/video.mp4,mouse clicking
video/a-3cZREZh3k_000400/video.mp4,"playing marimba, xylophone"
video/bVo174I2ydc_000279/video.mp4,playing snare drum
video/70CjsIbLwU0_000030/video.mp4,car engine starting
video/iQK-G22GR5Y_000300/video.mp4,people shuffling
video/F9Z4BYM8ttI_000395/video.mp4,lathe spinning
video/uwxoy9R6WdI_000030/video.mp4,dog whimpering
video/1PN-bfs2EhY_000030/video.mp4,child singing
video/YMHuJvqphUw_000440/video.mp4,playing tabla
video/Do1hG2Gl1w0_000251/video.mp4,striking bowling
video/O3Cl6lDfdAo_000198/video.mp4,wind chime
video/Hjx-S-6U9k0_000000/video.mp4,elephant trumpeting
video/WPsoHV3zRPQ_000290/video.mp4,goose honking
video/yA9_yeb_rrw_000342/video.mp4,spraying water
video/RXJxtAHtkcs_000000/video.mp4,people coughing
video/8Ajr0ONc2sE_000026/video.mp4,eagle screaming
video/hIo3lkALDlg_000050/video.mp4,playing flute
video/cyZ9arOPVb8_000030/video.mp4,goat bleating
video/iYE4gYV7RA0_000060/video.mp4,playing hammond organ
video/6LajWjNqc08_000064/video.mp4,ferret dooking
video/Yb4A_pPqgfM_000019/video.mp4,"pigeon, dove cooing"
video/Yk4r9XfKd2E_000261/video.mp4,playing bass drum
video/8HBG5mO7ef4_000156/video.mp4,"alligators, crocodiles hissing"
video/8JfTCuFGazk_000264/video.mp4,francolin calling
video/38-lq55soDE_000277/video.mp4,hedge trimmer running
video/WQKYfc9rrWQ_000108/video.mp4,spraying water
video/AfGGAC3vPJI_000030/video.mp4,sliding door
video/6GjsjhAbXRo_000020/video.mp4,dog howling
video/1Bv79-2FK-g_000140/video.mp4,shot football
video/MtjflptXd4M_000425/video.mp4,opening or closing car doors
video/qW4kBJsudLI_000030/video.mp4,playing mandolin
video/a06R3ExbZmU_000053/video.mp4,chimpanzee pant-hooting
video/c4oagWg6CWI_000128/video.mp4,people slurping
video/LFYRuK8YstI_000030/video.mp4,playing banjo
video/DVU3ovcB058_000037/video.mp4,wind chime
video/Y_KD3HAb-Zc_000070/video.mp4,bird wings flapping
video/nTkRP49OtCs_000159/video.mp4,people gargling
video/FKO9SVVk2jk_000075/video.mp4,metronome
video/OhR_eNcgsfg_000000/video.mp4,crow cawing
video/CTWtiwntfgw_000030/video.mp4,fire truck siren
video/PrEpx-QUOwg_000120/video.mp4,lions roaring
video/YiYb6WwdTDA_000030/video.mp4,playing sitar
video/W1L7JTsJHvE_000010/video.mp4,playing saxophone
video/ZBqMDXvp9Ak_000096/video.mp4,playing volleyball
video/jyU0TCxJZIE_000280/video.mp4,"subway, metro, underground"
video/CK5D-skzB5Y_000170/video.mp4,dinosaurs bellowing
video/rfa-iUp5UQc_000050/video.mp4,"playing steel guitar, slide guitar"
video/qXyq4XX7CdU_000006/video.mp4,chipmunk chirping
video/gfCl8WGI9qQ_000037/video.mp4,people eating noodle
video/duXP5p9KnAo_000265/video.mp4,police radio chatter
video/2_RltCGlGOA_000010/video.mp4,playing piano
video/fwKMB57hL6E_000056/video.mp4,pheasant crowing
video/Rt95T3Nzfag_000030/video.mp4,playing harmonica
video/qJT2h5uGAC0_000930/video.mp4,male singing
video/PQ2vqE0zc3E_000000/video.mp4,mosquito buzzing
video/Fm5ZiCupuqc_000045/video.mp4,beat boxing
video/5KdvPp1_JeI_000184/video.mp4,black capped chickadee calling
video/VjR_I34Vczk_000010/video.mp4,"playing steel guitar, slide guitar"
video/GdNA7R-lpdE_000055/video.mp4,fox barking
video/_DmA5okgdeQ_000004/video.mp4,dog baying
video/02Ak1eIyj3M_000030/video.mp4,ambulance siren
video/2Jpg_KvJWL0_000030/video.mp4,reversing beeps
video/8cPqZBlI6Z4_000008/video.mp4,lip smacking
video/AFACjpDiMSQ_000062/video.mp4,chipmunk chirping
video/LALkgnffr0I_000030/video.mp4,horse clip-clop
video/FfwAkXR6JMc_000025/video.mp4,cat hissing
video/J7Nyf-zX5Q8_000033/video.mp4,chinchilla barking
video/QPw4_ga7J2o_000140/video.mp4,typing on typewriter
video/LmSnKdx4W_8_000000/video.mp4,"race car, auto racing"
video/acBun97AC4A_000021/video.mp4,blowtorch igniting
video/FndCEC7yK2g_000104/video.mp4,airplane flyby
video/a0kLlYbaHGQ_000071/video.mp4,penguins braying
video/gVhRQtMGmoM_000099/video.mp4,shot football
video/Ergjh8YR0OM_000020/video.mp4,basketball bounce
video/ApWdM0PXpbk_000001/video.mp4,woodpecker pecking tree
video/soOWdd9lqsQ_000016/video.mp4,spraying water
video/FDHKDDeamFw_000169/video.mp4,playing guiro
video/kIYqf7kHzFU_000030/video.mp4,people eating
video/QnSGIwjh_ys_000100/video.mp4,spraying water
video/pAn49oUtHJE_000030/video.mp4,people clapping
video/3IZDfFDbGnU_000386/video.mp4,roller coaster running
video/ViABSlgCqEg_000075/video.mp4,elk bugling
video/QLd4z4LPQC0_000000/video.mp4,air conditioning noise
video/4kkrLlD_7sg_000018/video.mp4,playing bugle
video/jKTOO2MWszA_000070/video.mp4,splashing water
video/bPzCbrmKoVY_000019/video.mp4,bathroom ventilation fan running
video/kA8ZUNl5vss_000030/video.mp4,people sneezing
video/UrUJ9tUJynA_000030/video.mp4,child singing
video/Z2V67oNTnmw_000027/video.mp4,chopping food
video/UpMhsxYAadk_000108/video.mp4,playing bongo
video/Lhi9SJ6V8NQ_000014/video.mp4,smoke detector beeping
video/vfVD4eZ5Nvs_000009/video.mp4,playing bongo
video/Hb85aFzdR_I_000520/video.mp4,people crowd
video/OoAUkRN1qEs_000139/video.mp4,eletric blender running
video/Fj9Hv1gEJLA_000030/video.mp4,crow cawing
video/LTXXIMHSfo0_000014/video.mp4,volcano explosion
video/4NZkW-XaIa4_000030/video.mp4,car engine knocking
video/h68KSTu7nv4_000030/video.mp4,mouse pattering
video/IB5GpLct3c4_000042/video.mp4,playing tambourine
video/S_-F4Nr-2Ig_000307/video.mp4,forging swords
video/Xx2YziXzVkg_000030/video.mp4,dog growling
video/WsqTkkUzH5w_000030/video.mp4,playing harmonica
video/0unbxXUE_c0_000114/video.mp4,bowling impact
video/BTNz6NftP34_000030/video.mp4,driving motorcycle
video/n6lloBIIZ-k_000030/video.mp4,"female speech, woman speaking"
video/rYojIIvr1w8_000250/video.mp4,cap gun shooting
video/RRdY9mWHqWo_000136/video.mp4,"race car, auto racing"
video/ZW7eH1DORJg_000030/video.mp4,people eating
video/xwJ4G84jc1w_000018/video.mp4,playing bugle
video/yqKLtv30fcQ_000005/video.mp4,snake hissing
video/u3fTQHv01rE_000163/video.mp4,people giggling
video/B8_Y9qmHFWQ_000030/video.mp4,firing cannon
video/59rMFRh89ko_000013/video.mp4,people slapping
video/rWOYkvyr5o0_000033/video.mp4,"fly, housefly buzzing"
video/BQPk4cmN__4_000030/video.mp4,dog barking
video/B7Iab-AC3Dw_000110/video.mp4,playing bass drum
video/syIwNMo2TUA_000000/video.mp4,people screaming
video/-LxtesAXWIU_000042/video.mp4,sea waves
video/R_xO8kMthV4_000018/video.mp4,alarm clock ringing
video/nqnviB5WXSM_000030/video.mp4,dog whimpering
video/BUSFTmkQTvw_000030/video.mp4,people whispering
video/eukogoPpK8U_000030/video.mp4,mouse pattering
video/dQVMQyrIxEo_000010/video.mp4,people burping
video/J5_m9Ee6A6M_000030/video.mp4,"female speech, woman speaking"
video/MDMHvUb2JmM_000340/video.mp4,"cattle, bovinae cowbell"
video/HWjQnxlvwa0_000430/video.mp4,machine gun shooting
video/FmekHi2dLdI_000004/video.mp4,sheep bleating
video/8TWXyry2Kc4_000245/video.mp4,slot machine
video/FRwFfq3Tl1g_000310/video.mp4,skateboarding
video/XDS60G1huzQ_000226/video.mp4,blowtorch igniting
video/Y7aU3aCEf5A_000030/video.mp4,playing harpsichord
video/R3_Gqgl-NYE_000050/video.mp4,cat purring
video/bydY3lfv7mY_000044/video.mp4,people battle cry
video/z8-pznb0LUQ_000050/video.mp4,striking pool
video/MPe6ztPtF0Y_000030/video.mp4,playing acoustic guitar
video/HxMoMMrA6Eo_000030/video.mp4,driving buses
video/n0Bbn5VNaMg_000043/video.mp4,playing bass drum
video/QlUKaEhgcV0_000539/video.mp4,playing drum kit
video/iq5Lh7AB1Ns_000019/video.mp4,playing glockenspiel
video/YTZK9FNgK74_000030/video.mp4,playing theremin
video/5ca8p5OWniI_000120/video.mp4,playing piano
video/IQecgFqv4mI_000000/video.mp4,car engine knocking
video/kie47qxRmEQ_000566/video.mp4,forging swords
video/AUXS8zwFV0k_000030/video.mp4,baby babbling
video/C5enZKUmB4k_000030/video.mp4,lawn mowing
video/XxD_LYlr_9M_000100/video.mp4,singing bowl
video/qhbXS3yMuEQ_000017/video.mp4,train whistling
video/riLxPF82qhA_000011/video.mp4,planing timber
video/-vBj0PZ1RF0_000009/video.mp4,people clapping
video/UUuXfyfCaL4_000170/video.mp4,people clapping
video/Ti0Ck0xTdw4_000030/video.mp4,typing on computer keyboard
video/JRIKh0r_We8_000229/video.mp4,playing congas
video/DodAbJiArzw_000014/video.mp4,playing lacrosse
video/r6vYJjNnc6o_000000/video.mp4,playing gong
video/wGHq188CAs4_000090/video.mp4,sharpen knife
video/5tM4bPM6E_w_000070/video.mp4,cat purring
video/_hYBs0xee9Y_000030/video.mp4,playing mandolin
video/6gAQiZDRvXI_000022/video.mp4,magpie calling
video/hwVjfCpBT1M_000153/video.mp4,rope skipping
video/JqmOqYtQqB8_000030/video.mp4,people shuffling
video/Y7n-Fw0uwOc_000230/video.mp4,lighting firecrackers
video/NCSXKxmlusY_000000/video.mp4,crow cawing
video/2Tx5L5RBXxw_000200/video.mp4,stream burbling
video/lb1awXgoyQE_000000/video.mp4,skidding
video/VgAXZHMi_ws_000015/video.mp4,goat bleating
video/-gz_moHFwl4_000016/video.mp4,horse neighing
video/YFwzNNEuOSY_000050/video.mp4,wind noise
video/HyKrcvSijxU_000300/video.mp4,bird wings flapping
video/EOSB-mXWEHA_000092/video.mp4,tractor digging
video/H7rd0MW1s40_000005/video.mp4,penguins braying
video/0CbBZ-XeZNU_000250/video.mp4,stream burbling
video/ZcZYEojbaPo_000030/video.mp4,people belly laughing
video/8Nu6Tfgw-Dg_000647/video.mp4,footsteps on snow
video/Nyi9_-u6-w0_000030/video.mp4,driving buses
video/qXMeMOkNAXQ_000039/video.mp4,underwater bubbling
video/cNNv7S3viJk_000051/video.mp4,airplane flyby
video/Ptcyg0EyJY4_000077/video.mp4,popping popcorn
video/Z19W44ZI15Q_000190/video.mp4,playing electric guitar
video/r6jDIQQVXjc_000263/video.mp4,cell phone buzzing
video/deX7R9RbmX0_000120/video.mp4,ocean burbling
video/Ctnf51mWdPI_000024/video.mp4,hail
video/2KEg1a42Wx0_000288/video.mp4,cat hissing
video/Jogry7CVLzA_000007/video.mp4,people sneezing
video/FC-h534z9uA_000400/video.mp4,playing bagpipes
video/CTQWa_KvB9w_000218/video.mp4,cell phone buzzing
video/SxabpNk83x8_000170/video.mp4,playing tabla
video/i8t9TtX18y4_000030/video.mp4,playing sitar
video/LArzvx72wH0_000045/video.mp4,golf driving
video/JK1VapgXi_c_000115/video.mp4,plastic bottle crushing
video/oIgPIGUQ8yY_000030/video.mp4,playing trombone
video/Ev7EbZbgr80_000013/video.mp4,cupboard opening or closing
video/YNfqO5oHGaA_000030/video.mp4,firing cannon
video/4dGNiQgsoNg_000049/video.mp4,civil defense siren
video/KgIKVWGLUUo_000030/video.mp4,thunder
video/Wur2SkL8EDk_000030/video.mp4,car engine knocking
video/DB3Ao8x9Om8_000039/video.mp4,people battle cry
video/q6X517iRwRk_000188/video.mp4,swimming
video/wqe7p4y85ls_000030/video.mp4,people whispering
video/WQQfK8Bqkw0_000230/video.mp4,playing saxophone
video/3UCK4XCrvoc_000030/video.mp4,people babbling
video/OifvajLsn5I_000030/video.mp4,horse neighing
video/sZo_gHIm9mA_000010/video.mp4,playing saxophone
video/x23S0-ti2Pw_000234/video.mp4,playing tambourine
video/cef972vNfUE_000030/video.mp4,people whispering
video/ayrzdxBwzGw_000080/video.mp4,wind rustling leaves
video/n4-THBrsn4o_000106/video.mp4,coyote howling
video/bf551OyAH-Y_000030/video.mp4,"cattle, bovinae cowbell"
video/cRvAv1Nn-WQ_000043/video.mp4,ferret dooking
video/34f6a05F1rk_000076/video.mp4,cutting hair with electric trimmers
video/01kxsUBtBZY_000100/video.mp4,"ice cream truck, ice cream van"
video/Ri47GANmuQ4_000016/video.mp4,elephant trumpeting
video/Pzy4xTPzMiM_000028/video.mp4,slot machine
video/uEMANxR3vwc_000338/video.mp4,police radio chatter
video/WJV6Ey6hXEw_000005/video.mp4,dog growling
video/fdoSpr2hpIA_000121/video.mp4,cupboard opening or closing
video/Va09NcvcK3g_000655/video.mp4,striking bowling
video/6HuIs2xW5kI_000086/video.mp4,fox barking
video/D8R-u0sG5eg_000009/video.mp4,people finger snapping
video/eeZ8P9lmQ6U_000048/video.mp4,magpie calling
video/UCgErb1ImPY_000031/video.mp4,hedge trimmer running
video/F1Ig-hdRhuQ_000075/video.mp4,hail
video/QTbtvbzBs00_000063/video.mp4,"playing steel guitar, slide guitar"
video/rCIOTkeopHs_000159/video.mp4,"heart sounds, heartbeat"
video/wtvKeNPMwPk_000066/video.mp4,yodelling
video/Io52OMUVIa0_000380/video.mp4,pumping water
video/gAflXwf_Jpw_000066/video.mp4,cuckoo bird calling
video/PS_uJXcbJ_A_000096/video.mp4,squishing water
video/_vt5Pxi-7BQ_000452/video.mp4,planing timber
video/C2rJ-VJLcdk_000330/video.mp4,hair dryer drying
video/EUF5k23kQuc_000034/video.mp4,parrot talking
video/SmzESvmFENY_000014/video.mp4,"fly, housefly buzzing"
video/0q5kQGcOn2I_000083/video.mp4,francolin calling
video/UwKwH8VH418_000001/video.mp4,mouse clicking
video/m4L7tB0wf8s_000126/video.mp4,bowling impact
video/nZu-pLopvtw_000220/video.mp4,typing on typewriter
video/nf9NQGhq2rY_000048/video.mp4,playing snare drum
video/Up72EgZT_B0_000060/video.mp4,bathroom ventilation fan running
video/pBVTBsWiHdk_000063/video.mp4,playing mandolin
video/fou66e3D0VM_000013/video.mp4,sheep bleating
video/m77lSpgTPpI_000016/video.mp4,sharpen knife
video/ZqFhbOL1WPA_000230/video.mp4,playing bassoon
video/YsphDAFz1DA_000100/video.mp4,wind noise
video/C7v-N6WYvA4_000140/video.mp4,"playing marimba, xylophone"
video/d2nT1ZwZiZw_000051/video.mp4,opening or closing car electric windows
video/8bB2BcjSzBU_000040/video.mp4,wind noise
video/e03gY44qb9g_000030/video.mp4,goat bleating
video/GpCE19eTlaM_000079/video.mp4,sheep bleating
video/cWZLGpaVwwE_000030/video.mp4,typing on computer keyboard
video/8oe6egO0YOc_000030/video.mp4,wind rustling leaves
video/-hYRFCQdbLg_000030/video.mp4,playing steelpan
video/PnlvBFdNje4_000145/video.mp4,playing washboard
video/XNzQVEmoJrY_000030/video.mp4,playing squash
video/7hIUlBvcT5k_000106/video.mp4,playing washboard
video/NGG0Iosv8Lo_000183/video.mp4,playing squash
video/Zook_bGHT3E_000030/video.mp4,playing cello
video/ZkNXSaL8GWQ_000003/video.mp4,air horn
video/JErx-AImWqk_000000/video.mp4,dog bow-wow
video/1De-OI8YG-M_000007/video.mp4,thunder
video/KdIIocq3jeM_000409/video.mp4,lip smacking
video/_VVrGTbA78k_000124/video.mp4,chopping wood
video/K1PzpuR6CqY_000010/video.mp4,playing trumpet
video/0NQXsEwBqAk_000136/video.mp4,tractor digging
video/fWjgRBl7LNc_000060/video.mp4,playing zither
video/M_0KYUcqS8g_000009/video.mp4,chicken clucking
video/LZetbWJ01Oc_000310/video.mp4,wind rustling leaves
video/rA-2spZVK7Y_000030/video.mp4,car engine knocking
video/Gp8JHL426qs_000195/video.mp4,playing badminton
video/qVvAWkoLOz0_000108/video.mp4,playing snare drum
video/EZj9VRgD6WQ_000090/video.mp4,orchestra
video/R6hwadNOJcg_000052/video.mp4,playing oboe
video/o3OBabEppEA_000075/video.mp4,striking bowling
video/FH0MZoQHSro_000030/video.mp4,driving motorcycle
video/nFxm8ivSZLM_000012/video.mp4,air horn
video/XzGx6ZWa_OE_000257/video.mp4,beat boxing
video/hrqspJV1DT8_000099/video.mp4,lions growling
video/3B18wwoSCQ0_000055/video.mp4,rope skipping
video/TW_dVmqr9ac_000107/video.mp4,smoke detector beeping
video/E6TSYy7ikcs_000129/video.mp4,playing synthesizer
video/EKt_KEbqQfQ_000030/video.mp4,playing synthesizer
video/t_UXhBi6ZGQ_000011/video.mp4,people cheering
video/GjoBV2mf8jo_000131/video.mp4,playing castanets
video/_l80H-FL3II_000026/video.mp4,people gargling
video/osmEyq_Seis_000113/video.mp4,playing tuning fork
video/-NQl3o-CGwY_000098/video.mp4,elk bugling
video/GEwEOl3uxC4_000250/video.mp4,fireworks banging
video/FKElIiHW0Ws_000001/video.mp4,chipmunk chirping
video/-hJ1YTZ5AGI_000030/video.mp4,male singing
video/B-1QW7g81gA_000030/video.mp4,playing mandolin
video/wmQyktOSKv4_000030/video.mp4,people whispering
video/QGhPi_IvNyk_000030/video.mp4,car engine knocking
video/BZWyX4pYUSk_000396/video.mp4,"heart sounds, heartbeat"
video/mPtIJOdWFso_000030/video.mp4,pig oinking
video/6lXlJ9H2p28_000044/video.mp4,car engine starting
video/YwUa3OS92ZQ_000030/video.mp4,pig oinking
video/0Rqa18lmDtw_000153/video.mp4,driving motorcycle
video/Rn0GEJVNV7I_000002/video.mp4,sloshing water
video/NEm4vbonbH4_000076/video.mp4,francolin calling
video/C33WdI64FiY_000030/video.mp4,rapping
video/CZv_yRWyT74_000377/video.mp4,plastic bottle crushing
video/n2JanKszFoQ_000200/video.mp4,playing cello
video/UycDO8tQwsA_000420/video.mp4,bird squawking
video/vmQcsFtmxG8_000000/video.mp4,people hiccup
video/Pmow_aB00Ww_000195/video.mp4,forging swords
video/XzqUa_35-xs_000044/video.mp4,pheasant crowing
video/Cfs7cp5r38U_000067/video.mp4,volcano explosion
video/VJAJzwsogP8_000281/video.mp4,"donkey, ass braying"
video/CA5iF0mpXFE_000030/video.mp4,playing harmonica
video/BO555bbZkDw_000550/video.mp4,playing vibraphone
video/2f7i-ndrx9g_000060/video.mp4,opening or closing drawers
video/qAbV36uy-gc_000025/video.mp4,snake rattling
video/EnXFqxbu-w0_000150/video.mp4,"child speech, kid speaking"
video/yUo3x9A--fI_000145/video.mp4,people nose blowing
video/v6mv66B4zXc_000013/video.mp4,opening or closing car electric windows
video/93EUsIMPlKU_000040/video.mp4,lions growling
video/Cqb1zyyTiHw_000011/video.mp4,bathroom ventilation fan running
video/ptw48aDb4Ms_000124/video.mp4,playing castanets
video/nlYlNF30bVg_000030/video.mp4,people screaming
video/8MuAU6qrvgM_000730/video.mp4,cat purring
video/0CzC0-cXe8M_000030/video.mp4,lawn mowing
video/VjjH55ct-Lk_000050/video.mp4,playing clarinet
video/76pvldq1Ykg_000194/video.mp4,firing muskets
video/DQLtNSPC7P0_000480/video.mp4,playing saxophone
video/fwFuuaK8WqE_000332/video.mp4,playing cornet
video/DVF3rKX-opo_000030/video.mp4,playing zither
video/sAMjMyCdGOc_000030/video.mp4,driving motorcycle
video/KksMNKXuiNw_000012/video.mp4,cattle mooing
video/QFIEGoEUJNk_000250/video.mp4,playing vibraphone
video/hp-1ncwHRto_000026/video.mp4,people cheering
video/MfKSVJIcDK0_000030/video.mp4,playing acoustic guitar
video/ZydWsLOtJGU_000742/video.mp4,playing table tennis
video/Peuy1VcJ17s_000017/video.mp4,shot football
video/Dr0Crzj0f4I_000141/video.mp4,snake rattling
video/KiFQFxJphjI_000030/video.mp4,rapping
video/daD9q2qZt10_000070/video.mp4,people sneezing
video/S_Hw4vkKBuk_000021/video.mp4,people giggling
video/y7mhiv2Ltc4_000070/video.mp4,train wheels squealing
video/hKQb8SijZO4_000240/video.mp4,baby babbling
video/-xQbyezhw_k_000040/video.mp4,hair dryer drying
video/jXqFEx-S0hw_000161/video.mp4,playing castanets
video/f5nX-_w6z2o_000181/video.mp4,playing erhu
video/EBHSSNxR-_0_000004/video.mp4,using sewing machines
video/NSXKoQa0NsQ_000051/video.mp4,playing squash
video/gS7sZgzT7_k_000020/video.mp4,cat purring
video/p4UUXfNGu_Y_000020/video.mp4,car engine idling
video/XrfEKRcnKxs_000030/video.mp4,people sneezing
video/-Lv13WPa4xk_000170/video.mp4,airplane flyby
video/_qL20ImF8bE_000047/video.mp4,people giggling
video/6pznDg7054M_000013/video.mp4,playing lacrosse
video/-xTVeti9VkQ_000018/video.mp4,magpie calling
video/fruUoi4bWvo_000018/video.mp4,air horn
video/y9_9tveI1OY_000100/video.mp4,people sneezing
video/JXtOJM5Srs0_000003/video.mp4,sharpen knife
video/7_db8dk3KFw_000030/video.mp4,dog bow-wow
video/jXfAssGHBaY_000108/video.mp4,people booing
video/YROOI2kKvGw_000260/video.mp4,"playing violin, fiddle"
video/ytDgv2MUbow_000052/video.mp4,playing oboe
video/o0Bn4m6dQbI_000100/video.mp4,playing accordion
video/YElBZnW40Ng_000021/video.mp4,mosquito buzzing
video/OnJaLTDVxjQ_000240/video.mp4,toilet flushing
video/6BXR7JlTiBQ_000009/video.mp4,coyote howling
video/AmrR1Y9Uvjw_000150/video.mp4,"vehicle horn, car horn, honking"
video/qxAblk9Jvas_000032/video.mp4,cheetah chirrup
video/6HA2HwIJ2Mw_000006/video.mp4,sheep bleating
video/2A63oYgod8Y_000560/video.mp4,cap gun shooting
video/1zQtgRqPHZU_000024/video.mp4,bathroom ventilation fan running
video/jJBgSsVyQns_000010/video.mp4,playing bagpipes
video/-7TanrCbmME_000030/video.mp4,child singing
video/Mdw3cJ4vr8c_000084/video.mp4,striking pool
video/bOCkO_RtPIo_000300/video.mp4,sailing
video/5ott6Y1gZcY_000144/video.mp4,people cheering
video/6NmB-R4eb2I_000013/video.mp4,chopping wood
video/yInXc5FJNyc_000119/video.mp4,train wheels squealing
video/kiAMVnSBGw0_000030/video.mp4,"male speech, man speaking"
video/syJs8zsdI8o_000034/video.mp4,playing gong
video/hQMkT2YEnNA_000030/video.mp4,people coughing
video/lpwc8LHg8mI_000185/video.mp4,chimpanzee pant-hooting
video/T6mrHDa7GcE_000065/video.mp4,people giggling
video/j9Z63H5hvrQ_000010/video.mp4,"subway, metro, underground"
video/1TJrceFMGrU_000114/video.mp4,tractor digging
video/8EVe2kmFADM_000087/video.mp4,hail
video/XXkTYV7NqIA_000275/video.mp4,dinosaurs bellowing
video/aZNrJFxR9HU_000013/video.mp4,cat hissing
video/V8doyquJFyw_000000/video.mp4,elephant trumpeting
video/Y5TOBR2w3Gc_000138/video.mp4,tornado roaring
video/4Psyk_xyBl0_000040/video.mp4,playing electric guitar
video/0TuhcsOwEEs_000064/video.mp4,skiing
video/Io9aikyyBGk_000030/video.mp4,people eating
video/lBm9NJCDgBU_000105/video.mp4,cuckoo bird calling
video/4jKkc7qQQ88_000016/video.mp4,dog baying
video/sNuctsHhAJg_000047/video.mp4,playing tympani
video/Xp-u8qRkJZA_000014/video.mp4,bull bellowing
video/-hedbpc8T0E_000030/video.mp4,people babbling
video/yILNxGv1hHc_000024/video.mp4,hail
video/T0x6z65J-_M_000334/video.mp4,swimming
video/-IZbvEO9wzU_000030/video.mp4,female singing
video/Urpfo3V0EPw_000030/video.mp4,people eating
video/ca-rGWC4xPc_000030/video.mp4,playing ukulele
video/Zl0rf_cK2TI_000159/video.mp4,swimming
video/YDpyBLAg2Ps_000280/video.mp4,tap dancing
video/Nv_BiqJBsTs_000011/video.mp4,playing bugle
video/uKqFWsVI250_000071/video.mp4,airplane
video/q4pqpYX6b7U_000030/video.mp4,tapping guitar
video/KeprFzFcbYU_000010/video.mp4,people hiccup
video/gBRTGtmHZW0_000154/video.mp4,slot machine
video/j6gaw7Nasnc_000570/video.mp4,people coughing
video/luP32GUAnEs_000013/video.mp4,magpie calling
video/iWiNV03Wa6Y_000072/video.mp4,snake hissing
video/IZtiMmPN0Xc_000000/video.mp4,playing harp
video/tJT4SruI5Hs_000018/video.mp4,chimpanzee pant-hooting
video/f32jsHUKso4_000037/video.mp4,penguins braying
video/59bFleb7qQA_000010/video.mp4,church bell ringing
video/jgmF1Ykjolg_000007/video.mp4,cell phone buzzing
video/0XFFOBzJ3aw_000120/video.mp4,playing flute
video/vaErFk6zS30_000044/video.mp4,people sneezing
video/Ovwr3IroFXo_000005/video.mp4,police radio chatter
video/izSRjdYln8E_000260/video.mp4,playing trombone
video/upTOTcANkBo_000100/video.mp4,playing ukulele
video/d-agvXRvcMQ_000089/video.mp4,beat boxing
video/ClaW4rHT6t0_000000/video.mp4,"railroad car, train wagon"
video/AyEGPZ3cFfY_000043/video.mp4,owl hooting
video/FHChU52nch0_000010/video.mp4,bird squawking
video/9s26XGoKYG0_000250/video.mp4,playing harpsichord
video/rnAR_z3mw48_000132/video.mp4,people nose blowing
video/11KWMKfalJo_000040/video.mp4,people running
video/86tDkNq1rvg_000245/video.mp4,strike lighter
video/UaFiUiC_Izo_000054/video.mp4,squishing water
video/ikRR0vg8xLc_000260/video.mp4,opening or closing drawers
video/QAjepby044Q_000040/video.mp4,"playing violin, fiddle"
video/YrheeLTG-5U_000042/video.mp4,plastic bottle crushing
video/ImIaSqXqaf4_000166/video.mp4,car engine idling
video/cdbYsoEasio_000070/video.mp4,people screaming
video/DAQGE0SNs6g_000108/video.mp4,dinosaurs bellowing
video/pKt19mzJKCo_000243/video.mp4,people battle cry
video/8OukwZl_vsg_000030/video.mp4,car engine starting
video/QK27EA8DmHQ_000385/video.mp4,disc scratching
video/Osm09kE9uCY_000030/video.mp4,stream burbling
video/_kgVaDLEXMQ_000047/video.mp4,snake hissing
video/28p0DrP3KgI_000021/video.mp4,electric grinder grinding
video/_PuBoGoSpog_000280/video.mp4,stream burbling
video/Ju7Kg_H2iZQ_000030/video.mp4,"engine accelerating, revving, vroom"
video/Du3Vtoy8jlM_000030/video.mp4,playing timpani
video/BjHakHE9geo_000011/video.mp4,mynah bird singing
video/qEBAFHQkGnc_000164/video.mp4,popping popcorn
video/a_HzXa0YVIo_000170/video.mp4,"rowboat, canoe, kayak rowing"
video/gEvCUcZ6w88_000030/video.mp4,"female speech, woman speaking"
video/mk0gCiY0OHg_000025/video.mp4,civil defense siren
video/lj7hzmz19-M_000030/video.mp4,driving motorcycle
video/NKvL6apPfhw_000000/video.mp4,owl hooting
video/l-kcXXZIVLs_000190/video.mp4,playing cello
video/aMDAoaCyB1c_000073/video.mp4,roller coaster running
video/kxTwZeZxuvo_000036/video.mp4,"fly, housefly buzzing"
video/I7esm6vqqZ4_000030/video.mp4,driving buses
video/vhKjv9GuARQ_000043/video.mp4,tornado roaring
video/x9BtE9mcnr8_000227/video.mp4,swimming
video/GkDN30ttEkc_000239/video.mp4,playing volleyball
video/wmStqt_0Ja4_000192/video.mp4,chimpanzee pant-hooting
video/0Zm0ti8edsQ_000263/video.mp4,car engine idling
video/-s5ZidRvnjQ_000250/video.mp4,singing bowl
video/DlQK2qeiVRs_000039/video.mp4,playing darts
video/OBR-aL7YXM8_000180/video.mp4,"engine accelerating, revving, vroom"
video/_QsEc34hEik_000053/video.mp4,tap dancing
video/nFa1PNr2dLA_000030/video.mp4,helicopter
video/BW9mmT29W8M_000024/video.mp4,coyote howling
video/6dwkWDQSjkA_000057/video.mp4,francolin calling
video/2qSknsEkmZI_000030/video.mp4,playing didgeridoo
video/Frgvl2G8pas_000350/video.mp4,opening or closing drawers
video/k7WzaCeUIrI_000136/video.mp4,people humming
video/fJEkkvr19I8_000030/video.mp4,people whispering
video/cCliiSDuhlI_000004/video.mp4,woodpecker pecking tree
video/AVeChue2AMQ_000010/video.mp4,stream burbling
video/IgZ6SeMFFDE_000005/video.mp4,squishing water
video/lOcgoVKGKgU_000000/video.mp4,playing trombone
video/yW6Ac4EN7Ek_000014/video.mp4,smoke detector beeping
video/1eP5LSjyge0_000220/video.mp4,hair dryer drying
video/lu1IALDsQVk_000474/video.mp4,bowling impact
video/w1-Rli9XnlI_000068/video.mp4,playing bugle
video/BlsbeyimUDE_000030/video.mp4,people clapping
video/DhiZ6pZ8LEc_000170/video.mp4,using sewing machines
video/XeG88v5JZyo_000190/video.mp4,people belly laughing
video/1hrYIADPJ_w_000017/video.mp4,air conditioning noise
video/rosiOZ0VIHA_000338/video.mp4,playing badminton
video/fGLsqnEJTKk_000280/video.mp4,"bird chirping, tweeting"
video/JNbrtgeDFSk_000000/video.mp4,cat growling
video/FjCtruuJ09I_000031/video.mp4,popping popcorn
video/_nMkSRVn6G0_000012/video.mp4,baltimore oriole calling
video/VKnQSCz2IVs_000000/video.mp4,tractor digging
video/STdAr1JNXIU_000190/video.mp4,helicopter
video/ycOM6mmzeok_000494/video.mp4,people battle cry
video/VwgBmuzcUnw_000099/video.mp4,hammering nails
video/0bKpv6YBl7g_000050/video.mp4,opening or closing drawers
video/mSHxFybELNY_000015/video.mp4,playing cornet
video/pzZBnD-EL80_000085/video.mp4,hammering nails
video/jChzM9_rP-Q_000000/video.mp4,train horning
video/-xCaTrKy1CI_000000/video.mp4,"playing marimba, xylophone"
video/jaSK_t8QP1E_000030/video.mp4,driving buses
video/LYj9FpkFXTI_000030/video.mp4,people burping
video/H1BpQCKwam4_000030/video.mp4,playing synthesizer
video/IJquEOrTj1Y_000150/video.mp4,playing didgeridoo
video/PJHg_DV7HGE_000030/video.mp4,"engine accelerating, revving, vroom"
video/G1-XHWLgtlA_000000/video.mp4,playing cymbal
video/ErOQx6MhANI_000030/video.mp4,"bird chirping, tweeting"
video/3PfWjclBA5I_000010/video.mp4,machine gun shooting
video/wGcq9cUby6A_000044/video.mp4,tap dancing
video/6LgN_ZHxZr8_000012/video.mp4,penguins braying
video/NGvamh45l6k_000022/video.mp4,otter growling
video/NYKrP5HnEC8_000030/video.mp4,playing gong
video/xA_YD_b7EdA_000040/video.mp4,elk bugling
video/FkS5NOnVsL0_000050/video.mp4,rope skipping
video/guGNQyMTm8Y_000218/video.mp4,playing castanets
video/2cEM6Hu90v0_000038/video.mp4,playing erhu
video/T9QD0bCD7tU_000012/video.mp4,cupboard opening or closing
video/VqI5IF3HmBo_000098/video.mp4,playing volleyball
video/DyC9UIPr8tY_000034/video.mp4,snake hissing
video/z98K_76cHJw_000009/video.mp4,eletric blender running
video/JVjDa0NmfeE_000196/video.mp4,cat hissing
video/T6Jy1yIF61M_000099/video.mp4,sea lion barking
video/_pa-9nYl1QE_000037/video.mp4,canary calling
video/qz66f98CiBg_000086/video.mp4,opening or closing car doors
video/BbOVvWpZAWo_000360/video.mp4,door slamming
video/d1VB1vA-UsI_000220/video.mp4,playing didgeridoo
video/5yLw_p9YcQE_000040/video.mp4,playing cymbal
video/IcXF-j6aCfY_000030/video.mp4,fireworks banging
video/KzerdnnE7iY_000437/video.mp4,playing tennis
video/Co7vOJiMeO0_000064/video.mp4,baby crying
video/MYEkC3f3AdE_000030/video.mp4,goose honking
video/-oOARU0JwWE_000153/video.mp4,people humming
video/8Nrp4jUZeGE_000270/video.mp4,playing vibraphone
video/KhjtXdPpEHM_000099/video.mp4,dog baying
video/u_1-vcOg5W0_000190/video.mp4,orchestra
video/DDhKU_VH0Js_000228/video.mp4,canary calling
video/ebKlAIROx1c_000090/video.mp4,people slapping
video/h6NMBTwaOss_000000/video.mp4,striking bowling
video/V89-wTa6qcY_000070/video.mp4,mynah bird singing
video/aZfszZqR7i4_000120/video.mp4,"subway, metro, underground"
video/1KpqiBhyP7Q_000008/video.mp4,ferret dooking
video/95qXTEP3nQw_000014/video.mp4,horse neighing
video/YKNARbzNi1A_000030/video.mp4,bird squawking
video/K_EsxukdNXM_000030/video.mp4,cattle mooing
video/iZqpnIylN6E_000030/video.mp4,mouse squeaking
video/djoF51W8zqw_000048/video.mp4,people giggling
video/WhX3jQxHZWc_000030/video.mp4,playing banjo
video/1S4SJnWsq1s_000442/video.mp4,playing hockey
video/0x9TnOQ5Nhw_000020/video.mp4,"pigeon, dove cooing"
video/jYgUTPUi28Y_000201/video.mp4,dinosaurs bellowing
video/iCaMiydCvFI_000061/video.mp4,penguins braying
video/dUjpH8UAycU_000012/video.mp4,goat bleating
video/_Bih7lCMSz8_000223/video.mp4,people nose blowing
video/SwONnm4TKHw_000041/video.mp4,playing hockey
video/1SJFTbu1abo_000042/video.mp4,canary calling
video/2VFVe0RCn7g_000010/video.mp4,tapping guitar
video/14jcqHjMXcI_000000/video.mp4,horse clip-clop
video/YLduYJDnL5c_000010/video.mp4,dog whimpering
video/0dC6Ay0oqWk_000030/video.mp4,playing zither
video/NXgo0uXN5e4_000076/video.mp4,firing muskets
video/Y-ZIaJqordE_000070/video.mp4,reversing beeps
video/cbmaM2VhdAU_000030/video.mp4,goose honking
video/7iZhehXeL3I_000058/video.mp4,mynah bird singing
video/1RwhRTe-OKk_000030/video.mp4,playing banjo
video/LEnZ2fTT1cE_000307/video.mp4,skiing
video/Nht8x-egV7Y_000015/video.mp4,chinchilla barking
video/NmoWSjzMwoo_000061/video.mp4,cell phone buzzing
video/JaGUY5ULTok_000020/video.mp4,playing didgeridoo
video/IQFRwjMKOrM_000485/video.mp4,playing darts
video/3qO4P2X-oHU_000063/video.mp4,cheetah chirrup
video/28wBrNjHXOM_000390/video.mp4,playing didgeridoo
video/iMNEd2l5Ff8_000030/video.mp4,firing cannon
video/IERQwxXxb2E_000103/video.mp4,cutting hair with electric trimmers
video/yeu6OEIKwws_000030/video.mp4,playing synthesizer
video/uBBjaf6ehLo_000087/video.mp4,playing squash
video/HQfF_JXrUUI_000030/video.mp4,sliding door
video/t3fZ7cgYVFc_000030/video.mp4,pig oinking
video/ojeayXPOb6Y_000027/video.mp4,whale calling
video/W7EC4nQ6Qqk_000010/video.mp4,"donkey, ass braying"
video/tNzp5xotBjs_000120/video.mp4,playing double bass
video/9fMBtDjXvcg_000011/video.mp4,blowtorch igniting
video/P-h317k111o_000182/video.mp4,people slurping
video/0Olm321vgk8_000030/video.mp4,male singing
video/koUnrPY_3n8_000007/video.mp4,cricket chirping
video/K9bWqZczmeA_000780/video.mp4,people slapping
video/mT4pfrwWaco_000000/video.mp4,people farting
video/tj77zzeFPsc_000267/video.mp4,people eating noodle
video/f-DZlg2DFWE_000000/video.mp4,horse neighing
video/IBVid9pEOwk_000005/video.mp4,striking bowling
video/vEvvRfuVk30_000108/video.mp4,cat hissing
video/cGhQEyMT6ac_000190/video.mp4,stream burbling
video/3kSQNjfJnN8_000210/video.mp4,playing theremin
video/i_G-KciH8XM_000028/video.mp4,sea waves
video/Wdtku1dqJo0_000030/video.mp4,female singing
video/iiAK295_-jk_000021/video.mp4,baby crying
video/oPR7tUEUptk_000030/video.mp4,fire truck siren
video/f4f5mItegfo_000044/video.mp4,playing tuning fork
video/Hn0UhOnyeJ0_000225/video.mp4,metronome
video/bVR288WbDXc_000030/video.mp4,car passing by
video/0wdNFZhpdQw_000368/video.mp4,people eating crisps
video/d0a5UlkfV2g_000264/video.mp4,underwater bubbling
video/igU11WRJNrU_000106/video.mp4,lions growling
video/6boVy5aF4kg_000030/video.mp4,people sobbing
video/1eBzpkIY-TY_000198/video.mp4,snake hissing
video/A8gbOIvxvMA_000030/video.mp4,playing cello
video/SKt_3Nv2DHo_000030/video.mp4,pig oinking
video/Cf0qCCo8ItA_000219/video.mp4,car engine idling
video/CNteFuxbbZs_000030/video.mp4,mouse squeaking
video/OHkkIGrKEKk_000000/video.mp4,baltimore oriole calling
video/PWLeqsU7nUI_000073/video.mp4,train wheels squealing
video/U7GDDe_Oqyo_000496/video.mp4,golf driving
video/bm5IT7e2vvI_000120/video.mp4,"playing marimba, xylophone"
video/S63LEKmzBis_000039/video.mp4,lathe spinning
video/JBbLvj_lHRI_000089/video.mp4,black capped chickadee calling
video/YSLun3TqE08_000150/video.mp4,playing cello
video/7oOito9gB3E_000015/video.mp4,playing lacrosse
video/PMhc4UyYwVg_000055/video.mp4,playing washboard
video/fFucfdLwSPM_000042/video.mp4,people cheering
video/ebD27_V9zCI_000136/video.mp4,sheep bleating
video/xC-FE1l3Cxs_000322/video.mp4,footsteps on snow
video/8Lo8sTCdz-w_000145/video.mp4,rope skipping
video/73YTz8RC2Fo_000030/video.mp4,male singing
video/aFfXpjfI2nk_000090/video.mp4,people coughing
video/--U7joUcTCo_000000/video.mp4,people coughing
video/xFpphkBfqvw_000162/video.mp4,playing tennis
video/ouTTwnTrjPk_000118/video.mp4,blowtorch igniting
video/-4DpBHTuc88_000075/video.mp4,playing glockenspiel
video/IEjaZmXmm4c_000020/video.mp4,telephone bell ringing
video/hrFCYUjrypY_000335/video.mp4,"ice cream truck, ice cream van"
video/DNwWLZCupMc_000300/video.mp4,mouse squeaking
video/DQ1-Jj3kEP0_000061/video.mp4,hammering nails
video/HWAeBWk6O-g_000033/video.mp4,police car (siren)
video/aCt1gdSARiU_000030/video.mp4,basketball bounce
video/TzVFAvWdiV0_000030/video.mp4,"playing steel guitar, slide guitar"
video/YNwgT_8Vniw_000018/video.mp4,air horn
video/GutEh8BDnW4_000030/video.mp4,bird squawking
video/YEmbpZxiZPw_000062/video.mp4,playing tympani
video/29dwfsI1XlQ_000006/video.mp4,cat hissing
video/Sem8fMv0bKQ_000212/video.mp4,people slurping
video/p8VjOpgDz8A_000030/video.mp4,typing on computer keyboard
video/Cah4MJiVUFI_000030/video.mp4,people crowd
video/4EQfpHgGd5M_000068/video.mp4,bull bellowing
video/14tRPoQA4q0_000004/video.mp4,baby laughter
video/D05-MrPXqjw_000030/video.mp4,fire truck siren
video/Al5Ks0PnV0w_000017/video.mp4,shot football
video/QOxOf9ChFY4_000086/video.mp4,hail
video/gIZ9kKdx8ho_000149/video.mp4,playing badminton
video/iFEispmfoUQ_000057/video.mp4,woodpecker pecking tree
video/Z7eUIzUdjBI_000180/video.mp4,sailing
video/sgdPlDG1-8k_000188/video.mp4,people battle cry
video/AvHfghF3JUc_000063/video.mp4,playing bassoon
video/o3cRTYrLXnk_000046/video.mp4,foghorn
video/sNfwx40b-u0_000040/video.mp4,people sneezing
video/o0iBZi-ARq0_000067/video.mp4,roller coaster running
video/a1Dch1ez9fY_000030/video.mp4,"cattle, bovinae cowbell"
video/7B-N91uiLfY_000004/video.mp4,"fly, housefly buzzing"
video/uDqVzJtaxOc_000020/video.mp4,playing synthesizer
video/pCpNYoBRI5w_000150/video.mp4,playing timpani
video/v2Ng8iGwf40_000030/video.mp4,duck quacking
video/SdfD3CEapkc_000177/video.mp4,roller coaster running
video/baayJxbQepY_000188/video.mp4,playing timbales
video/c7YGJfuV_2Q_000140/video.mp4,police car (siren)
video/mtj8ovlWcGQ_000104/video.mp4,snake rattling
video/pf00DOALuZ0_000293/video.mp4,people eating crisps
video/Qdr2xmK84Jo_000030/video.mp4,"pigeon, dove cooing"
video/_l3rjC9t25c_000898/video.mp4,lip smacking
video/LIU7EYJEbYQ_000010/video.mp4,driving buses
video/-4viN_EoxOA_000000/video.mp4,playing saxophone
video/Fup02r6oh-8_000030/video.mp4,cat purring
video/UnMk7X7PM80_000139/video.mp4,canary calling
video/q6meFp5fTd8_000030/video.mp4,frog croaking
video/X-wybo8kUjQ_000499/video.mp4,arc welding
video/IyV2j4BsEM8_000030/video.mp4,people babbling
video/HvGwWk3wjM4_000307/video.mp4,shot football
video/5wbc84KnDS0_000060/video.mp4,people coughing
video/B_ZxmAiGJFQ_000170/video.mp4,female singing
video/RJSOdjarLtk_000020/video.mp4,airplane
video/T0IwubU2ZN8_000199/video.mp4,cutting hair with electric trimmers
video/8JkrU-U1hCE_000000/video.mp4,slot machine
video/igU11WRJNrU_000065/video.mp4,lions growling
video/GOTpllAaJe4_000000/video.mp4,people sneezing
video/T834Iasgjs4_000336/video.mp4,playing erhu
video/9M3XChzFowA_000038/video.mp4,air horn
video/Qd9hSBBfXq4_000776/video.mp4,playing oboe
video/Vsz6dpRCwSo_000380/video.mp4,chainsawing trees
video/xuxKtxzq2Cs_000030/video.mp4,child singing
video/QvpIrEHvZWI_000171/video.mp4,disc scratching
video/qazCqvKglIs_000203/video.mp4,airplane
video/Oi5_iRBIKcA_000041/video.mp4,ice cracking
video/z63qojAqups_000000/video.mp4,underwater bubbling
video/Cvwyf4tOrqc_000030/video.mp4,door slamming
video/dt_BStmnAWk_000187/video.mp4,people gargling
video/2_9WJSzV6fw_000030/video.mp4,raining
video/5ol5kAhO2BI_000000/video.mp4,people whistling
video/X8yUSV4oqoU_000030/video.mp4,people coughing
video/r6GfMVw52ak_000190/video.mp4,train horning
video/fJNauQt9Di0_000150/video.mp4,"playing violin, fiddle"
video/GxTD3hqJoM0_000564/video.mp4,writing on blackboard with chalk
video/kfa-8WSjCxY_000030/video.mp4,people eating apple
video/uhmXridEbTs_000494/video.mp4,playing bongo
video/e8iKX9r6nEA_000000/video.mp4,people belly laughing
video/AgVUGzrzJ20_000320/video.mp4,playing saxophone
video/1F3_bvIT0ig_000000/video.mp4,car passing by
video/HCQZOh2faww_000300/video.mp4,playing timpani
video/NF2SR1eHgU8_000030/video.mp4,people eating
video/HxUeK66pSYY_000056/video.mp4,disc scratching
video/CLkaBeRcGT0_000002/video.mp4,playing timbales
video/5055BM1GUWc_000079/video.mp4,wood thrush calling
video/YJTT65jFXzg_000314/video.mp4,arc welding
video/Z9fyRaBx-fU_000030/video.mp4,beat boxing
video/XyhTEMHtVI0_000169/video.mp4,playing lacrosse
video/He7jOq1MZH8_000030/video.mp4,skidding
video/1WLMVX_Y2Pk_000018/video.mp4,elephant trumpeting
video/TUjlH1HqPEE_000364/video.mp4,blowtorch igniting
video/0iiwZ2_9Vi8_000090/video.mp4,people coughing
video/7SKRc8oyLvE_000009/video.mp4,train wheels squealing
video/XykxA0glDfo_000030/video.mp4,firing cannon
video/WK78KAj2WWs_000000/video.mp4,"fly, housefly buzzing"
video/gwi6bU0Rbbc_000000/video.mp4,skateboarding
video/IZQPvlIJEoI_000030/video.mp4,"rowboat, canoe, kayak rowing"
video/Jcxg_QuHyYE_000000/video.mp4,typing on typewriter
video/5E-yl3JLuOw_000122/video.mp4,"donkey, ass braying"
video/IiUTRIyV444_000527/video.mp4,whale calling
video/AjjQqd0eLzw_000030/video.mp4,playing theremin
video/mw1VGZoYQts_000070/video.mp4,machine gun shooting
video/K7CQ6G0ILFQ_000061/video.mp4,"ice cream truck, ice cream van"
video/Ld_6bCcNVI4_000290/video.mp4,hair dryer drying
video/FRoMl49q5gc_000160/video.mp4,people crowd
video/13W_9xdaOZE_000068/video.mp4,tap dancing
video/4Zy_6kCWN18_000069/video.mp4,train wheels squealing
video/-Ezk-jIm6kM_000170/video.mp4,playing castanets
video/BYIsRVPeTR0_000155/video.mp4,chopping food
video/nD9hAfgo5G4_000580/video.mp4,people whistling
video/MhXao_uVwqk_000124/video.mp4,swimming
video/dEArsn030N4_000001/video.mp4,cuckoo bird calling
video/9DCH0BCASyk_000302/video.mp4,"donkey, ass braying"
video/ce_9wpa4mQw_000066/video.mp4,sheep bleating
video/_lv3tjLbvUE_000030/video.mp4,sloshing water
video/nvd_moe8RQ0_000030/video.mp4,sliding door
video/_dvVfWzJlDM_000100/video.mp4,chainsawing trees
video/ECjMbkRjVzE_000000/video.mp4,playing electronic organ
video/DoMSaqmAhHw_000089/video.mp4,playing hockey
video/FEONPM3mckU_000090/video.mp4,frog croaking
video/04L5PnWm3SQ_000053/video.mp4,sea lion barking
video/8QaKO2JbGfk_000000/video.mp4,bird squawking
video/n95pf-9gdNk_000424/video.mp4,playing double bass
video/H88-QfYsn2s_000496/video.mp4,swimming
video/KqF-WZRVs-w_000070/video.mp4,"child speech, kid speaking"
video/KjGMB5wI-YE_000000/video.mp4,ocean burbling
video/Bxpp8MU3Dc0_000210/video.mp4,people babbling
video/ao6IlfkrCWs_000030/video.mp4,car engine knocking
video/KqsNyXIEIwg_000030/video.mp4,"motorboat, speedboat acceleration"
video/Guwl5G6Wr4Y_000030/video.mp4,playing cello
video/gA4PlwSKj8A_000039/video.mp4,dinosaurs bellowing
video/3ZGi57Zl1Qk_000030/video.mp4,people babbling
video/xXz-ENUCuT0_000201/video.mp4,chipmunk chirping
video/JcMSFU-Twgw_000030/video.mp4,playing banjo
video/5q2l2Meutsc_000214/video.mp4,missile launch
video/MMcIAn91Zrc_000005/video.mp4,wind chime
video/KyebYm2Tx9A_000030/video.mp4,fire crackling
video/_F4l0BMbBf8_000286/video.mp4,people eating crisps
video/IAF_S5eNI3w_000766/video.mp4,blowtorch igniting
video/fpSYKbJ0TE0_000013/video.mp4,penguins braying
video/tpXTRVMDYsw_000041/video.mp4,blowtorch igniting
video/q1gQRZ3Hi1I_000030/video.mp4,car passing by
video/OYkZxbD0vr8_000040/video.mp4,people clapping
video/Hg9thtsQwCQ_000000/video.mp4,chopping wood
video/lxFXp7wgzrs_000087/video.mp4,playing djembe
video/ho7tm9n5iCw_000126/video.mp4,smoke detector beeping
video/2mYEjl-AOMs_000000/video.mp4,lions growling
video/MVRUgCHoGg4_000043/video.mp4,woodpecker pecking tree
video/vf6_C1USc60_000280/video.mp4,machine gun shooting
video/7gyHD8EZcAs_000030/video.mp4,"pigeon, dove cooing"
video/EKcJR2caDAk_000153/video.mp4,playing washboard
video/rnSSF1DaXww_000420/video.mp4,cap gun shooting
video/p6_CKcmOGhI_000425/video.mp4,fox barking
video/NN7NcgqkMJs_000021/video.mp4,people nose blowing
video/RUUZzoeVrK4_000020/video.mp4,orchestra
video/Jv6rpwJ7bgc_000030/video.mp4,playing clarinet
video/PHTgkVM0o0k_000140/video.mp4,wind noise
video/mlnroDsO95Y_000005/video.mp4,swimming
video/RRyiYofOuPs_000030/video.mp4,people burping
video/3juGfzF29Sc_000140/video.mp4,playing vibraphone
video/AhcY8QVSLtM_000050/video.mp4,chainsawing trees
video/Csj-8j5NRUk_000090/video.mp4,scuba diving
video/Vs6_ORAIitU_000056/video.mp4,woodpecker pecking tree
video/9L21uB0nyq0_000024/video.mp4,"motorboat, speedboat acceleration"
video/JwngKnAg-ys_000561/video.mp4,sea waves
video/mgY1ZoRaaAA_000030/video.mp4,people finger snapping
video/xfGXhVboW9U_000050/video.mp4,turkey gobbling
video/hRHKxyErgZw_000030/video.mp4,crow cawing
video/AVYuega54og_000188/video.mp4,foghorn
video/_gesDZ5_rAg_000017/video.mp4,firing cannon
video/LZJmNr8L5d0_000200/video.mp4,pumping water
video/WeAejlzuFMQ_000460/video.mp4,playing electronic organ
video/RfbXTxSx8jo_000350/video.mp4,people eating apple
video/tpkiIAELa1k_000071/video.mp4,people eating apple
video/6BitLl5Bnxw_000030/video.mp4,skidding
video/-kZVoaYYU6o_000000/video.mp4,driving buses
video/tf7iVpC0nrU_000337/video.mp4,people eating noodle
video/MueF0HZVVcg_000011/video.mp4,playing castanets
video/iz-Jb1f_7MM_000161/video.mp4,chipmunk chirping
video/3iQ_xRurgS8_000030/video.mp4,horse neighing
video/tdF2l30DZ18_000089/video.mp4,playing lacrosse
video/2QuZzkvq_YQ_000000/video.mp4,"child speech, kid speaking"
video/vX779FBlyfk_000129/video.mp4,otter growling
video/WKlfyztuZ7I_000062/video.mp4,forging swords
video/80Lqw4-iQXI_000001/video.mp4,turkey gobbling
video/-GW1J75oAKU_000304/video.mp4,"playing violin, fiddle"
video/1KLmIS-v60U_000010/video.mp4,"railroad car, train wagon"
video/VdruTK0Xpik_000020/video.mp4,machine gun shooting
video/dkpsxpeLY-M_000150/video.mp4,lighting firecrackers
video/oMFZJxn9Yog_000102/video.mp4,people slapping
video/M_DVTqmMne0_000060/video.mp4,goose honking
video/4qLAn6_xfCY_000430/video.mp4,fireworks banging
video/RazFieeXeZ4_000043/video.mp4,playing guiro
video/d_zeI_sbGB0_000093/video.mp4,rope skipping
video/x_CFMV_BSPE_000212/video.mp4,"race car, auto racing"
video/s2pX9wHh-4E_000046/video.mp4,people gargling
video/RUAomPTkvYM_000100/video.mp4,mynah bird singing
video/1Xmw9VUzvLY_000150/video.mp4,people coughing
video/ok-srXYE5tg_000004/video.mp4,wind chime
video/_KYo_89lgf0_000080/video.mp4,people burping
video/_Yq1ny-xrPQ_000067/video.mp4,francolin calling
video/qH5UsoOQAqM_000035/video.mp4,playing darts
video/1xyVkQJ8A54_000000/video.mp4,snake hissing
video/8nGXZHZHi9I_000066/video.mp4,footsteps on snow
video/1HUCwslugK8_000283/video.mp4,playing glockenspiel
video/9KxwnbkRskU_000000/video.mp4,opening or closing car electric windows
video/T_0xzD3qM-E_000245/video.mp4,playing bassoon
video/l3abwXzDR1g_000030/video.mp4,playing electronic organ
video/u8co2zxYAWY_000035/video.mp4,playing bassoon
video/4n_g-Qjy2n4_000010/video.mp4,zebra braying
video/VGcDgVyf5Ok_000038/video.mp4,hail
video/kHCleUsjw3g_000030/video.mp4,pig oinking
video/IE4pLXxV7MQ_000036/video.mp4,bull bellowing
video/WELt1PLr0XQ_000600/video.mp4,playing hockey
video/TpX4tu7GrUw_000090/video.mp4,toilet flushing
video/IBq1BKfKfIk_000256/video.mp4,snake hissing
video/eMQQRvh-BUI_000030/video.mp4,door slamming
video/iXNnJE6gNEk_000020/video.mp4,baby laughter
video/LEG7xkYOsWA_000020/video.mp4,playing ukulele
video/6fHON7UQV48_000364/video.mp4,canary calling
video/Cs0UHi69c7Y_000030/video.mp4,playing zither
video/Uq-owMVP9qI_000030/video.mp4,people whispering
video/m8k1bgqCc-Y_000268/video.mp4,people slapping
video/9Srnaag2tCo_000079/video.mp4,"playing violin, fiddle"
video/X6fQKs51q08_000109/video.mp4,otter growling
video/GB_lCwieXTc_000420/video.mp4,ambulance siren
video/_bAVmK7n0fs_000130/video.mp4,"male speech, man speaking"
video/nokwrsZW6YE_000308/video.mp4,writing on blackboard with chalk
video/0sT6vnChbrc_000000/video.mp4,cat growling
video/ny11DBcW3hI_000019/video.mp4,playing timbales
video/HmqjTIXdF5Y_000004/video.mp4,penguins braying
video/34vzrZ2SlQo_000110/video.mp4,people whistling
video/7GjdyxNBxZQ_000220/video.mp4,people crowd
video/JkiZlL0YI0s_000090/video.mp4,playing trombone
video/GrACpo7aonA_000030/video.mp4,playing drum kit
video/xluKJQRFetQ_000036/video.mp4,"fly, housefly buzzing"
video/m98BKPAD-84_000020/video.mp4,dog barking
video/DSLO9BKHSEk_000040/video.mp4,helicopter
video/iUtE4nRvBsM_000040/video.mp4,people coughing
video/_z72jRCSaeE_000080/video.mp4,gibbon howling
video/C_GSeZOpoRo_000030/video.mp4,using sewing machines
video/Br1s0Ye8kKs_000030/video.mp4,door slamming
video/H6H3B1LLWw8_000440/video.mp4,train horning
video/Fz99QvWup20_000030/video.mp4,raining
video/NtrzegOYOyY_000020/video.mp4,people booing
video/FXQxobF8FWw_000030/video.mp4,playing electric guitar
video/1WI9921OeRc_000570/video.mp4,people burping
video/4DJIt2MEgV4_000030/video.mp4,people whispering
video/scoFHRlgDjs_000069/video.mp4,chipmunk chirping
video/hIcRxMF0-n4_000262/video.mp4,chopping wood
video/YFXSbPFaxcA_000030/video.mp4,printer printing
video/78J9QqSBsN4_000030/video.mp4,train wheels squealing
video/aS4pa9XV7yA_000030/video.mp4,people whispering
video/dzah9kCDVJs_000540/video.mp4,hair dryer drying
video/GdMkaXYBgsA_000006/video.mp4,sliding door
video/mvWKq_ex9h0_000198/video.mp4,eagle screaming
video/k1aqrzHl3qI_000030/video.mp4,cat meowing
video/Ej8tSqilL54_000086/video.mp4,canary calling
video/97YPMW9eNlA_000434/video.mp4,people slurping
video/4MRzQbAIyV4_000090/video.mp4,car engine starting
video/YrGQKTbiG1g_000030/video.mp4,skateboarding
video/5A0sMC5olxI_000380/video.mp4,"playing violin, fiddle"
video/014Rnl2xIZg_000483/video.mp4,squishing water
video/fri3IgZex_c_000184/video.mp4,spraying water
video/gYxWz9JAbjE_000048/video.mp4,slot machine
video/JgKD-nqKTlQ_000297/video.mp4,striking pool
video/GQvle2TmUtw_000010/video.mp4,cattle mooing
video/7Bsfl6Y7ZK4_000107/video.mp4,cupboard opening or closing
video/0-jDld11jhw_000093/video.mp4,playing cornet
video/DHK1lEGyOV4_000030/video.mp4,duck quacking
video/6yaFDZk7-jo_000008/video.mp4,playing bass drum
video/hd_w0MHqpQo_000450/video.mp4,cattle mooing
video/E6tdua70y5E_000316/video.mp4,people slurping
video/GD8XWhkFC50_000030/video.mp4,people sniggering
video/H_rYM_x08Iw_000070/video.mp4,basketball bounce
video/HfGuAUPiwqw_000893/video.mp4,playing lacrosse
video/cm62raVagEE_000060/video.mp4,playing timpani
video/mxJJB7Y__Ao_000030/video.mp4,hair dryer drying
video/W_WQY6-4hWY_000020/video.mp4,people sobbing
video/g4E8Tl7dEs8_000338/video.mp4,playing snare drum
video/F3gsbUTdc2U_000090/video.mp4,wind chime
video/J_DCtp3XJ0Q_000030/video.mp4,printer printing
video/IsGRLS6yPuE_000500/video.mp4,hair dryer drying
video/mzw5MWr-SZY_000300/video.mp4,mosquito buzzing
video/iX53Jb72Nwk_000140/video.mp4,playing didgeridoo
video/7XQN9XDnRm4_000080/video.mp4,playing theremin
video/dGLGY5zeLSM_000030/video.mp4,pig oinking
video/moLATfN79Yo_000040/video.mp4,lighting firecrackers
video/1z19uJK6SB0_000076/video.mp4,playing djembe
video/sYIymaJi6tc_000090/video.mp4,playing ukulele
video/2FxRgLF37kw_000215/video.mp4,playing drum kit
video/6pvMFjUm7D0_000044/video.mp4,dog baying
video/KzLSsTfunLY_000030/video.mp4,car engine knocking
video/GD8aF9jc1C8_000033/video.mp4,running electric fan
video/Z8e1GUopzRk_000050/video.mp4,people babbling
video/O3X4v0Kdtig_000226/video.mp4,slot machine
video/XitlFBW2DW4_001535/video.mp4,sea waves
video/I3OYmetiXqA_000597/video.mp4,people slurping
video/HDvPMEU33HM_000089/video.mp4,people cheering
video/CrCsfXn48q0_000230/video.mp4,people eating
video/jVG2woyJ5Eg_000028/video.mp4,people burping
video/gFs6lRAQsLg_000160/video.mp4,people whispering
video/eQP-kboBF-0_000040/video.mp4,chopping food
video/ez50pKMB62U_000422/video.mp4,lip smacking
video/axXpdF1Z9II_000039/video.mp4,alarm clock ringing
video/5EXkRXorUW0_000390/video.mp4,baby babbling
video/NOSaQvxY5jA_000114/video.mp4,snake hissing
video/StmGbhL9dgQ_000064/video.mp4,dog baying
video/5C58IGwUCFY_000030/video.mp4,female singing
video/bcuKTheCcsE_000003/video.mp4,"fly, housefly buzzing"
video/3-Pvp6uiMAo_000000/video.mp4,strike lighter
video/FRzHx9ibb9I_000240/video.mp4,car engine starting
video/XFpVYFTQRuQ_000188/video.mp4,"alligators, crocodiles hissing"
video/1CGx8zxQFx4_000070/video.mp4,rapping
video/OmlvTSN8aeo_000033/video.mp4,wood thrush calling
video/hfqUU1lUFLw_000010/video.mp4,chinchilla barking
video/wVLyIVxZ4PY_000533/video.mp4,people eating apple
video/5VDGoEnaayA_000000/video.mp4,people clapping
video/PaJatNJhmsQ_000000/video.mp4,church bell ringing
video/IHKjoCS9gs4_000028/video.mp4,chinchilla barking
video/xNRCwF4TStY_000110/video.mp4,stream burbling
video/LwZNG7Uuu7g_000065/video.mp4,sheep bleating
video/2Pl5B1Tpn1U_000024/video.mp4,electric grinder grinding
video/mC87qMYLJX4_000057/video.mp4,yodelling
video/6tIrKWJt6OE_000030/video.mp4,singing choir
video/SNA6ceTxJTQ_000050/video.mp4,people whistling
video/Ub7DXmyQonI_000030/video.mp4,playing flute
video/oW_MNFMOM84_000000/video.mp4,snake rattling
video/SSFFe1cVwgU_000080/video.mp4,"vehicle horn, car horn, honking"
video/3DTZsjKMOyA_000289/video.mp4,"playing steel guitar, slide guitar"
video/ig59gOwKj0k_000153/video.mp4,popping popcorn
video/fzOqjKHcx0w_000229/video.mp4,playing tympani
video/2pikqXJeOAg_000030/video.mp4,horse clip-clop
video/dexMfOlM1W0_000035/video.mp4,cell phone buzzing
video/mvAcwJ1DGJA_000380/video.mp4,people sneezing
video/Ox06RFTPG6A_000162/video.mp4,playing squash
video/a5vTn5286-A_000080/video.mp4,skidding
video/3KNldqq7o6w_000009/video.mp4,cell phone buzzing
video/Z_prZn13JXY_000093/video.mp4,tornado roaring
video/CL4aLxsGEiY_000151/video.mp4,playing shofar
video/KbOySeP46l4_000570/video.mp4,people belly laughing
video/0UJpeR9-ayg_000213/video.mp4,lathe spinning
video/0c78GAZ0jLY_000005/video.mp4,child singing
video/UjXi6X-moxE_000090/video.mp4,baby laughter
video/PE4qQfZ22Ws_000113/video.mp4,bathroom ventilation fan running
video/Y7Av73whqIU_000103/video.mp4,police radio chatter
video/4ahH0rlE6Kc_000046/video.mp4,cat growling
video/PvBz9_Uhl7M_000027/video.mp4,people running
video/oMS_MSzv6cg_000030/video.mp4,mouse pattering
video/MGke2jauexU_000142/video.mp4,playing volleyball
video/-uaTK8sa5Ms_000010/video.mp4,playing banjo
video/_Uro9suV3xU_000130/video.mp4,hair dryer drying
video/DfCTXmNRj24_000030/video.mp4,people clapping
video/3aJH8XTyWLA_000073/video.mp4,barn swallow calling
video/8J7_lNvLMwI_000034/video.mp4,hammering nails
video/ZHzhdhKEjMc_000030/video.mp4,duck quacking
video/-l-E3kyNcag_000150/video.mp4,playing french horn
video/Onj6sJIPj7M_000006/video.mp4,arc welding
video/tHOs4zebKis_000270/video.mp4,airplane flyby
video/8Wu6Y0tgCYU_000031/video.mp4,dinosaurs bellowing
video/bydVpoBELn8_000235/video.mp4,mouse clicking
video/CFwUzfuwpH0_000071/video.mp4,missile launch
video/-JUBdOr8Hes_000030/video.mp4,playing accordion
video/M1YbZXLpv1I_000030/video.mp4,singing choir
video/4Au6hL7urlY_000296/video.mp4,"fly, housefly buzzing"
video/302w8uJn_zE_000030/video.mp4,"motorboat, speedboat acceleration"
video/avPEH7IukYc_000030/video.mp4,playing tympani
video/UAlfXv5Aabc_000046/video.mp4,air conditioning noise
video/XkwleyFCBrI_000180/video.mp4,"ice cream truck, ice cream van"
video/kKqIgmARIoA_000030/video.mp4,owl hooting
video/Nuyu78uZcVE_000162/video.mp4,playing djembe
video/FZiKkwC6bIE_000000/video.mp4,lathe spinning
video/LI85dkBB3Ho_000030/video.mp4,"pigeon, dove cooing"
video/5gA-LzH0MXY_000030/video.mp4,"engine accelerating, revving, vroom"
video/MetDvJdgZ64_000049/video.mp4,lions growling
video/6jirqq-c7E0_000290/video.mp4,playing saxophone
video/9zPrLhdmgpg_000031/video.mp4,slot machine
video/nMT7ANtG8cA_000117/video.mp4,swimming
video/Jfw-FBJLiq8_000752/video.mp4,people eating apple
video/w8u3udq84LY_000151/video.mp4,swimming
video/5PhDkTZcLFE_000147/video.mp4,cuckoo bird calling
video/rjued58Yqpc_000109/video.mp4,air horn
video/k0hXSVmpVZk_000030/video.mp4,goose honking
video/ylNrA80r9qM_000126/video.mp4,tornado roaring
video/jBbwzM6A6Bo_000042/video.mp4,francolin calling
video/Izv4moMRA94_000310/video.mp4,"race car, auto racing"
video/dpURejDIKn8_000000/video.mp4,children shouting
video/6Yarp6ThoIc_000290/video.mp4,playing accordion
video/jJkCnY3keZk_000090/video.mp4,"vehicle horn, car horn, honking"
video/l1vEAtUWXHU_000034/video.mp4,dinosaurs bellowing
video/7wJc_LpV8E4_000012/video.mp4,coyote howling
video/I-W-XxXGbHc_000028/video.mp4,horse neighing
video/NwJA3sn2O78_000195/video.mp4,people marching
video/HOyov3OS0a0_000054/video.mp4,underwater bubbling
video/WhBHLyBY5to_000009/video.mp4,playing shofar
video/_YYABE0R3uA_000030/video.mp4,playing theremin
video/IA09qnlMgQU_000058/video.mp4,cutting hair with electric trimmers
video/dWRS0q8d2tw_000030/video.mp4,sliding door
video/N_bWjtccFg0_000020/video.mp4,dog growling
video/f1Z-HuZ-_ZA_000030/video.mp4,dog barking
video/VLNKqrVmD9g_000030/video.mp4,"female speech, woman speaking"
video/SmzESvmFENY_000024/video.mp4,"fly, housefly buzzing"
video/ysKULhw2fsU_000275/video.mp4,smoke detector beeping
video/vfIylWPACmg_000077/video.mp4,playing double bass
video/cGzNyfp3mW4_000030/video.mp4,"race car, auto racing"
video/bNhA2IsT9R4_000090/video.mp4,chicken clucking
video/N9N4AZXwWaM_000140/video.mp4,playing table tennis
video/XVSp1vlla6M_000011/video.mp4,hedge trimmer running
video/6F8qv0JBWkE_000110/video.mp4,playing timpani
video/SIZ5WUVzAMk_000216/video.mp4,driving snowmobile
video/IFXLc3VZldw_000030/video.mp4,playing zither
video/Dwjv7QLcwd0_000246/video.mp4,playing darts
video/7X3XHPCUSm8_000433/video.mp4,playing double bass
video/HKt34k7B7BA_000040/video.mp4,playing volleyball
video/O-UIOSuqzWA_000001/video.mp4,woodpecker pecking tree
video/Tib2GX8Mb20_000126/video.mp4,francolin calling
video/Y98KEEb4OOA_000076/video.mp4,spraying water
video/YzUXMKt3nF4_000026/video.mp4,driving snowmobile
video/k4jbk1lVqB8_000162/video.mp4,people slurping
video/ZECeW7EAQtM_000010/video.mp4,driving buses
video/nb_7c2xPKYA_000400/video.mp4,playing mandolin
video/fPFpRsKbzfU_000000/video.mp4,owl hooting
video/2mkJkrFeqjc_000030/video.mp4,sailing
video/1K1hxgzudsM_000047/video.mp4,sea waves
video/Tiye0BqxJS4_000030/video.mp4,playing harp
video/SJUl98voKZo_000003/video.mp4,woodpecker pecking tree
video/wILfzGo6uV0_000030/video.mp4,dog howling
video/rf3ye_WX4Ic_000080/video.mp4,shot football
video/PIJlDJhWEEg_000070/video.mp4,ambulance siren
video/ILKdRNizGCs_000594/video.mp4,people slurping
video/DiUgEH6m7fw_000099/video.mp4,gibbon howling
video/5jT_i7S9QSM_000030/video.mp4,male singing
video/OK2UGbSoGxo_000125/video.mp4,children shouting
video/DAbcAA6XbfE_000168/video.mp4,playing lacrosse
video/9u2eYruI2CY_000076/video.mp4,roller coaster running
video/NhSTXTevuLo_000117/video.mp4,playing hockey
video/f3-rB-w9e1Y_000020/video.mp4,playing drum kit
video/cPgO0qGByu0_000010/video.mp4,people sneezing
video/1W-KLZJwXkc_000010/video.mp4,people shuffling
video/Zgogkej7gHg_000149/video.mp4,sheep bleating
video/UcJci08essY_000090/video.mp4,basketball bounce
video/w6h01lI5TKQ_000035/video.mp4,people sniggering
video/ktso7GeckG8_000130/video.mp4,"cattle, bovinae cowbell"
video/55VafmDNbjE_000030/video.mp4,waterfall burbling
video/2xCwG0Wju4s_000100/video.mp4,"electric shaver, electric razor shaving"
video/wPLUXOwE3iM_000040/video.mp4,cell phone buzzing
video/6xEHP-C-ZuU_000030/video.mp4,reversing beeps
video/nvT6R77PBKc_000010/video.mp4,snake hissing
video/aAnCOKxPgaA_000140/video.mp4,machine gun shooting
video/N7_5mcVZgO8_000042/video.mp4,playing guiro
video/BI96CRWSZd4_000223/video.mp4,ripping paper
video/fc9x20wj8ss_000076/video.mp4,telephone bell ringing
video/7p_Mnxl4Vq8_000030/video.mp4,playing electric guitar
video/Z5X0bIh2Up8_000160/video.mp4,car engine starting
video/2zy-RrcRCDQ_000310/video.mp4,"playing marimba, xylophone"
video/LVg4FdXURmo_000000/video.mp4,firing muskets
video/BhTuYVycq0s_000030/video.mp4,using sewing machines
video/01SaXyGY5SM_000030/video.mp4,cat caterwauling
video/mj-wN9iOQzg_001325/video.mp4,playing lacrosse
video/aPGfndmW1zM_000263/video.mp4,playing table tennis
video/UIM4OykJJrc_000046/video.mp4,dog growling
video/dKmLgjd8rks_000021/video.mp4,church bell ringing
video/MCnAUuIMuvk_000260/video.mp4,orchestra
video/AO4Rp4DQXCw_000358/video.mp4,alarm clock ringing
video/1On2yNySbZ0_000210/video.mp4,sailing
video/59iKy1LlNpo_000031/video.mp4,playing erhu
video/Bg2XkNb5LZE_000140/video.mp4,playing french horn
video/SzhOVP7BXUE_000000/video.mp4,crow cawing
video/cur9zG87bAQ_000004/video.mp4,baby laughter
video/AIVt3e5EVtc_000070/video.mp4,people coughing
video/kh77cZfsDvc_000089/video.mp4,bull bellowing
video/NN7dCwbDDJ0_000030/video.mp4,playing piano
video/oczApd5D3s8_000005/video.mp4,airplane flyby
video/-galdW8VGEQ_000143/video.mp4,snake rattling
video/rssKOEp0xWI_000804/video.mp4,people eating noodle
video/R5K3km8Fbs8_000019/video.mp4,printer printing
video/FbwgXeLSRTE_000002/video.mp4,wood thrush calling
video/YV0noe1sZAs_000150/video.mp4,skateboarding
video/uHr3jMyJU7M_000658/video.mp4,lip smacking
video/SY35Ms-l_9E_000030/video.mp4,fire truck siren
video/ZenVWIc8Xtw_000021/video.mp4,sloshing water
video/LXQ5yQP-mkM_000046/video.mp4,"alligators, crocodiles hissing"
video/sOwc2jAgqOQ_000016/video.mp4,horse clip-clop
video/dLLRg0sur6g_000060/video.mp4,striking bowling
video/J-CVNomyqfg_000030/video.mp4,mouse squeaking
video/GSAs2PDRs44_000010/video.mp4,playing squash
video/b1zaZX6dgxI_000003/video.mp4,sloshing water
video/hT2FAykn0Ao_000035/video.mp4,gibbon howling
video/ZdYth-f68M0_000192/video.mp4,yodelling
video/hqQvatf1RUY_000030/video.mp4,rapping
video/Ws1stvQ4JZg_000008/video.mp4,people slurping
video/5Bntk9azZnI_000121/video.mp4,roller coaster running
video/ICIG9ubOR0Q_000054/video.mp4,underwater bubbling
video/Uv3K_pEUlX8_000020/video.mp4,helicopter
video/KWGON3DlOdw_000040/video.mp4,"subway, metro, underground"
video/1g3n6Zaqid8_000064/video.mp4,black capped chickadee calling
video/o8JY_sqvaQc_000057/video.mp4,playing shofar
video/QMWp_fxNwqo_000330/video.mp4,plastic bottle crushing
video/OAuVRzogngc_000340/video.mp4,mosquito buzzing
video/80ffPGmYlzk_000170/video.mp4,mosquito buzzing
video/SZQi2OfjB3w_000100/video.mp4,eagle screaming
video/2zOU0NeMv7M_000095/video.mp4,ripping paper
video/FnAMBtdpeLM_000023/video.mp4,playing badminton
video/1qRi4bT_t3Q_000398/video.mp4,opening or closing car doors
video/-crF-0Z7l3o_000447/video.mp4,playing bassoon
video/ggb93ZYIeaA_000082/video.mp4,mynah bird singing
video/iUcepAhtxcc_000147/video.mp4,playing hockey
video/sUlbABPLj7E_000047/video.mp4,chopping wood
video/JKX5mFZfLcY_000000/video.mp4,mouse clicking
video/2yllw7g5EkU_000030/video.mp4,people eating
video/-r-k-BvQbRM_000038/video.mp4,black capped chickadee calling
video/NfOHjeI-Bns_000210/video.mp4,playing zither
video/-nJbGyPg6BY_000060/video.mp4,people clapping
video/RmUG1ffgKFw_000170/video.mp4,playing saxophone
video/-k-hxP5eWko_000030/video.mp4,lawn mowing
video/MZSrOAez6-A_000005/video.mp4,civil defense siren
video/CkutJYIfghs_000030/video.mp4,sailing
video/gmNVDMv1wAE_000180/video.mp4,people eating apple
video/1mkIuq3rjUg_000035/video.mp4,playing guiro
video/YZRQU3bsHko_000015/video.mp4,opening or closing car doors
video/AlqCbPTpKUg_000019/video.mp4,ice cracking
video/mWe-2qfdJD4_000140/video.mp4,splashing water
video/hsBRizlT4Gw_000160/video.mp4,mouse pattering
video/6V9JinlbpHw_000082/video.mp4,playing erhu
video/A2D_eaALRug_000144/video.mp4,hammering nails
video/ezayBI_xOVk_000030/video.mp4,playing bass guitar
video/ZQ9ZV5uZZyQ_000028/video.mp4,playing glockenspiel
video/v9A68q_iQqo_000020/video.mp4,skidding
video/pjtJGwhmi9I_000066/video.mp4,running electric fan
video/uPyvbwFea7o_000075/video.mp4,people marching
video/BjR_ixR8TUw_000030/video.mp4,basketball bounce
video/BzOeIRpjUN4_000599/video.mp4,parrot talking
video/bQOqX1W3ejA_000030/video.mp4,people sneezing
video/ROsVbzFlnp0_000024/video.mp4,bathroom ventilation fan running
video/XHQGUbMSPTM_000030/video.mp4,"rowboat, canoe, kayak rowing"
video/aOEPCvd_0_0_000000/video.mp4,playing glockenspiel
video/R_EnlXwBvtA_000118/video.mp4,playing squash
video/6MrGuj6Opjc_000020/video.mp4,playing hammond organ
video/H5iBnsKsKMM_000000/video.mp4,vacuum cleaner cleaning floors
video/EaTdesZG5PY_000260/video.mp4,ambulance siren
video/ta9gY--DRag_000024/video.mp4,cupboard opening or closing
video/NjeQbXpuIIk_000081/video.mp4,underwater bubbling
video/aosi9ropfEk_000030/video.mp4,printer printing
video/SAf8CL1pMFY_000102/video.mp4,playing double bass
video/_bBUW5C5yW4_000079/video.mp4,elephant trumpeting
video/GVj556hlo5A_000045/video.mp4,playing erhu
video/ycYXVLz9v3Y_000000/video.mp4,playing bugle
video/ahVXPsYpUuE_000030/video.mp4,people running
video/TZGKriaJKAY_000163/video.mp4,sharpen knife
video/YCA6Sr9YOG8_000369/video.mp4,smoke detector beeping
video/cgLHn7xt_GY_000130/video.mp4,bird wings flapping
video/PeWX2XHqnTw_000043/video.mp4,playing double bass
video/Mi2PLjJbpQ0_000190/video.mp4,hammering nails
video/CewaO3Aug84_000080/video.mp4,firing muskets
video/SkyxbPeBxNA_000000/video.mp4,"playing marimba, xylophone"
video/heYwdizfylw_000030/video.mp4,people eating
video/Uvvl1qfsh8A_000063/video.mp4,baltimore oriole calling
video/auC_LgwFF8g_000030/video.mp4,"female speech, woman speaking"
video/BDEn9P9_S-s_000030/video.mp4,stream burbling
video/H6XSxmkHNxA_000030/video.mp4,frog croaking
video/rZZCrhMLxF0_000000/video.mp4,playing piano
video/2K5Px-N6BEI_000447/video.mp4,cat hissing
video/N5BAnG2zoUY_000030/video.mp4,pig oinking
video/ARwWMdPY3Hw_000029/video.mp4,barn swallow calling
video/EQrpQGyLR1Y_000002/video.mp4,wind chime
video/SwRjY1-ojAU_000030/video.mp4,people babbling
video/WW3UIOSxqpA_000061/video.mp4,cutting hair with electric trimmers
video/W5iSTBNPkng_000006/video.mp4,people cheering
video/E-nunSOWtMs_000070/video.mp4,ambulance siren
video/c9k4tTlQwmU_000030/video.mp4,firing cannon
video/BNfeHeas6hA_000076/video.mp4,lions growling
video/gYtyV6CyBko_000030/video.mp4,mouse squeaking
video/qrZAB7XymYU_000022/video.mp4,elephant trumpeting
video/1owKdIYYYeg_000000/video.mp4,ocean burbling
video/Nr4A9fsk0bE_000034/video.mp4,scuba diving
video/-615mGonUqU_000232/video.mp4,baltimore oriole calling
video/_vt5Pxi-7BQ_000604/video.mp4,planing timber
video/5ANOPKg4-dg_000012/video.mp4,train wheels squealing
video/OgEuG5Q6SGw_000001/video.mp4,airplane
video/bPwAxV8iEfA_000100/video.mp4,playing trumpet
video/e5VbU4nhYa0_000003/video.mp4,eletric blender running
video/XQXsAZJqDig_000030/video.mp4,"pigeon, dove cooing"
video/8bmdnc-htzQ_000106/video.mp4,beat boxing
video/SQNCsQqjuGw_000130/video.mp4,door slamming
video/uRpkjgpWS4Y_000008/video.mp4,people sneezing
video/4ViTIFEK5Fo_000090/video.mp4,orchestra
video/mJaX4ZpfULM_000030/video.mp4,playing trombone
video/IVJkeUVwUaY_000037/video.mp4,playing erhu
video/N0c6P3Po5J0_000118/video.mp4,cuckoo bird calling
video/fJL5Vr3ysTY_000030/video.mp4,sloshing water
video/LSdLFRi_h-g_000090/video.mp4,waterfall burbling
video/3GtvLj8K1F4_000140/video.mp4,playing harmonica
video/s53iYOOqw2M_000422/video.mp4,playing tympani
video/0Rjyih3W0Is_000000/video.mp4,playing flute
video/_wNC03n2xmg_000211/video.mp4,playing bongo
video/p99Yp32hEbg_000030/video.mp4,owl hooting
video/QNqDzw_QGpQ_000078/video.mp4,playing lacrosse
video/U0Cg_t_3TdI_000030/video.mp4,eating with cutlery
video/HUyzxJCsM3k_000220/video.mp4,playing clarinet
video/Wa5Jn_wM0l8_000030/video.mp4,playing mandolin
video/FO1ho1R18P8_000140/video.mp4,playing vibraphone
video/d2yDN-nN2k0_000040/video.mp4,"cattle, bovinae cowbell"
video/DaaY_n80b2Y_000005/video.mp4,dog growling
video/W3vkkSbyODo_000043/video.mp4,playing bassoon
video/corrUpd5ENc_000230/video.mp4,people eating noodle
video/23xC7lTBikU_000020/video.mp4,playing didgeridoo
video/l1NjISbLXY8_000214/video.mp4,playing squash
video/kwgkbAGGORU_000090/video.mp4,people whistling
video/ZmgkpmzvL6c_000030/video.mp4,playing bass guitar
video/CZ4scHrRlVA_000053/video.mp4,people eating noodle
video/BqxEWz8FCAI_000580/video.mp4,lighting firecrackers
video/064Ilsz8Fzg_000051/video.mp4,car engine starting
video/-N00SskHxS4_000529/video.mp4,playing bugle
video/Pswmht-tZZM_000038/video.mp4,driving snowmobile
video/vHt-f5SwEyM_000019/video.mp4,forging swords
video/_AfYlb7oEsg_000330/video.mp4,toilet flushing
video/7hGaoyfbrsI_000000/video.mp4,playing snare drum
video/bpxK2ub-qCs_000030/video.mp4,"motorboat, speedboat acceleration"
video/_iQ2hXonRsY_000460/video.mp4,people belly laughing
video/Av9xPE2VIts_000030/video.mp4,playing sitar
video/bFrXjGRzxK8_000008/video.mp4,beat boxing
video/AN_nK_tgQSc_000032/video.mp4,"ice cream truck, ice cream van"
video/fkGPfJmuElE_000042/video.mp4,playing glockenspiel
video/78t2zq75Amg_000010/video.mp4,"child speech, kid speaking"
video/Lvv2W9sKXJc_000302/video.mp4,tap dancing
video/zLfhRM6G0OU_000039/video.mp4,playing trombone
video/SXeSsEP3ieo_000145/video.mp4,elk bugling
video/m4Dj_vTsAt0_000022/video.mp4,disc scratching
video/4W8IZxn3nEI_000030/video.mp4,male singing
video/ND5nBdo7Lwo_000090/video.mp4,cap gun shooting
video/UYydcVnnhYo_000221/video.mp4,volcano explosion
video/eFwVC47pOig_000100/video.mp4,playing piano
video/3qEb6Y-D7Mw_000050/video.mp4,"child speech, kid speaking"
video/PSoOq28g2t0_000030/video.mp4,people shuffling
video/BJX2fm61IKY_000030/video.mp4,wind rustling leaves
video/T5OwLsluH6A_000366/video.mp4,scuba diving
video/3oef68YabD0_000002/video.mp4,"male speech, man speaking"
video/2XQzahrQ_tE_000075/video.mp4,sea waves
video/Vx5SUjzoLy8_000228/video.mp4,dinosaurs bellowing
video/bXTlmnjGx0Y_000107/video.mp4,"alligators, crocodiles hissing"
video/ZLX7NZF2-KE_000340/video.mp4,eating with cutlery
video/IIv1mYMKQB0_000082/video.mp4,playing volleyball
video/PtgNHlRcC60_000030/video.mp4,people eating
video/hTAWbHXCJ2A_000060/video.mp4,people finger snapping
video/AW5bJHRY30A_000030/video.mp4,people whispering
video/aKqXEI4bJNs_000420/video.mp4,singing bowl
video/_R8AR4yKfSA_000040/video.mp4,playing theremin
video/2RHarmH7DEk_000024/video.mp4,woodpecker pecking tree
video/lsAu4_RaXHU_000020/video.mp4,playing harmonica
video/lv_tTIdHC2Q_000130/video.mp4,playing djembe
video/tSX2jYLgPng_000030/video.mp4,dog bow-wow
video/De311q4Wp6Q_000030/video.mp4,car engine knocking
video/6Z8wLKsHcbw_000075/video.mp4,people gargling
video/KfzH17TqnpE_000248/video.mp4,cutting hair with electric trimmers
video/heZw1TTrtTU_000080/video.mp4,using sewing machines
video/I1xnDP0v7Bs_000167/video.mp4,parrot talking
video/maxlwbbBWU8_000350/video.mp4,thunder
video/UzEFRNWEqQ4_000130/video.mp4,playing cello
video/gM1DIbory6A_000120/video.mp4,wind noise
video/puQFxYICkII_000000/video.mp4,playing oboe
video/LHdbtxx9pMs_000340/video.mp4,firing muskets
video/G7MdRJf7kMo_000031/video.mp4,strike lighter
video/a4_rDwpDTlM_000354/video.mp4,underwater bubbling
video/gRSJoFczYEo_000030/video.mp4,door slamming
video/1_JeO9Pg1aQ_000020/video.mp4,cricket chirping
video/RAB0TWMYQHI_000000/video.mp4,ambulance siren
video/sfXt8h7KAHM_000030/video.mp4,pig oinking
video/r-bvvvv0sn4_000000/video.mp4,playing gong
video/58P60DnOWic_000030/video.mp4,playing tabla
video/7Hjc-4a_3t4_000504/video.mp4,mouse clicking
video/NcllrpzRk38_000041/video.mp4,baltimore oriole calling
video/nqHztbgP_4U_000100/video.mp4,"pigeon, dove cooing"
video/C9LzJZ1PpL0_000000/video.mp4,civil defense siren
video/iJ6DxdwyDeE_000064/video.mp4,chicken clucking
video/F9bJVVYgFl4_000073/video.mp4,lions roaring
video/N4QzDWQEhYE_000109/video.mp4,smoke detector beeping
video/TdpZLhPN_WM_000074/video.mp4,baltimore oriole calling
video/KdBwrU3jrHw_000613/video.mp4,ripping paper
video/VvnHyU8e1c8_000030/video.mp4,raining
video/dimiHRN4ro8_000024/video.mp4,sea waves
video/Vj13osgy2M0_000020/video.mp4,playing accordion
video/HgNaHA4LNxc_000160/video.mp4,people crowd
video/nfFldYRXbDM_000098/video.mp4,playing djembe
video/AlZUmhHgF8g_000008/video.mp4,chipmunk chirping
video/97YPMW9eNlA_000407/video.mp4,people slurping
video/wIUvFww6iGI_000550/video.mp4,people burping
video/iYfgk0wAc2E_000001/video.mp4,hammering nails
video/DfrOLl-Or0Q_000011/video.mp4,telephone bell ringing
video/XUlxqSC9j9s_000007/video.mp4,wind chime
video/0-Fkevc0IoA_000140/video.mp4,eagle screaming
video/BIn8CogzivA_000020/video.mp4,playing trombone
video/WzmlUCUX6WM_000070/video.mp4,toilet flushing
video/sIvDDObKvoI_000130/video.mp4,splashing water
video/nu47dWioSZM_000060/video.mp4,"playing steel guitar, slide guitar"
video/zMBLINM7_hY_000243/video.mp4,playing tympani
video/TsUPben7NCw_000269/video.mp4,people humming
video/KI9f7Gclu28_000025/video.mp4,golf driving
video/ze1hFgnTcdE_000140/video.mp4,playing double bass
video/MAqLrKdONiM_000030/video.mp4,playing french horn
video/1Isq_KJHriU_000016/video.mp4,dog baying
video/DEXE_V8oBYI_000030/video.mp4,driving buses
video/fNgXgJZHxDE_000140/video.mp4,pumping water
video/WrbQ5NIU0R0_000170/video.mp4,playing zither
video/1Qvce8w_Vds_000011/video.mp4,people nose blowing
video/KOBKIOq594g_000030/video.mp4,"cattle, bovinae cowbell"
video/vE_dAmxPPLY_000070/video.mp4,playing accordion
video/FG9lLFEg__Y_000286/video.mp4,ice cracking
video/ror99LVvtFo_000192/video.mp4,arc welding
video/OI4vBlF4O-Y_000052/video.mp4,yodelling
video/iE8pSulXDuc_000090/video.mp4,fire truck siren
video/PVgL5wFOKMs_000030/video.mp4,skateboarding
video/Q3GTqMEjpvY_000181/video.mp4,playing bugle
video/emgC1541JEI_001495/video.mp4,golf driving
video/gotJrqh0V3w_000030/video.mp4,pig oinking
video/8CrTpWNBiTo_000120/video.mp4,dog barking
video/DqFpx3mE9fQ_000030/video.mp4,crow cawing
video/HGlv3xtLnTs_000024/video.mp4,people booing
video/4AWUlyZP_CM_000090/video.mp4,baby laughter
video/rXHHLtG_iGQ_000562/video.mp4,tap dancing
video/IS2lQophwDw_000050/video.mp4,people hiccup
video/Fl_gvQ9bPvM_000129/video.mp4,eletric blender running
video/R7ls6ZQJ5UM_000570/video.mp4,"playing marimba, xylophone"
video/dL8HIuBPZV4_000000/video.mp4,sheep bleating
video/iZqemiYznPQ_000454/video.mp4,telephone bell ringing
video/QUX611hihf4_000190/video.mp4,playing accordion
video/1uIfP9ipzxY_000058/video.mp4,playing table tennis
video/fGvhcD5G82M_000007/video.mp4,dog whimpering
video/EoquowIMQWA_000000/video.mp4,"rowboat, canoe, kayak rowing"
video/dQpqPwiKva0_000054/video.mp4,yodelling
video/5NQBuAOle3E_000008/video.mp4,baltimore oriole calling
video/UgPrbrCXNlQ_000013/video.mp4,playing squash
video/N1dCXhy56po_000009/video.mp4,police car (siren)
video/lqnw0Q13tDc_000030/video.mp4,"pigeon, dove cooing"
video/KKYr8I5AxoQ_000006/video.mp4,sea waves
video/YA2qegUMNSc_000510/video.mp4,baby babbling
video/1JfwuwHV0hc_000212/video.mp4,volcano explosion
video/YSusDxOzgks_000340/video.mp4,playing double bass
video/GVk8l4S9NN0_000039/video.mp4,playing tympani
video/HLxIwN7KAks_000020/video.mp4,people sneezing
video/r0Xvr8maR34_000000/video.mp4,orchestra
video/-gSfPQqi6nI_000030/video.mp4,cat meowing
video/diHn7q-YQEo_000061/video.mp4,blowtorch igniting
video/E9zyGJjnp6A_000250/video.mp4,car engine starting
video/bpXRRH_CxJM_000140/video.mp4,footsteps on snow
video/VkcsBNzy1UA_000091/video.mp4,yodelling
video/QPyLES56O1w_000636/video.mp4,people slurping
video/WSKZCYggmTc_000030/video.mp4,singing choir
video/Hpqueb0nov4_000270/video.mp4,firing muskets
video/0nYltlo90Zc_000147/video.mp4,playing congas
video/Y2iL1oaA2EE_000030/video.mp4,raining
video/C_1vUaruCYI_000030/video.mp4,ocean burbling
video/MvtQF5GsJuM_000247/video.mp4,people slurping
video/PqMVDVBKcHw_000237/video.mp4,skiing
video/ZMd8mAKe-k8_000030/video.mp4,playing sitar
video/MKC9LvRivTM_000030/video.mp4,playing french horn
video/flzEpa8jtkI_000070/video.mp4,car engine idling
video/NuqLe9Svlio_000443/video.mp4,playing erhu
video/uDIifn6BP5w_000304/video.mp4,playing darts
video/ZzK728trMw8_000021/video.mp4,frog croaking
video/8NQSvHHXAyg_000044/video.mp4,ice cracking
video/gCnOTL_Fzik_000210/video.mp4,ambulance siren
video/9wkgTdE7nz8_000030/video.mp4,"male speech, man speaking"
video/QKkhwAAGLIE_000030/video.mp4,playing sitar
video/U3OC4jICMlI_000020/video.mp4,people sobbing
video/0PTCfwsOPss_000045/video.mp4,playing bugle
video/zt-j0_ZVzxg_000480/video.mp4,telephone bell ringing
video/19r6_MQei4M_000119/video.mp4,dinosaurs bellowing
video/MGlXtoSD6SA_000033/video.mp4,sea lion barking
video/tRsClUJDxCQ_000029/video.mp4,playing bugle
video/slOgYIKuAx4_000240/video.mp4,playing glockenspiel
video/uBaRlBqQj3A_000449/video.mp4,sea waves
video/JEaWbkxzFIk_000000/video.mp4,basketball bounce
video/7jzx664u5DA_000110/video.mp4,playing saxophone
video/F2-PKsD5-Vk_000010/video.mp4,sea waves
video/wOPseDMrWWs_000001/video.mp4,playing tuning fork
video/2vSF2Yh6o_k_000020/video.mp4,mouse pattering
video/hQ1L0ZhzGqo_000500/video.mp4,stream burbling
video/5B7d8e42ODw_000030/video.mp4,wind rustling leaves
video/shRNXFTbd6M_000206/video.mp4,playing tennis
video/pi2Vyqa-wgE_000087/video.mp4,dinosaurs bellowing
video/r9lsNndMDIU_000052/video.mp4,playing washboard
video/HClQ6AlwwVM_000006/video.mp4,fireworks banging
video/N1c73HkaxvY_000000/video.mp4,"cattle, bovinae cowbell"
video/DCftdpZ9lIs_000162/video.mp4,dinosaurs bellowing
video/617DBvWl16Y_000030/video.mp4,hair dryer drying
video/tIa9A8Xelug_000024/video.mp4,playing ukulele
video/xS0uJ2FiPIQ_000004/video.mp4,airplane flyby
video/Bdz-NtAD2SU_000030/video.mp4,firing cannon
video/rmzYDIM8xsM_000028/video.mp4,woodpecker pecking tree
video/C1ZHFE6tU7o_000030/video.mp4,sliding door
video/5jrESZzRxq4_000017/video.mp4,child singing
video/mv_YCUYtGaA_000408/video.mp4,playing bass drum
video/Grnk9p9P7Qk_000017/video.mp4,toilet flushing
video/ktis2aZfphM_000010/video.mp4,playing cello
video/K7EITkM8vFI_000130/video.mp4,machine gun shooting
video/UWZg6DiLRgc_000080/video.mp4,people babbling
video/xtEfTSC1PKc_000187/video.mp4,lathe spinning
video/3-a8i_MEUl8_000030/video.mp4,skateboarding
video/42QgE4mM55I_000030/video.mp4,male singing
video/aW9PDD_Eb7s_000240/video.mp4,people whispering
video/JzXBxftBmBQ_000487/video.mp4,ripping paper
video/zzvCPtdNxNo_000068/video.mp4,civil defense siren
video/gQXJt2cE-8c_000070/video.mp4,orchestra
video/21V-gDHQPsw_000160/video.mp4,striking pool
video/eGzcSSGZzqM_000000/video.mp4,cap gun shooting
video/_snV8otOVmg_000293/video.mp4,squishing water
video/SuuJzZw2yB0_000030/video.mp4,duck quacking
video/Wv9tqkztYIQ_000063/video.mp4,playing washboard
video/x7f-P-XiHRg_000048/video.mp4,gibbon howling
video/NHMSZ6en7m4_000150/video.mp4,church bell ringing
video/030h_KwNm-g_000003/video.mp4,sheep bleating
video/bIxIx-Lgcd4_000031/video.mp4,arc welding
video/6TiZ1coebWw_000076/video.mp4,bathroom ventilation fan running
video/zxPbEuAVEZU_000000/video.mp4,playing gong
video/dAqJBtqmijc_000005/video.mp4,chinchilla barking
video/IFR7h0EFItM_000059/video.mp4,bathroom ventilation fan running
video/YN5CTUvVDGw_000200/video.mp4,playing gong
video/X31MyiqFP2E_000037/video.mp4,striking bowling
video/ZZhkohnlobs_000382/video.mp4,penguins braying
video/aFRjid0_6H0_000481/video.mp4,rope skipping
video/_tUYIyZZ2TE_000535/video.mp4,hedge trimmer running
video/okJ-HfG41YQ_000030/video.mp4,lawn mowing
video/5GnwyaS1h3Y_000041/video.mp4,cupboard opening or closing
video/PNCwMnNW-jw_000000/video.mp4,"male speech, man speaking"
video/eQ8CMCLS5rY_000550/video.mp4,using sewing machines
video/BaBT2r8L6E4_000013/video.mp4,"pigeon, dove cooing"
video/SEDfsU63w8I_000030/video.mp4,playing bass guitar
video/RZajsvjHx74_000054/video.mp4,playing mandolin
video/USlCCt8En7A_000460/video.mp4,people belly laughing
video/ZBABHoxc0SE_000007/video.mp4,playing squash
video/TxuwrWYaUD0_000000/video.mp4,fireworks banging
video/9xvmNaF73fo_000030/video.mp4,"child speech, kid speaking"
video/81v8YxRNnZc_000030/video.mp4,"subway, metro, underground"
video/akZYnqmKbYI_000212/video.mp4,smoke detector beeping
video/bG0PdrCdxUc_000030/video.mp4,pig oinking
video/Zs4N1ecKtLM_000286/video.mp4,chimpanzee pant-hooting
video/KlTTpDOhFUg_000063/video.mp4,"race car, auto racing"
video/OjnIP1C1hMQ_000125/video.mp4,firing muskets
video/_loJG92_VBE_000050/video.mp4,playing acoustic guitar
video/QZpgHrKXooc_000030/video.mp4,thunder
video/5X7flUpy7Ts_000015/video.mp4,cow lowing
video/iM93yND9Ghw_000010/video.mp4,airplane flyby
video/UZ6zyRcElGw_000070/video.mp4,francolin calling
video/_2nAf41g-4k_000000/video.mp4,"donkey, ass braying"
video/_rvjgkhRDxQ_000224/video.mp4,bouncing on trampoline
video/Xv2Ba8LoD9U_000174/video.mp4,bull bellowing
video/QvLeTxLGV_o_000030/video.mp4,playing banjo
video/a6Hb-Vr4ksE_000170/video.mp4,"playing marimba, xylophone"
video/hv-gJtaC_uo_000302/video.mp4,"electric shaver, electric razor shaving"
video/cocA3THl4S0_000040/video.mp4,eagle screaming
video/kcVxxsZdhds_000030/video.mp4,goose honking
video/3S3cX2QxOoA_000000/video.mp4,playing clarinet
video/Z8dk4edzPHg_000031/video.mp4,chinchilla barking
video/BJQPnGKD9X0_000049/video.mp4,lip smacking
video/8-DsEUYJMJo_000442/video.mp4,cuckoo bird calling
video/xkm6iX4LUcQ_000182/video.mp4,hedge trimmer running
video/jFW5R2k4LWA_000036/video.mp4,playing snare drum
video/UltPy7eml7I_000012/video.mp4,mynah bird singing
video/8hDDY6zLyw8_000465/video.mp4,playing darts
video/4WH0ZxvF9Nw_000003/video.mp4,otter growling
video/X6DIkNFrsBg_000044/video.mp4,alarm clock ringing
video/pDE9xSu0xZk_000032/video.mp4,playing glockenspiel
video/cdEytWP8M9U_000057/video.mp4,air conditioning noise
video/BuIMVqz85uk_000030/video.mp4,"male speech, man speaking"
video/Okx87oCJg5g_000250/video.mp4,female singing
video/PjboOZnzD5Q_000001/video.mp4,barn swallow calling
video/tf2KhTHbKLQ_000010/video.mp4,cheetah chirrup
video/scoFHRlgDjs_000009/video.mp4,chipmunk chirping
video/_xXjtC5N1-Q_000030/video.mp4,"rowboat, canoe, kayak rowing"
video/RlrDiiv215Q_000087/video.mp4,yodelling
video/tta9apwVyTY_000160/video.mp4,cat purring
video/Rx8FF1eW79Y_000030/video.mp4,car passing by
video/mlW-e4gWNmM_000312/video.mp4,cupboard opening or closing
video/o7I9BknIZKY_000416/video.mp4,playing squash
video/R5HBBqLJsCk_000247/video.mp4,squishing water
video/DE4E77nF8Mg_000030/video.mp4,dog whimpering
video/HIvjBlAgzns_000341/video.mp4,bouncing on trampoline
video/G--718JDmAQ_000000/video.mp4,people screaming
video/ereEhTuBlwA_000000/video.mp4,chainsawing trees
video/9QjGgc1UkkU_000105/video.mp4,playing congas
video/0N6S5OoG7Vg_000150/video.mp4,wind noise
video/MyjxrBI9k4o_000080/video.mp4,playing electric guitar
video/-Igq1W20Gi8_000000/video.mp4,people whistling
video/ObktirfMcns_000100/video.mp4,cricket chirping
video/usfT2KJQhAc_000015/video.mp4,foghorn
video/nCiOh00fX78_000000/video.mp4,air horn
video/DHoVXJe-MXY_000293/video.mp4,playing glockenspiel
video/Y612uIsQ9HM_000012/video.mp4,lions roaring
video/XJH4gfsV4mw_000140/video.mp4,metronome
video/fBsDFIe_TWc_000007/video.mp4,lighting firecrackers
video/GjYkSi1br2k_000324/video.mp4,playing lacrosse
video/6ptv5WYOzoI_000023/video.mp4,train whistling
video/dHZcD20flqY_000153/video.mp4,chopping food
video/REAlPEWq33c_000340/video.mp4,playing saxophone
video/LdfJMLzJM3A_000030/video.mp4,people eating
video/VS81egrQqC0_000024/video.mp4,opening or closing car doors
video/SqacR4nVfWM_000030/video.mp4,mouse squeaking
video/ipKCHDizaQI_000030/video.mp4,people sneezing
video/NFjonUQRHfE_000020/video.mp4,splashing water
video/LL436Co8SA8_000519/video.mp4,dinosaurs bellowing
video/YX7_NmgSQVs_000046/video.mp4,playing hockey
video/4A3_lLVLpUg_000340/video.mp4,helicopter
video/NuD6d2B3QvA_000550/video.mp4,dog barking
video/VQ60kd-BrC8_000030/video.mp4,church bell ringing
video/nmMvKTSIvSE_000202/video.mp4,bowling impact
video/RGTWqZoswAo_000030/video.mp4,playing didgeridoo
video/Xw_JU2taiVM_000423/video.mp4,playing table tennis
video/Ajl5A3YbR88_000120/video.mp4,playing timpani
video/Tlzma5yXcgM_000287/video.mp4,writing on blackboard with chalk
video/7UR9hzzFevQ_000065/video.mp4,cat growling
video/3k8zGf8Btfo_000250/video.mp4,playing drum kit
video/g_gGgzxln3k_000150/video.mp4,gibbon howling
video/V6hMByaSFVY_000029/video.mp4,bull bellowing
video/fn41SZiLTUQ_000137/video.mp4,opening or closing car electric windows
video/t4h65x4f46I_000049/video.mp4,playing bongo
video/l30pHj4I0Ps_000580/video.mp4,using sewing machines
video/DWLJMnVOT20_000083/video.mp4,popping popcorn
video/p3F29lRe-_c_000089/video.mp4,driving snowmobile
video/bHYb3-Qpmcc_000020/video.mp4,helicopter
video/CD5VBM6pClk_000030/video.mp4,sliding door
video/-aOxR6ILsw8_000000/video.mp4,car engine starting
video/Z19eXPsa2FU_000131/video.mp4,running electric fan
video/IlZZUe9pIcI_000178/video.mp4,opening or closing car electric windows
video/bDdf_ft5rb4_000030/video.mp4,dog howling
video/ALngpCKUzmE_000099/video.mp4,chimpanzee pant-hooting
video/n5cvuVxjDoI_000098/video.mp4,canary calling
video/ZPXK1-_fYy0_000259/video.mp4,playing erhu
video/-Q_UXiwWR_c_000030/video.mp4,car passing by
video/tkAY3tXAoHc_000083/video.mp4,dinosaurs bellowing
video/5l-SoHOFw_c_000030/video.mp4,"rowboat, canoe, kayak rowing"
video/V-luZXfkZ9k_000000/video.mp4,playing cello
video/hkWcUtga1lw_000400/video.mp4,playing piano
video/nbjXrDmWMQg_000184/video.mp4,playing erhu
video/Dbo9tI1f2mo_000083/video.mp4,beat boxing
video/a8cRcNvRJgg_000064/video.mp4,people nose blowing
video/RFjRJmGYrCg_000572/video.mp4,playing djembe
video/A7DQjMwCtI8_000270/video.mp4,car passing by
video/syn7nPwCkGU_000013/video.mp4,popping popcorn
video/3sRO6iwfUxo_000030/video.mp4,rapping
video/8ScHkS_cqk4_000090/video.mp4,stream burbling
video/mjHiehBalqw_000443/video.mp4,people gargling
video/L11Wkfojbzc_000263/video.mp4,car engine idling
video/M4rXhyyvERM_000040/video.mp4,playing piano
video/uXs53KN026k_000000/video.mp4,people hiccup
video/c3Fd0b7PLz4_000198/video.mp4,playing hockey
video/GbI7rZa22Zs_000052/video.mp4,otter growling
video/aJKu_6M6WMw_000484/video.mp4,playing badminton
video/g3bUrhq5Vpw_000296/video.mp4,people gargling
video/51hZovioExg_000017/video.mp4,cat growling
video/muEJOWzBod8_000021/video.mp4,striking bowling
video/f21nIJCYy1s_000000/video.mp4,playing bagpipes
video/ExrHL878QsA_000039/video.mp4,alarm clock ringing
video/jbVBpTeK53M_000140/video.mp4,bird squawking
video/IvCd8eU3N7U_000005/video.mp4,"alligators, crocodiles hissing"
video/nrfhuA6L3E4_000094/video.mp4,sea lion barking
video/MxlG--30VvM_000008/video.mp4,car engine idling
video/mEnZegF952M_000150/video.mp4,splashing water
video/DTkKGYCRMlc_000080/video.mp4,orchestra
video/N4a0QKUEg90_000278/video.mp4,chopping food
video/DNkzxmcMEKU_000226/video.mp4,swimming
video/0n-Z2AQCRnU_000385/video.mp4,people eating noodle
video/bL_ESa12QYg_000042/video.mp4,playing tympani
video/zjRqBIxxdrg_000362/video.mp4,playing bass drum
video/MQEgNzMQ8mY_000099/video.mp4,penguins braying
video/IevRzGh8uMs_000134/video.mp4,train whistling
video/Krasofv8pvM_000300/video.mp4,playing flute
video/y2q3weNWNqk_000313/video.mp4,metronome
video/LPydM-Gilpg_000133/video.mp4,cutting hair with electric trimmers
video/5gsfdVBThoI_000203/video.mp4,playing bass drum
video/-zNEcuo28oE_000030/video.mp4,reversing beeps
video/Q5lS9H-7UYs_000052/video.mp4,hammering nails
video/pawRXvTZnRo_000080/video.mp4,using sewing machines
video/WhD232bSL3w_000104/video.mp4,people cheering
video/9m1FFbsR704_000127/video.mp4,playing guiro
video/3bC3I41ROVU_000014/video.mp4,sea lion barking
video/Zq970jchUnE_000030/video.mp4,sliding door
video/Rfsm2EFfaxQ_000030/video.mp4,playing didgeridoo
video/ObX2V23qOMc_000330/video.mp4,stream burbling
video/hhmv0DQ4Y_0_000030/video.mp4,playing flute
video/2L3tuvv5RRw_000010/video.mp4,lions roaring
video/AzY_KZTSXJk_000030/video.mp4,playing harmonica
video/CdCiigzp5Cw_000000/video.mp4,opening or closing drawers
video/zOfThlg_c7M_000300/video.mp4,door slamming
video/fWVfi9pAh_4_000010/video.mp4,"subway, metro, underground"
video/HwBF6_2E-xM_000020/video.mp4,slot machine
video/kKrcq_JPMFM_000162/video.mp4,lip smacking
video/4v1VgwCvm_U_000030/video.mp4,female singing
video/Rr84-EZvO0U_000090/video.mp4,people coughing
video/VFTNOF77bMs_000500/video.mp4,playing trumpet
video/1xRNQCP4MbE_000030/video.mp4,female singing
video/MdlNA0sJz38_000028/video.mp4,dog whimpering
video/N00JbKpZKKw_000446/video.mp4,playing oboe
video/1OpNI5DjxC0_000030/video.mp4,playing synthesizer
video/XsMj8aQHWsM_000167/video.mp4,strike lighter
video/_GzKC_7QmUE_000385/video.mp4,driving snowmobile
video/3R0dqfaiV3M_000000/video.mp4,mouse pattering
video/FkiXyAHTKgY_000137/video.mp4,ice cracking
video/vfDLHROQW4I_000190/video.mp4,playing bass drum
video/zg6UfeKCtr4_000075/video.mp4,playing table tennis
video/xa_eoYZRhbM_000210/video.mp4,firing muskets
video/HREgdi88SL0_000035/video.mp4,chopping food
video/YVJWw5RxUeM_000002/video.mp4,people giggling
video/iXaA7PVRhIY_000024/video.mp4,playing table tennis
video/Ckz3mjx9XwY_000000/video.mp4,footsteps on snow
video/WUiy_6hI-xU_000061/video.mp4,playing mandolin
video/vchsE_Dn7mo_000147/video.mp4,playing timbales
video/yIOUPSGFqoY_000010/video.mp4,playing ukulele
video/Wdg90rCeA34_000212/video.mp4,playing table tennis
video/rzxqz7XqLHA_000220/video.mp4,helicopter
video/H2mtpjGO6PY_000210/video.mp4,playing tabla
video/BqY5blRv2Lw_000090/video.mp4,playing theremin
video/hHbJRPjqgXQ_000090/video.mp4,"race car, auto racing"
video/CQTUoapmD_s_000030/video.mp4,"motorboat, speedboat acceleration"
video/64pq8CDbCeU_000177/video.mp4,"fly, housefly buzzing"
video/ch71KS9DYec_000030/video.mp4,metronome
video/eWvOCr__m5o_000050/video.mp4,dog whimpering
video/3zIQTDfS4Hk_000030/video.mp4,playing steelpan
video/Js0qEfM_bpE_000265/video.mp4,chopping wood
video/qbRZ67ynqp0_000050/video.mp4,people belly laughing
video/3GbIhQLCH9I_000016/video.mp4,horse neighing
video/PEbtGD3Tgpo_000062/video.mp4,cell phone buzzing
video/ENCPkF4K9zU_000030/video.mp4,"female speech, woman speaking"
video/JJcR5SHFcEM_000030/video.mp4,dog whimpering
video/n5waffUQuxU_000382/video.mp4,playing volleyball
video/RN_qfzQUkeU_000300/video.mp4,cattle mooing
video/oDSMG0gcwzc_000165/video.mp4,dog baying
video/CZlQbIE6FXQ_000050/video.mp4,wind noise
video/jSjIdwRgqCY_000071/video.mp4,ripping paper
video/U8golAIXZps_000001/video.mp4,children shouting
video/zNgXe7JOjuk_000030/video.mp4,fire crackling
video/KC-wRA_SwK0_000140/video.mp4,helicopter
video/QOqlkqTR82Q_000000/video.mp4,machine gun shooting
video/KOVA158NXRQ_000030/video.mp4,playing french horn
video/Xb9E1Xav7r0_000087/video.mp4,playing badminton
video/hzQyTOaBHzI_000020/video.mp4,raining
video/GGHhYzhaIgI_000300/video.mp4,playing harmonica
video/ncHAOlb2wgw_000019/video.mp4,coyote howling
video/Ow_c5x0VaBI_000124/video.mp4,black capped chickadee calling
video/uInycnRkFYk_000051/video.mp4,snake rattling
video/hsUwQBvZGSI_000530/video.mp4,bird squawking
video/kH6Z9sSDc3U_000000/video.mp4,car engine idling
video/P47rLtTw5Mw_000000/video.mp4,playing flute
video/yUQKcaMh0FQ_000000/video.mp4,whale calling
video/VSkdiYt87rg_000030/video.mp4,people sobbing
video/grXXPSNjOak_000000/video.mp4,"playing marimba, xylophone"
video/-wP6ycrwb9U_000026/video.mp4,"ice cream truck, ice cream van"
video/O9sJ92Xn1jQ_000030/video.mp4,mouse squeaking
video/QIVyLF2I7p0_000185/video.mp4,mosquito buzzing
video/4lchD4CmjDc_000010/video.mp4,cow lowing
video/kV9bDDyCiEM_000008/video.mp4,playing trumpet
video/UTYx0JO_65M_000260/video.mp4,"subway, metro, underground"
video/P9r8EC83Y3k_000018/video.mp4,goose honking
video/NaGTvAwqJVc_000080/video.mp4,"railroad car, train wagon"
video/BBukw6JpCeg_000070/video.mp4,chainsawing trees
video/a0om8KHQhFQ_000030/video.mp4,playing clarinet
video/jxS2922zU88_000053/video.mp4,elephant trumpeting
video/UrluLxHLwQM_000110/video.mp4,toilet flushing
video/SBLZADwyPPc_000057/video.mp4,volcano explosion
video/A7jC_5YqD5k_000018/video.mp4,mouse squeaking
video/fLPEAElOWho_000137/video.mp4,playing bass drum
video/XIohMvtR0Og_000030/video.mp4,people shuffling
video/9tBOegUHrL0_000080/video.mp4,playing bass drum
video/QBj5dyzsJkY_000007/video.mp4,cricket chirping
video/D8G6YuWL230_000030/video.mp4,firing cannon
video/pCF6jJMaCnU_000030/video.mp4,playing harpsichord
video/eg-vJOCRwmo_000622/video.mp4,people eating noodle
video/gcWV2rYemQo_000011/video.mp4,sloshing water
video/dln3mKCm29o_000070/video.mp4,playing trombone
video/XcyHfR180hA_000008/video.mp4,playing congas
video/-yrglmBmErg_000225/video.mp4,opening or closing car doors
video/vf8cYm5yVy4_000026/video.mp4,air horn
video/-r4vbRkcndc_000128/video.mp4,sea waves
video/54Qbdi3Bfgo_000268/video.mp4,playing snare drum
video/pXTGeMMU1S0_000092/video.mp4,golf driving
video/5Hvz5Dn0IHA_000118/video.mp4,child singing
video/L4LgDMosfxE_000229/video.mp4,foghorn
video/unOXaB3QoYk_000170/video.mp4,cap gun shooting
video/C3OOsm-XLO4_000002/video.mp4,sheep bleating
video/ABCUrbSmLuo_000030/video.mp4,baby crying
video/WvDhN-ImtA4_000030/video.mp4,"pigeon, dove cooing"
video/5053qKZQ5kg_000030/video.mp4,playing harpsichord
video/uwDf4OEqxNE_000005/video.mp4,pig oinking
video/kl2E2erlkRg_000050/video.mp4,playing flute
video/pmzYu1HZbtc_000260/video.mp4,mosquito buzzing
video/9_6Sx2Oqq7E_000376/video.mp4,dinosaurs bellowing
video/Xrvio1TAIt8_000030/video.mp4,"pigeon, dove cooing"
video/BCzUvCRiBZs_000020/video.mp4,machine gun shooting
video/IyL7GafTLfY_000030/video.mp4,chicken crowing
video/5GyhFsJoiYc_000044/video.mp4,otter growling
video/PfF-ishRsno_000048/video.mp4,playing bongo
video/WDoZneKkmVg_000030/video.mp4,people sniggering
video/9skENGpT1_8_000000/video.mp4,"ice cream truck, ice cream van"
video/UJAk1nNdo1I_000030/video.mp4,male singing
video/-K-ccLMFE5M_000259/video.mp4,people marching
video/SQ-pR4Kp9kc_000010/video.mp4,penguins braying
video/oz9bcXz50eI_000005/video.mp4,people booing
video/TUHXmAN0Qbc_000017/video.mp4,francolin calling
video/sSJAzADv_pw_000030/video.mp4,baby laughter
video/NDLPoJsqqoA_000060/video.mp4,wind noise
video/MQ0YasvMcuQ_000001/video.mp4,people screaming
video/-0UuUoXQUoI_000107/video.mp4,playing double bass
video/I6Nly5f8NkU_000303/video.mp4,playing guiro
video/hrgOgDvuBwc_000010/video.mp4,bird squawking
video/X8E2Vx0ygi8_000230/video.mp4,beat boxing
video/NIRF2ugmr9o_000030/video.mp4,wind rustling leaves
video/rnsPxfODN4M_000009/video.mp4,door slamming
video/_2hXtglCsD8_000002/video.mp4,snake rattling
video/M14YsutGzIk_000005/video.mp4,cuckoo bird calling
video/yl6LJDi0gi0_000030/video.mp4,"playing steel guitar, slide guitar"
video/QAgy9r331v0_000030/video.mp4,cat caterwauling
video/86roBf8WIso_000020/video.mp4,playing oboe
video/Hmh623kqD5g_000030/video.mp4,playing theremin
video/2JpvRGz5Dq0_000001/video.mp4,snake rattling
video/6G1N9npWG2E_000030/video.mp4,playing harp
video/EattoazXzFY_000131/video.mp4,squishing water
video/Ln3BmBHAJ-c_000430/video.mp4,playing cello
video/cVynU0KCtRc_000000/video.mp4,bouncing on trampoline
video/PNoTKVe2_LY_000030/video.mp4,playing trumpet
video/IedxNpk3Yns_000105/video.mp4,playing bongo
video/WLL4th4kUZ4_000020/video.mp4,fire crackling
video/_nKpEymxdyk_000081/video.mp4,penguins braying
video/8wsYT1PRjIg_000074/video.mp4,police car (siren)
video/wz12kR9h01M_000037/video.mp4,zebra braying
video/Le9QaCTQFQ4_000150/video.mp4,people farting
video/YqvKDLbboxE_000027/video.mp4,parrot talking
video/-d1KR2BSfHM_000065/video.mp4,squishing water
video/kmV2hj-I7Xo_000097/video.mp4,"playing violin, fiddle"
video/zP9onmjoAIs_000357/video.mp4,striking pool
video/CSEWnDLoCNA_000021/video.mp4,cat hissing
video/xPUfnZSoAMM_000204/video.mp4,sea waves
video/YIZ4aSKT3mo_000128/video.mp4,volcano explosion
video/otb8nHcq-Oo_000480/video.mp4,using sewing machines
video/BOTMv61wlEs_000030/video.mp4,stream burbling
video/RBvHrG87Jiw_000030/video.mp4,cattle mooing
video/l4iBXc4x-WY_000004/video.mp4,tap dancing
video/P-KszOT2TNw_000064/video.mp4,barn swallow calling
video/Sa_ovp-50Tc_000030/video.mp4,"pigeon, dove cooing"
video/SVvXfuS5eyY_000028/video.mp4,people cheering
video/XLQV8cCp3dI_000000/video.mp4,people nose blowing
video/aOhvTB_9GAQ_000030/video.mp4,singing choir
video/weFQftCey64_000087/video.mp4,gibbon howling
video/mSlE2F9N-8g_000030/video.mp4,singing bowl
video/5xVe-bGbbYA_000045/video.mp4,playing erhu
video/7_yBcHaoR0w_000050/video.mp4,playing electric guitar
video/G7Fr50rWppo_000040/video.mp4,train wheels squealing
video/c0Oe4MG96Zo_000007/video.mp4,smoke detector beeping
video/2z5yJ2qa_5I_000024/video.mp4,car passing by
video/5QtjEBcZR6M_000030/video.mp4,female singing
video/LEJyA_IDpxg_000030/video.mp4,chicken crowing
video/xS-OFkC0Yzc_000021/video.mp4,metronome
video/ZlOdV1o8SpY_000004/video.mp4,playing washboard
video/W6iwVLm51-k_000030/video.mp4,"female speech, woman speaking"
video/awQP-69K3rY_000420/video.mp4,"bird chirping, tweeting"
video/-nlkWWphiaM_000030/video.mp4,playing acoustic guitar
video/RncwRj1HhQc_000337/video.mp4,people eating noodle
video/NRa8ZJfoPl8_000060/video.mp4,opening or closing drawers
video/L2JwKmIw_kc_000006/video.mp4,horse neighing
video/PNT3hW4qFpQ_000290/video.mp4,tapping guitar
video/_1TjLs6_Geo_000013/video.mp4,playing glockenspiel
video/MKikHxKeodA_000030/video.mp4,opening or closing drawers
video/OqUYjRzUis4_000120/video.mp4,train horning
video/Rc_U7B4FL14_000090/video.mp4,pumping water
video/-GOaBCyC5Js_000113/video.mp4,playing cornet
video/7UCxb4nIkR8_000143/video.mp4,hedge trimmer running
video/VNzEAjztgxg_000030/video.mp4,playing synthesizer
video/TDNnNmgqhNI_000030/video.mp4,turkey gobbling
video/K6gTAlFe7tI_000000/video.mp4,door slamming
video/3RSmQOcI9JI_000105/video.mp4,slot machine
video/97IV2XK2l3U_000000/video.mp4,"ice cream truck, ice cream van"
video/U2Z3gH8r1hE_000160/video.mp4,people babbling
video/_UmY2aYt1YQ_000030/video.mp4,"race car, auto racing"
video/DpxmQlaOtDg_000194/video.mp4,playing shofar
video/DdxiyqivyTc_000029/video.mp4,wind chime
video/LuL4ErULWR0_000087/video.mp4,foghorn
video/_2inBMAc3q0_000010/video.mp4,firing muskets
video/BS1fqEDAvh0_000330/video.mp4,driving buses
video/mMADjF3VZdU_000395/video.mp4,train horning
video/PA3y_gyX3m8_000004/video.mp4,"motorboat, speedboat acceleration"
video/PWwD7zzMOWE_000540/video.mp4,"playing marimba, xylophone"
video/GOZBp_5NGtk_000016/video.mp4,playing bugle
video/52mIuqBARac_000065/video.mp4,elk bugling
video/R0bAuQ3vfgA_000030/video.mp4,lighting firecrackers
video/Zc4IwFwiHPM_000030/video.mp4,orchestra
video/7s6xFTV74tE_000070/video.mp4,"child speech, kid speaking"
video/s9EclzUqn9o_000157/video.mp4,playing djembe
video/WJLbFJxe11o_000030/video.mp4,playing harmonica
video/qkvIEmIRP4g_000030/video.mp4,fire truck siren
video/18PLoJDIvIQ_000110/video.mp4,bird squawking
video/2tXE7snh6Ak_000030/video.mp4,cat meowing
video/GuEoGHNGYr4_000030/video.mp4,"child speech, kid speaking"
video/KvG9wcWAM88_000075/video.mp4,chipmunk chirping
video/u1WvUkJWLjI_000020/video.mp4,snake rattling
video/-A3zsFeU_OI_000030/video.mp4,people sniggering
video/wVVBhbrnj9s_000040/video.mp4,people sobbing
video/MwW0f2xh-fE_000052/video.mp4,bowling impact
video/fdFk48aKQ_c_000239/video.mp4,people eating crisps
video/Sevpt7V3RiI_000004/video.mp4,people giggling
video/sWXpzTZWNAI_000030/video.mp4,people belly laughing
video/Ss1zpZjEaE8_000020/video.mp4,playing cello
video/Vci2eZYzA-c_000030/video.mp4,people shuffling
video/8QfmtF0FGA4_000114/video.mp4,arc welding
video/mNfUI620AIs_000000/video.mp4,playing timpani
video/JJ9WZ407_a8_000419/video.mp4,foghorn
video/hU3_3_MjKl8_000011/video.mp4,people booing
video/7R11YUfwU50_000080/video.mp4,otter growling
video/bciLCctZfjE_000200/video.mp4,cap gun shooting
video/dmDn2Tqsyeg_000030/video.mp4,hair dryer drying
video/qJCY09mrxtg_000216/video.mp4,dinosaurs bellowing
video/qnRL01qPRA4_000100/video.mp4,people hiccup
video/VpZ7mkQBLrY_000065/video.mp4,popping popcorn
video/MAr-k9ZO3eA_000030/video.mp4,playing harpsichord
video/ZfefBKqsvC0_000070/video.mp4,orchestra
video/d16xAFjwcVw_000020/video.mp4,people finger snapping
video/fhVy75I226w_000020/video.mp4,telephone bell ringing
video/afvKRNCfIXA_000240/video.mp4,thunder
video/URosKU18wTk_000018/video.mp4,squishing water
video/WJUtEDBS0Dw_000295/video.mp4,dinosaurs bellowing
video/AMvZ3ANXNW0_000320/video.mp4,"railroad car, train wagon"
video/1Z9lTtd7ReE_000014/video.mp4,playing lacrosse
video/i489LgRABaQ_000002/video.mp4,playing drum kit
video/YBk3g_QOEFk_000268/video.mp4,francolin calling
video/rgqJFceVM2I_000066/video.mp4,chicken clucking
video/mXYRrNAJnlA_000254/video.mp4,people slurping
video/Z2GITxJJ50U_000220/video.mp4,cricket chirping
video/0mZQ6Q-viPw_000010/video.mp4,people coughing
video/1mGE3y19p9g_000129/video.mp4,writing on blackboard with chalk
video/p8LUWM9izRw_000030/video.mp4,car engine knocking
video/xjgC2ajAK0M_000001/video.mp4,people giggling
video/EVX-0lgG7Zo_000120/video.mp4,playing saxophone
video/E7CeefZM4I8_000008/video.mp4,magpie calling
video/hizN7823a6c_000030/video.mp4,typing on typewriter
video/_MBO8MBhMXg_000450/video.mp4,"bird chirping, tweeting"
video/MvuRDIQ9Kf0_000000/video.mp4,playing harpsichord
video/Ykv1CiXNXLQ_000134/video.mp4,yodelling
video/IiHqZH0Nfdw_000002/video.mp4,woodpecker pecking tree
video/02UvvE1oA1I_000030/video.mp4,goat bleating
video/E3r12yZc9gk_000104/video.mp4,strike lighter
video/JJTO6I15L6I_000037/video.mp4,playing shofar
video/bY2cN3BgPsU_000140/video.mp4,people booing
video/7JMm65BPEH4_000080/video.mp4,singing bowl
video/YaZx80MEyKs_000060/video.mp4,people whistling
video/LfbGHMumxIQ_000030/video.mp4,basketball bounce
video/v9SgeyyfYv0_000030/video.mp4,"pigeon, dove cooing"
video/rJg75xog4hs_000029/video.mp4,spraying water
video/0bobzCB2ObQ_000076/video.mp4,tractor digging
video/q97IECQKhKw_000056/video.mp4,playing oboe
video/ZfEMIVeHIOY_000000/video.mp4,playing castanets
video/II0KddTM6H0_000105/video.mp4,turkey gobbling
video/chjb1YwdgS4_000250/video.mp4,cap gun shooting
video/X6MBdPls4RI_000000/video.mp4,people humming
video/6Pss1XmwkFU_000030/video.mp4,playing saxophone
video/-LxtesAXWIU_000032/video.mp4,sea waves
video/nRZ4Vi-4qMQ_000000/video.mp4,"vehicle horn, car horn, honking"
video/_-7I00cZUE0_000064/video.mp4,"motorboat, speedboat acceleration"
video/NqecEAJGCLA_000021/video.mp4,chipmunk chirping
video/PlF1Z9YWZck_000029/video.mp4,elephant trumpeting
video/B9a-LlMTQ9o_000170/video.mp4,people booing
video/Fr0UnYeFVW0_000010/video.mp4,pumping water
video/E7m7feGvswI_000620/video.mp4,people eating noodle
video/lVW2CqsHJ4Y_000030/video.mp4,driving motorcycle
video/DqQT03hOLA4_000240/video.mp4,waterfall burbling
video/dsa76YLjmmw_000008/video.mp4,skiing
video/-7YESdyyHVw_000010/video.mp4,"cattle, bovinae cowbell"
video/IwTXv3knSHU_000030/video.mp4,singing choir
video/UqMeR5Erq8I_000030/video.mp4,chicken crowing
video/TpJdup-AdIA_000016/video.mp4,train horning
video/yRH-c9RbkAQ_000376/video.mp4,people eating apple
video/v_oFiTzjGN8_000010/video.mp4,skidding
video/DvuXNSkGMes_000007/video.mp4,goat bleating
video/NEL02rjm79A_000074/video.mp4,dinosaurs bellowing
video/COhPkkb8I0c_000096/video.mp4,cat growling
video/5V0xKS-FGMk_000030/video.mp4,reversing beeps
video/Ly2Dr03i9_w_000030/video.mp4,playing piano
video/Qm7qy9cJcO8_000023/video.mp4,penguins braying
video/HtnBcjEudhY_000300/video.mp4,goose honking
video/xkFCVO11M5Y_000000/video.mp4,splashing water
video/SynYfHkxtRc_000058/video.mp4,chinchilla barking
video/h9nNUlpuh0U_000020/video.mp4,bird squawking
video/jzaDcRQkQEA_000089/video.mp4,parrot talking
video/Kp3-Drt61_M_000046/video.mp4,people giggling
video/phLQ4OZMQ4g_000003/video.mp4,metronome
video/leIanf9R2R0_000230/video.mp4,typing on computer keyboard
video/xvM2s-tXEZY_000134/video.mp4,bowling impact
video/bDhHoUJ76f4_000055/video.mp4,hail
video/AxM2BofYfPY_000030/video.mp4,people screaming
video/-wQ8El8J_dE_000030/video.mp4,sliding door
video/bqmWNU5oLZM_000007/video.mp4,crow cawing
video/qJEmruL7fzk_000030/video.mp4,people eating
video/8w-V_hYvxXs_000160/video.mp4,playing acoustic guitar
video/lsO-MyEOBsk_000175/video.mp4,chopping food
video/1FJvkhl--e0_000825/video.mp4,lathe spinning
video/JQIBif9rBxQ_000065/video.mp4,playing washboard
video/cvyER04xhA0_000112/video.mp4,playing darts
video/3uLmjElob2Q_000004/video.mp4,cuckoo bird calling
video/kqC9pgKN--c_000365/video.mp4,ripping paper
video/CW_UrQzAqzU_000025/video.mp4,canary calling
video/onFOsXThkQY_000010/video.mp4,frog croaking
video/gVWLvp-ZpEU_000134/video.mp4,playing erhu
video/-NCa3eFLULw_000221/video.mp4,dinosaurs bellowing
video/QJG6m9_iLBc_000182/video.mp4,hedge trimmer running
video/7c-hiuqSxu8_000050/video.mp4,people burping
video/z7GtWKyO_Lo_000330/video.mp4,playing squash
video/SGb_Uw_pKzk_000070/video.mp4,bird wings flapping
video/8QiTQN5reqs_000218/video.mp4,parrot talking
video/JHFAwMOuqk4_000110/video.mp4,goose honking
video/E7q_QwLYI8U_000210/video.mp4,playing acoustic guitar
video/PCPIm_NB-ec_000781/video.mp4,playing drum kit
video/4-X3c59e3Hk_000053/video.mp4,airplane flyby
video/YVbfibQtGgs_000115/video.mp4,shot football
video/3iXaH6Dmacs_000155/video.mp4,striking pool
video/YTV9OVmgbBQ_000084/video.mp4,coyote howling
video/KoOR7T5kM1c_000030/video.mp4,playing gong
video/_U8kAFAm8tQ_000030/video.mp4,lighting firecrackers
video/t6WCPvOtL6k_000169/video.mp4,strike lighter
video/o1T_hzWDymk_000254/video.mp4,mynah bird singing
video/RxhbTLS3rNo_000002/video.mp4,dog growling
video/y5zCaRaJ-kE_000000/video.mp4,playing piano
video/9Ti98L4PRCo_000017/video.mp4,reversing beeps
video/TINrhV9gacY_000046/video.mp4,people hiccup
video/3F9Qszr4j1Q_000030/video.mp4,playing flute
video/2Fdau5KTEls_000030/video.mp4,"race car, auto racing"
video/ubuhm_JjGBo_000020/video.mp4,people belly laughing
video/D1NO38P8vqI_000284/video.mp4,playing bongo
video/SzLx3qcIbtU_000290/video.mp4,playing sitar
video/S1glY1D9qDU_000035/video.mp4,hedge trimmer running
video/ilMvSaiVsQU_000055/video.mp4,playing tuning fork
video/LOj1kNzRycU_000196/video.mp4,swimming
video/AwJ8orGuOXg_000000/video.mp4,driving buses
video/tyb7vH0Bcu0_000380/video.mp4,splashing water
video/DlaEUR5O_iY_000010/video.mp4,car engine knocking
video/Alj6G_oFY4E_000025/video.mp4,"rowboat, canoe, kayak rowing"
video/DyhLzsWaXcE_000027/video.mp4,dog bow-wow
video/HoO07sydAZI_000030/video.mp4,"bird chirping, tweeting"
video/JVjDa0NmfeE_000012/video.mp4,cat hissing
video/dTV7UbA_QB8_000003/video.mp4,whale calling
video/BxwBO7QkroA_000080/video.mp4,fireworks banging
video/PqlmyFDIeUM_000039/video.mp4,playing mandolin
video/xtU4NZPuylU_000000/video.mp4,fireworks banging
video/pOfr9zC3OIc_000439/video.mp4,bathroom ventilation fan running
video/0F04c_rY4aw_000000/video.mp4,dog howling
video/kuihSZXsIJ4_000030/video.mp4,car engine knocking
video/U19MDXMg_BI_000150/video.mp4,playing sitar
video/-kephM41AwA_000333/video.mp4,electric grinder grinding
video/VQbC7Oth7wQ_000030/video.mp4,typing on computer keyboard
video/SgUdzDdeO78_000017/video.mp4,door slamming
video/n9PJa0BvCLc_000016/video.mp4,missile launch
video/KiCOEV4Rbos_000002/video.mp4,cat caterwauling
video/anB4oZ5n1Mw_000300/video.mp4,skateboarding
video/YFHYP_TSWII_000030/video.mp4,playing electric guitar
video/QVPPz-WQEiY_000125/video.mp4,ice cracking
video/qKaQMUDOwRg_000090/video.mp4,opening or closing car doors
video/HajY_r6RNy0_000090/video.mp4,playing accordion
video/RXA11LoRWaQ_000156/video.mp4,striking bowling
video/VoQu9t04E6w_000055/video.mp4,lions growling
video/Ioa_O5aaEnw_000408/video.mp4,golf driving
video/p-sW444HGf8_000000/video.mp4,driving snowmobile
video/bPTk9xTSWr4_000325/video.mp4,shot football
video/TVki_5SCloY_000036/video.mp4,skiing
video/r9Jipt2O64s_000050/video.mp4,blowtorch igniting
video/MON5q_Vvgx8_000062/video.mp4,fox barking
video/g3J2VYx8zYE_000060/video.mp4,train whistling
video/XuaJVdMCCoU_000030/video.mp4,dog barking
video/NCvAt5g3Zgo_000031/video.mp4,playing tennis
video/VZfrDZhI7BU_000030/video.mp4,skateboarding
video/TAexBL5eToE_000022/video.mp4,playing washboard
video/VxYQ_7maGQg_000030/video.mp4,turkey gobbling
video/KVuoi20iigU_000280/video.mp4,lighting firecrackers
video/CIiA39U8UTw_000030/video.mp4,fire truck siren
video/PEbtGD3Tgpo_000078/video.mp4,cell phone buzzing
video/mhhqLEAF-jA_000037/video.mp4,foghorn
video/UVMBRVJTvzg_000030/video.mp4,playing steelpan
video/-79qo5MUYBk_000207/video.mp4,train whistling
video/_Gdt1rIP6xE_000030/video.mp4,singing choir
video/65LOQWV-UfM_000100/video.mp4,playing french horn
video/NvArhDtBvcg_000030/video.mp4,singing bowl
video/GDXalnUbHYY_000031/video.mp4,ferret dooking
video/keLE6HCvm4o_000030/video.mp4,playing sitar
video/WCUOOS-CtZI_000131/video.mp4,playing squash
video/WcPOGKf6RE8_000110/video.mp4,people babbling
video/70RN67npErE_000008/video.mp4,air horn
video/kqcMkJGvx-E_000104/video.mp4,police radio chatter
video/CxSALNdzjKs_000125/video.mp4,blowtorch igniting
video/JefjXywAVzs_000181/video.mp4,telephone bell ringing
video/cAcUuNgYYr4_000082/video.mp4,air horn
video/WMXkrLwPVCU_000098/video.mp4,cheetah chirrup
video/g7lFa-fTWpM_000000/video.mp4,playing flute
video/23J1LFGj910_000064/video.mp4,planing timber
video/L7n3LkVpkwo_000030/video.mp4,car engine knocking
video/dcfjgDYMJSk_000000/video.mp4,rapping
video/_259c5CKaTU_000005/video.mp4,fox barking
video/fmSvZ3RR8YY_000380/video.mp4,machine gun shooting
video/d6ubqBBBiYY_000030/video.mp4,people eating
video/Cb2k9JwDkDQ_000030/video.mp4,goose honking
video/A7SolJSMhEI_000034/video.mp4,"ice cream truck, ice cream van"
video/6_Y5XJW1SZo_000013/video.mp4,playing tennis
video/BiNbPvdPthY_000030/video.mp4,dog whimpering
video/qHdv60Yqxms_000010/video.mp4,whale calling
video/wTOSS0cx50s_000170/video.mp4,people running
video/0iX0QmnbrK4_000085/video.mp4,playing trombone
video/b2JRI-RVw9U_000030/video.mp4,vacuum cleaner cleaning floors
video/17yDXvJTdeo_000603/video.mp4,people slurping
video/Pair_NsHdTc_000030/video.mp4,driving motorcycle
video/_bCTc6OBaM0_000208/video.mp4,opening or closing car doors
video/9PEyCM-BrG4_000024/video.mp4,hedge trimmer running
video/XiQhJPkvn1I_000654/video.mp4,playing table tennis
video/pMslr--gpnk_000050/video.mp4,hedge trimmer running
video/O97enrnp0MY_000328/video.mp4,planing timber
video/Xam2FbXtVX4_000162/video.mp4,playing lacrosse
video/_CSKpoaeeAc_000014/video.mp4,alarm clock ringing
video/JxSX1loqkvA_000053/video.mp4,otter growling
video/NJJg575V_fc_000080/video.mp4,playing tambourine
video/xvWXCKygxJQ_000030/video.mp4,playing flute
video/1lMCacmGZ8I_000052/video.mp4,playing bugle
video/90xIsCpELas_000295/video.mp4,playing tympani
video/gBq3ufewetU_000420/video.mp4,writing on blackboard with chalk
video/f0nHj0CzOIc_000012/video.mp4,swimming
video/-KqXcm-I2zY_000087/video.mp4,playing tennis
video/7-z44NWB-84_000170/video.mp4,gibbon howling
video/p-C-Nal08lU_000030/video.mp4,helicopter
video/df4PKpleovw_000013/video.mp4,playing badminton
video/VmYPBzrkKGw_000140/video.mp4,playing oboe
video/8FB9Cb00yTs_000065/video.mp4,mynah bird singing
video/pkdT-CS1jzw_000020/video.mp4,fire crackling
video/Qzld9zDqrHI_000079/video.mp4,forging swords
video/9Am1iq5a9D8_000060/video.mp4,playing flute
video/EfpcUegt7Fo_000058/video.mp4,people hiccup
video/Xo5rIluWHhI_000007/video.mp4,electric grinder grinding
video/XA6RBioito4_000067/video.mp4,coyote howling
video/YVbJ9g851Vg_000025/video.mp4,smoke detector beeping
video/6Zr2bIWkJeE_000025/video.mp4,train wheels squealing
video/4__iwk9Z4_0_000000/video.mp4,playing castanets
video/JfDeETDDwhM_000040/video.mp4,waterfall burbling
video/llBZutC66Cw_000221/video.mp4,playing double bass
video/RMPyriqNS-4_000013/video.mp4,cattle mooing
video/8oaBlDt_tSE_000040/video.mp4,people crowd
video/XZubL4mZ5n0_000021/video.mp4,mosquito buzzing
video/qe9i9yZsA_4_000040/video.mp4,bird squawking
video/0_B2YnBAz3A_000220/video.mp4,people sneezing
video/_PzX-D95Q0s_000027/video.mp4,golf driving
video/190Zx0wVrhQ_000003/video.mp4,cat hissing
video/6v9f1F2Vkr4_000013/video.mp4,cell phone buzzing
video/PLSAAmBa0Rc_000310/video.mp4,helicopter
video/mBo_ZG-uQJs_000000/video.mp4,ripping paper
video/oKdF5E37uac_000196/video.mp4,ripping paper
video/tPnrH7BlprM_000070/video.mp4,people sobbing
video/GIWJpC_OW1E_000023/video.mp4,people burping
video/45h1cMSHzYU_000110/video.mp4,"male speech, man speaking"
video/hY0BwM5s6F0_000000/video.mp4,playing bagpipes
video/Ro3st3CwwwY_000030/video.mp4,sloshing water
video/ji3FsCD0OzU_000220/video.mp4,playing zither
video/KOay8stLOxw_000049/video.mp4,forging swords
video/bHNdoIWxXDk_000200/video.mp4,playing harpsichord
video/2VUAY7c9BSs_000060/video.mp4,firing muskets
video/-Qowmc0P9ic_000034/video.mp4,playing bass drum
video/0RZRFj7zDnQ_000030/video.mp4,playing cello
video/0yxJzCQW5zI_000030/video.mp4,people whispering
video/TKSFbf-wQ8I_000030/video.mp4,fire crackling
video/IEJGDoi_QwI_000013/video.mp4,ferret dooking
video/W5Km2qzYRx0_000120/video.mp4,"playing marimba, xylophone"
video/pdqoxoWlQTo_000094/video.mp4,police radio chatter
video/bZpxpqedQTQ_000193/video.mp4,hammering nails
video/3AzacBprTzU_000060/video.mp4,dog barking
video/620GoTv5Ic8_000030/video.mp4,"engine accelerating, revving, vroom"
video/8ZtVDAzHIOk_000319/video.mp4,planing timber
video/VKekx2cvfcM_000030/video.mp4,playing gong
video/o7iSjJZYr5A_000000/video.mp4,ripping paper
video/pX0Jhk6e2Uw_000030/video.mp4,playing trumpet
video/iE4ructiJNo_000470/video.mp4,cap gun shooting
video/C4EJRCN7f7Q_000558/video.mp4,child singing
video/1w_iLXQb-9Q_000007/video.mp4,children shouting
video/r3LmyYHbT4o_000005/video.mp4,playing bugle
video/zJFyokSv0Pg_000044/video.mp4,strike lighter
video/EfpGZ55vTVo_000030/video.mp4,"motorboat, speedboat acceleration"
video/2-XyCIq8Yp0_000050/video.mp4,"child speech, kid speaking"
video/s1KjeqZlnIU_000296/video.mp4,shot football
video/dHebN5DsE2g_000006/video.mp4,wood thrush calling
video/J-MC4VxOaJc_000511/video.mp4,playing trumpet
video/GI3Vdc5WHJA_000225/video.mp4,warbler chirping
video/amFy30INlA0_000002/video.mp4,planing timber
video/UFIBEBkm7ao_000030/video.mp4,driving motorcycle
video/cCVd_I1M_fs_000030/video.mp4,people sobbing
video/8TVOesBBLPg_000023/video.mp4,horse neighing
video/K7dXkfKAano_000576/video.mp4,people eating noodle
video/OQuFLgQSj0k_000044/video.mp4,people giggling
video/vHlqKDR7ggA_000030/video.mp4,driving motorcycle
video/qViEyqjnY3M_000159/video.mp4,police car (siren)
video/0474eRAlFLY_000030/video.mp4,playing bagpipes
video/Xq6M-3Kh_PU_000020/video.mp4,snake hissing
video/G9XfEoNvHkA_000042/video.mp4,chinchilla barking
video/dVll2c5zbN0_000002/video.mp4,warbler chirping
video/YchzqU8mrmE_000012/video.mp4,beat boxing
video/-0p7hKXZ1ww_000030/video.mp4,lighting firecrackers
video/9BIA1d9MOlA_000030/video.mp4,horse clip-clop
video/lutN6JqHO_s_000097/video.mp4,playing cornet
video/6J3X0whM_-4_000310/video.mp4,orchestra
video/TQpSa_i6UF8_000027/video.mp4,spraying water
video/JdwokttDLSk_000180/video.mp4,sharpen knife
video/RWZ8sRgIWBk_000120/video.mp4,firing cannon
video/2ZogsGp-T4o_000040/video.mp4,playing mandolin
video/C1tpllWtBVk_000000/video.mp4,chimpanzee pant-hooting
video/18212B4yfLg_000080/video.mp4,lighting firecrackers
video/Rfk9nzYczE8_000023/video.mp4,zebra braying
video/_BIGos5RfH8_000120/video.mp4,playing tabla
video/R0NOe1JIC1U_000056/video.mp4,children shouting
video/er1vQ-nse_g_000030/video.mp4,driving buses
video/_MrWjiIzjFk_000066/video.mp4,ferret dooking
video/WpZnqqaDr1A_000380/video.mp4,goose honking
video/Os_DQIRQgXw_000002/video.mp4,car engine starting
video/JVtcvgiilEU_000030/video.mp4,playing harmonica
video/682ODyTqKyw_000130/video.mp4,skateboarding
video/OFhMVCVS3xI_000270/video.mp4,vacuum cleaner cleaning floors
video/Nq-jBzkOKwA_000004/video.mp4,opening or closing car doors
video/griyZ1JUOs0_000304/video.mp4,people gargling
video/BsYFCAuPjwE_000030/video.mp4,chainsawing trees
video/N6kPF5-9IOw_000034/video.mp4,barn swallow calling
video/Aw43FUCkIb8_000020/video.mp4,people screaming
video/67GZuUxV27w_000030/video.mp4,"bird chirping, tweeting"
video/bnQlBzGQ0Sc_000220/video.mp4,baby babbling
video/UynKj68K0VU_000030/video.mp4,people clapping
video/9mu6h8pTooE_000030/video.mp4,horse clip-clop
video/ttMbB9pX30A_000020/video.mp4,scuba diving
video/D8uaczGW2RE_000011/video.mp4,sea lion barking
video/NUEfNw3Mdsw_000249/video.mp4,car engine idling
video/y326JABrGY8_000005/video.mp4,zebra braying
video/vkxPLFRLAy0_000000/video.mp4,fox barking
video/vsM67sj0Joc_000060/video.mp4,people sobbing
video/dYea6bmdaSY_000040/video.mp4,opening or closing drawers
video/9NPKQDaNCRk_000000/video.mp4,"vehicle horn, car horn, honking"
video/-ANxUxvGASw_000010/video.mp4,"subway, metro, underground"
video/IsBSq-_ZXT4_000056/video.mp4,people slapping
video/KTwbiaP1JWw_000015/video.mp4,fox barking
video/5IGRrTij-24_000030/video.mp4,playing clarinet
video/mywsmUl_07o_000020/video.mp4,playing cello
video/KXlV03qy1K4_000027/video.mp4,crow cawing
video/BkvN_TR38DM_000108/video.mp4,sheep bleating
video/NS28zMbnpfM_000020/video.mp4,smoke detector beeping
video/tk4s-nlhmEQ_000030/video.mp4,baby crying
video/M7QNk2-i0IM_000200/video.mp4,horse neighing
video/-IvJaK7HLtQ_000030/video.mp4,playing sitar
video/Dt88SzvHRP4_000080/video.mp4,playing cello
video/M5muPmmToqQ_000056/video.mp4,fox barking
video/Y8b7Thr-UyQ_000040/video.mp4,disc scratching
video/Kd7aHdOwh0I_000030/video.mp4,playing electric guitar
video/je3NRuXHUaU_000160/video.mp4,playing electronic organ
video/Tf5WWrpzSj8_000095/video.mp4,cat growling
video/QNekELxXfHw_000020/video.mp4,mouse pattering
video/ZBaYrfz5afo_000310/video.mp4,thunder
video/CD8n7ZPuA1U_000005/video.mp4,mynah bird singing
video/Da7ldVhldIk_000028/video.mp4,rope skipping
video/59Hf9ZA3v7I_000110/video.mp4,playing double bass
video/HJ6T0inw2mo_000012/video.mp4,wood thrush calling
video/fPV1g05NMfE_000078/video.mp4,tap dancing
video/wVK0m7FDkGs_000107/video.mp4,otter growling
video/Ik2nR__c03E_000030/video.mp4,dog howling
video/aNKWalYyU0g_000012/video.mp4,chicken clucking
video/jVbT8XQkJx8_000079/video.mp4,playing oboe
video/SkbFczIabRY_000030/video.mp4,car passing by
video/rQV5hHwzj4Y_000030/video.mp4,mosquito buzzing
video/rflXOdLx4t8_000070/video.mp4,plastic bottle crushing
video/ZC2-HlTYjqA_000050/video.mp4,ocean burbling
video/wyUaM2NUAdg_000247/video.mp4,running electric fan
video/nNI2yUaXclM_000168/video.mp4,eagle screaming
video/cY6KAjqmoaY_000030/video.mp4,turkey gobbling
video/9VMXgZ4ihTM_000138/video.mp4,footsteps on snow
video/tXIvahZojCs_000253/video.mp4,playing hockey
video/4XR-J7VTN80_000255/video.mp4,opening or closing car doors
video/498ynMnZ6Lo_000030/video.mp4,door slamming
video/mnH8IKZXmMs_000160/video.mp4,playing squash
video/s5YKy0zJOIk_000040/video.mp4,people sneezing
video/o8uxxMXuhZ8_000030/video.mp4,people sniggering
video/3gR0QBgrzYQ_000020/video.mp4,vacuum cleaner cleaning floors
video/Mel-OwQFWmo_000130/video.mp4,"railroad car, train wagon"
video/gu93aupykWE_000070/video.mp4,people whistling
video/AvhBRiwWJU4_000030/video.mp4,reversing beeps
video/OOMOET8DqYE_000030/video.mp4,people shuffling
video/Ymr297idqMA_000260/video.mp4,train horning
video/9DSDisMCUsc_000190/video.mp4,playing darts
video/As1qH-6EF4I_000030/video.mp4,people sneezing
video/C607Hi51zxg_000000/video.mp4,"railroad car, train wagon"
video/RjFFqAjF12c_000020/video.mp4,dog growling
video/l13XyX-sMwk_000406/video.mp4,lip smacking
video/el4qyJFJmbI_000160/video.mp4,basketball bounce
video/xoXTlNWkC7w_000170/video.mp4,playing congas
video/XSxXGCUqra4_000030/video.mp4,cat purring
video/QMp9444xI8c_000051/video.mp4,police car (siren)
video/nyVzNA-Xasg_000450/video.mp4,goose honking
video/_4nHLSN4J0E_000001/video.mp4,tornado roaring
video/knzA9iuVOdw_000010/video.mp4,lawn mowing
video/sQNdEhz_yNg_000110/video.mp4,playing cymbal
video/QJzveo6IBsU_000000/video.mp4,playing timpani
video/389leQkiGgk_000150/video.mp4,playing hammond organ
video/gGmvLozUXgE_000024/video.mp4,"ice cream truck, ice cream van"
video/dOQfuOw6okA_000381/video.mp4,airplane
video/oPBrZeFpToY_000090/video.mp4,baby laughter
video/hvBFjdYnW4U_000030/video.mp4,mouse squeaking
video/iKwWzXGr_NY_000330/video.mp4,crow cawing
video/7Un6ZHba2Wk_000134/video.mp4,people humming
video/63xWsWuH-eI_000010/video.mp4,vacuum cleaner cleaning floors
video/nXtEwct1VUE_000022/video.mp4,people cheering
video/ACjLm_tKyu8_000060/video.mp4,electric grinder grinding
video/TT8xhjDC3Cg_000250/video.mp4,typing on typewriter
video/446etGsnI_E_000030/video.mp4,cat meowing
video/E86Oa92UDS4_000009/video.mp4,mouse pattering
video/4K6nNmzeTk0_000030/video.mp4,people sobbing
video/0a264PE9qEY_000024/video.mp4,playing cornet
video/4xNV3FP_ncY_000070/video.mp4,playing zither
video/1rJWW_KqeAw_000030/video.mp4,playing snare drum
video/qjHoWdDb4lM_000027/video.mp4,electric grinder grinding
video/WZ2ubteeq-A_000247/video.mp4,skiing
video/wnLybpPLXk0_000012/video.mp4,woodpecker pecking tree
video/mnSP_ONVS7k_000050/video.mp4,rapping
video/Awmx8XlgcaE_000040/video.mp4,typing on typewriter
video/EY1UjHKhb0o_000083/video.mp4,hammering nails
video/arjTbCWjcYs_000106/video.mp4,beat boxing
video/lBZuY85aYKU_000048/video.mp4,sloshing water
video/KIudjmj3ac4_000390/video.mp4,eating with cutlery
video/DKPvyyDnRe4_000003/video.mp4,missile launch
video/ZRBdcMCPFV8_000039/video.mp4,footsteps on snow
video/5su1M6NdG-I_000060/video.mp4,raining
video/m0XHofgtfUU_000030/video.mp4,fireworks banging
video/fdOYVf1E8O4_000005/video.mp4,playing tennis
video/j99DUjxpCWY_000030/video.mp4,door slamming
video/31O2j4aAgYU_000030/video.mp4,playing bass guitar
video/WJkL2eAUNtQ_000143/video.mp4,disc scratching
video/JLzD44Im1Ec_000030/video.mp4,"engine accelerating, revving, vroom"
video/UMidlzROhC0_000082/video.mp4,eletric blender running
video/UG61vT34YRU_000210/video.mp4,people farting
video/2Fbt9QiLWWc_000370/video.mp4,chicken clucking
video/EPzNwL4OVYI_000263/video.mp4,playing congas
video/W35zHH-ePTM_000004/video.mp4,playing lacrosse
video/eutyn2rDA4o_000000/video.mp4,playing banjo
video/DF0AL3gaNLQ_000030/video.mp4,raining
video/hZQ5AlAjgVI_000068/video.mp4,eagle screaming
video/7P7sCHtDLU8_000030/video.mp4,"subway, metro, underground"
video/ihQiGrQMR3U_000006/video.mp4,air conditioning noise
video/uo3CfFrXIyA_000082/video.mp4,playing bugle
video/enuzIFaPCog_000002/video.mp4,chopping wood
video/OleATZcF1P8_000056/video.mp4,children shouting
video/1u1orBeV4xI_000428/video.mp4,ripping paper
video/BEHaVb_cz44_000210/video.mp4,playing harp
video/oE2ei00EhWI_000063/video.mp4,snake hissing
video/kGo-dAQXtsA_000025/video.mp4,tapping guitar
video/FN7OcEhMA7I_000132/video.mp4,playing badminton
video/j6s-UMrMIE8_000190/video.mp4,snake hissing
video/NtM3gudMBCQ_000010/video.mp4,playing drum kit
video/2ofK2gAQue4_000180/video.mp4,"female speech, woman speaking"
video/sLQ8X0qPh80_000003/video.mp4,underwater bubbling
video/4AHAeGLIrBc_000030/video.mp4,playing bagpipes
video/3T8XhCkaA8M_000030/video.mp4,"motorboat, speedboat acceleration"
video/s9d-2nhuJCQ_000030/video.mp4,playing drum kit
video/8M1EEe-K24M_000063/video.mp4,people giggling
video/PHrIb6nPmN8_000223/video.mp4,striking pool
video/gMvxkbFe2M4_000019/video.mp4,canary calling
video/ktvOqV10lW0_000030/video.mp4,playing drum kit
video/UyCfhj3LXVk_000002/video.mp4,goat bleating
video/iLaDu_GNqb4_000013/video.mp4,"ice cream truck, ice cream van"
video/TjP-9AlPShg_000140/video.mp4,people coughing
video/T7SR0jZj4zA_000000/video.mp4,playing gong
video/kaYBmFJzseo_000030/video.mp4,playing gong
video/nXY2Vrfm0vY_000001/video.mp4,slot machine
video/2o4-lEtFb2k_000060/video.mp4,hair dryer drying
video/lNUqns7hUaQ_000000/video.mp4,sloshing water
video/n7QAOoPX6yw_000003/video.mp4,playing glockenspiel
video/sosmMya-v6k_000782/video.mp4,people cheering
video/PVGChCsrCuk_000020/video.mp4,church bell ringing
video/A7o-wmriwc8_000007/video.mp4,wood thrush calling
video/QhN6ppPcOJU_000051/video.mp4,chinchilla barking
video/9QwaP-cvdeU_000360/video.mp4,skateboarding
video/8XpFjwhNYUE_000170/video.mp4,"bee, wasp, etc. buzzing"
video/KuvtV8vLzxQ_000030/video.mp4,cat meowing
video/88OXNd0yTMI_000040/video.mp4,"railroad car, train wagon"
video/qAV40aPBnrI_000204/video.mp4,airplane
video/YCagujHHybc_000108/video.mp4,"electric shaver, electric razor shaving"
video/BrtKgAjXv7g_000030/video.mp4,mouse pattering
video/AIDJFkDURPY_000030/video.mp4,lawn mowing
video/Qna9qrV8_go_000030/video.mp4,driving buses
video/YQ3g6MLXVvQ_000060/video.mp4,printer printing
video/xakn94F6y7A_000099/video.mp4,hail
video/DC4_1CHRcx8_000196/video.mp4,dinosaurs bellowing
video/6jNme_qT8VU_000290/video.mp4,using sewing machines
video/61AnSRve74M_000270/video.mp4,playing theremin
video/4pRlRU-LLDE_000070/video.mp4,"cattle, bovinae cowbell"
video/IoehFN_K-s0_000044/video.mp4,squishing water
video/bmKtI808DsU_000009/video.mp4,lions growling
video/hqh5Ve5225g_000030/video.mp4,owl hooting
video/YLGxmdhFdrY_000025/video.mp4,gibbon howling
video/oSj9IbDiWks_000000/video.mp4,playing cymbal
video/UdWyYaDcEMs_001257/video.mp4,lip smacking
video/J7cctrtfYCw_000200/video.mp4,playing tabla
video/mWyeVsIIUGs_000019/video.mp4,yodelling
video/_fTONy_pqik_000030/video.mp4,dog barking
video/6R8cO4ARzkY_000030/video.mp4,driving motorcycle
video/3GyHS2Nd-Ws_000171/video.mp4,playing table tennis
video/Ckry8_o74DU_000030/video.mp4,car engine knocking
video/WgXR9P0vl30_000011/video.mp4,penguins braying
video/qVTw_uOFmZQ_000005/video.mp4,scuba diving
video/2vcA_vgImHQ_000020/video.mp4,lawn mowing
video/9XHRHFTY0iU_000480/video.mp4,people cheering
video/Ni_RNKhQ47k_000136/video.mp4,magpie calling
video/zTq_Z1aPFvk_000000/video.mp4,skiing
video/2ZZEtUCIkUw_000030/video.mp4,dog bow-wow
video/1kzUhDQq8tI_000140/video.mp4,goat bleating
video/VW9qQ_GBGyQ_000268/video.mp4,volcano explosion
video/03zeVlBWhdY_000030/video.mp4,dog whimpering
video/GT4WmInObm0_000236/video.mp4,footsteps on snow
video/dCMSLNyb8OA_000040/video.mp4,cupboard opening or closing
video/rTh92nlG9io_000030/video.mp4,typing on computer keyboard
video/doFrrF9ybU8_000240/video.mp4,hair dryer drying
video/VimrLKGBCNE_000019/video.mp4,lions growling
video/BAcaZqwPriU_000080/video.mp4,playing flute
video/0DzsPL-xElE_000020/video.mp4,chainsawing trees
video/StkBwGVNL-Q_000011/video.mp4,people eating apple
video/JbuoNXVKqBo_000000/video.mp4,church bell ringing
video/X3dPV8J8lnc_000139/video.mp4,electric grinder grinding
video/URLLMlOjf_w_000093/video.mp4,"fly, housefly buzzing"
video/A6PMpITUNMs_000133/video.mp4,children shouting
video/0VW4nelMODc_000271/video.mp4,swimming
video/SYEmTschjRg_000030/video.mp4,turkey gobbling
video/svnqpdO-7fc_000066/video.mp4,chinchilla barking
video/L5aBBOCALNo_000075/video.mp4,car engine idling
video/2M0i--pR-To_000037/video.mp4,playing bongo
video/cGqbnUxMHDY_000022/video.mp4,canary calling
video/1EiNSiO0UvU_000000/video.mp4,people sneezing
video/Ou9HV5j8eho_000060/video.mp4,people sobbing
video/10aBef0Ghkc_000040/video.mp4,playing piano
video/l7RTgupQWcc_000030/video.mp4,fireworks banging
video/kDqQCjkuxuo_000090/video.mp4,playing ukulele
video/jTuNUZEFBJk_000100/video.mp4,orchestra
video/X1B6bDrgzXM_000050/video.mp4,train wheels squealing
video/B7lf9HgFAwQ_000030/video.mp4,horse clip-clop
video/xZF-QuI4roY_000474/video.mp4,"electric shaver, electric razor shaving"
video/h55nHk2mJgY_000022/video.mp4,electric grinder grinding
video/nFt4iTRmFKM_000215/video.mp4,people battle cry
video/dWM_a65_MrQ_000054/video.mp4,playing table tennis
video/T_psjQ4wzFQ_000016/video.mp4,printer printing
video/WokAaq70lRM_000366/video.mp4,cheetah chirrup
video/QCSbiaMxR28_000000/video.mp4,people farting
video/3LiCT1BSrgQ_000150/video.mp4,reversing beeps
video/Ri47GANmuQ4_000058/video.mp4,elephant trumpeting
video/MoG0nt_0iSw_000000/video.mp4,door slamming
video/__d25T3IAOg_000325/video.mp4,"race car, auto racing"
video/WokAaq70lRM_000378/video.mp4,cheetah chirrup
video/WJORWlj6BW8_000030/video.mp4,playing steelpan
video/6vFwzk19b4A_000010/video.mp4,chimpanzee pant-hooting
video/lEqhWC0R38A_000030/video.mp4,playing flute
video/wyvwuqNlyQw_000001/video.mp4,playing bugle
video/bg9fsF7o0HY_000060/video.mp4,thunder
video/ai3XR_nPrpI_000150/video.mp4,playing erhu
video/xyco-5DC_K8_000030/video.mp4,playing sitar
video/w1h40C729DU_000010/video.mp4,children shouting
video/hgCn2ZH8twg_000160/video.mp4,pumping water
video/odzi_VK8m3k_000380/video.mp4,helicopter
video/68hBGhYLSO4_000130/video.mp4,playing tabla
video/fAmA7zTw8SY_000490/video.mp4,cap gun shooting
video/fxJCUa4gihw_000211/video.mp4,hammering nails
video/T-28g9G-WKo_000000/video.mp4,driving snowmobile
video/3OWArQGgmm0_000040/video.mp4,tapping guitar
video/Wu--g0m8oWA_000011/video.mp4,driving buses
video/JL9pKeXjNQ0_000010/video.mp4,chicken clucking
video/0t1jQa_Lj_E_000130/video.mp4,arc welding
video/I5f96kvSXzU_000004/video.mp4,air horn
video/t_nChjR23qA_000109/video.mp4,"alligators, crocodiles hissing"
video/O9ITnivTUXc_000028/video.mp4,chimpanzee pant-hooting
video/qVT6GX1KHUY_000050/video.mp4,"playing steel guitar, slide guitar"
video/rR0_80jfUmo_000057/video.mp4,playing squash
video/rvNKfBj-Nnk_000030/video.mp4,pig oinking
video/_43OOP6UEw0_000030/video.mp4,skateboarding
video/OO7jsTzdpak_000010/video.mp4,bouncing on trampoline
video/Taw3uTEkfSo_000530/video.mp4,pumping water
video/IdLHAqL8KJw_000320/video.mp4,baby babbling
video/6JqGqyk5_tI_000032/video.mp4,playing tuning fork
video/Vy_muRoW4mg_000014/video.mp4,car engine knocking
video/mpNxnTHMCHs_000164/video.mp4,playing tambourine
video/UoRitfnYmKU_000030/video.mp4,tapping guitar
video/mjRVoRGBGws_000331/video.mp4,chopping wood
video/-lJctvybAJ8_000030/video.mp4,playing vibraphone
video/jWlZ5adnMNw_000013/video.mp4,airplane flyby
video/dFZ5xSbP8f8_000073/video.mp4,police radio chatter
video/MhykaAoDgsI_000019/video.mp4,air conditioning noise
video/C4GudvmdUHI_000101/video.mp4,metronome
video/DdwQJlhORjo_000090/video.mp4,people eating apple
video/1LTxZ2aNytc_000030/video.mp4,people screaming
video/yGeSIM_8BHY_000037/video.mp4,car engine starting
video/1Tg9VvRZN5k_000030/video.mp4,"subway, metro, underground"
video/3FE8b0QVvsM_000030/video.mp4,playing harpsichord
video/N9VpRM5Dx3g_000133/video.mp4,magpie calling
video/IjQYJJo-cnw_000003/video.mp4,playing bongo
video/A3PZs1dPMgY_000110/video.mp4,dog growling
video/8rICricPhh8_000030/video.mp4,ambulance siren
video/AxJI24BcHxs_000016/video.mp4,lighting firecrackers
video/cqMfCSUQ8zs_000030/video.mp4,sloshing water
video/5sa8jQUZ1Bg_000035/video.mp4,playing oboe
video/brpJxppIbDI_000140/video.mp4,chicken crowing
video/MCa8xcBlBe8_000030/video.mp4,fireworks banging
video/8pWn12F4M_8_000000/video.mp4,cheetah chirrup
video/KykQTH0dlwE_000590/video.mp4,playing banjo
video/y7BjYF0OAv0_000237/video.mp4,airplane
video/o-xlfN7kkOA_000030/video.mp4,playing ukulele
video/EecU1KGJIt4_000020/video.mp4,dog barking
video/O9KZqw2dyXM_000024/video.mp4,dog growling
video/m5REmzwlmOE_000070/video.mp4,chicken crowing
video/84fDGWoRtsU_000210/video.mp4,skateboarding
video/aFoEDxoBijQ_000061/video.mp4,playing glockenspiel
video/Lc9o85m9imc_000233/video.mp4,airplane
video/V7M8J64sUZs_000077/video.mp4,people eating crisps
video/ZHeCQUEStf8_000219/video.mp4,black capped chickadee calling
video/HGlv3xtLnTs_000058/video.mp4,people booing
video/aZj3L_Pjz8A_000100/video.mp4,children shouting
video/-miI_C3At4Y_000104/video.mp4,playing badminton
video/88yxG2fMdwM_000267/video.mp4,playing vibraphone
video/Oi855GiZQa0_000061/video.mp4,dinosaurs bellowing
video/gy0qpNaxPm0_000002/video.mp4,canary calling
video/rmI5PeG9tSY_000030/video.mp4,"playing violin, fiddle"
video/94FStikZ5O4_000020/video.mp4,mouse pattering
video/mMiISjAM8-Y_000169/video.mp4,writing on blackboard with chalk
video/FR9qGkCa78M_000140/video.mp4,eating with cutlery
video/tGhxTy-CjV8_000010/video.mp4,baltimore oriole calling
video/kRqRKQoKluE_000033/video.mp4,snake hissing
video/9h3a7fN0f-c_000240/video.mp4,people coughing
video/8QIsxTcZio4_000141/video.mp4,cutting hair with electric trimmers
video/cXEJWtj2kT8_000030/video.mp4,playing bass guitar
video/kQ7tkcg8Xag_000415/video.mp4,people marching
video/UcabTrKowlI_000030/video.mp4,rapping
video/BTaGlq_OIlA_000028/video.mp4,cupboard opening or closing
video/B5aMgTvT5Jk_000039/video.mp4,eagle screaming
video/TOhV_31U7QU_000256/video.mp4,rope skipping
video/ezfz-icEVek_000520/video.mp4,hair dryer drying
video/k0LK8irJeEg_000129/video.mp4,ice cracking
video/5R3bR-rkqIk_000170/video.mp4,people eating noodle
video/d7Xf7brOPzw_000149/video.mp4,cat caterwauling
video/b7-9-67LlGw_000106/video.mp4,chinchilla barking
video/U4LITdDmjvg_000011/video.mp4,toilet flushing
video/no6AAqgGIv8_000150/video.mp4,bird wings flapping
video/x-t8155hXt4_000080/video.mp4,cat purring
video/CsaSKyluqPU_000032/video.mp4,hail
video/XX2nUquHkJI_000067/video.mp4,chinchilla barking
video/TgQA1mgDudE_000208/video.mp4,shot football
video/21I0YiLHzvg_000038/video.mp4,opening or closing car electric windows
video/2GOPuGmcHH0_000020/video.mp4,lawn mowing
video/KBi5yWlVwpQ_000182/video.mp4,sailing
video/YjNQ5TGRChs_000030/video.mp4,firing cannon
video/8dMtEVjgsHs_000003/video.mp4,elephant trumpeting
video/g2LJ1i7222c_000030/video.mp4,typing on typewriter
video/pcGbob7fSgE_000071/video.mp4,people marching
video/oIaNEBreHTI_000047/video.mp4,striking bowling
video/hY1yRiy-Zy4_000270/video.mp4,stream burbling
video/0OyVe-lZS64_000037/video.mp4,alarm clock ringing
video/rlCetbDzOfE_000061/video.mp4,people marching
video/AS_f4Rn-hAc_000007/video.mp4,magpie calling
video/wUc6HadpbBc_000000/video.mp4,door slamming
video/TxS9ytraxnY_000112/video.mp4,opening or closing car doors
video/KUoMl-m6w-o_000026/video.mp4,people burping
video/NqiuO8Ubwx0_000030/video.mp4,people shuffling
video/hXrQd_8rOs0_000143/video.mp4,people slapping
video/gXpT8TZjAnI_000030/video.mp4,people sniggering
video/39jhSrtRm70_000079/video.mp4,playing timbales
video/Qm8bAH-0y3E_000024/video.mp4,yodelling
video/EwDiNj_5PEg_000050/video.mp4,playing theremin
video/JdfwV-zPImY_000024/video.mp4,people cheering
video/3EE5WKQMBek_000030/video.mp4,chicken crowing
video/oAjBZqhxuOs_000100/video.mp4,dog growling
video/xi1L3QV02cA_000050/video.mp4,bowling impact
video/9SVbr69L7wM_000060/video.mp4,waterfall burbling
video/YsHxZjm-zg8_000120/video.mp4,"playing violin, fiddle"
video/xFR4p6t6hcg_000265/video.mp4,bull bellowing
video/8FXKPQnbX4k_000004/video.mp4,rope skipping
video/g3DCGCibPQw_000020/video.mp4,people belly laughing
video/InrS4Fdndr4_000000/video.mp4,fire truck siren
video/YJGLI8Eurm4_000006/video.mp4,bathroom ventilation fan running
video/Mynx_hExwJw_000062/video.mp4,playing lacrosse
video/3m6g0rfn2T0_000136/video.mp4,lathe spinning
video/Oew6XicL4Ks_000150/video.mp4,people whistling
video/rwmtZb4cEiY_000031/video.mp4,sea lion barking
video/J3_suqJKrug_000058/video.mp4,eletric blender running
video/-3z5mFRgbxc_000030/video.mp4,driving buses
video/KWxQKX94CL4_000085/video.mp4,owl hooting
video/brfKKehFtmw_000030/video.mp4,chainsawing trees
video/Zd9IUMqYKIk_000052/video.mp4,writing on blackboard with chalk
video/QHmGUrpOgAU_000070/video.mp4,playing mandolin
video/D8vA5rdtYd8_000030/video.mp4,playing accordion
video/9s8jDGsBij4_000010/video.mp4,people sniggering
video/BcBi3aKtqJk_000177/video.mp4,tap dancing
video/IIdwBaHYhE4_000070/video.mp4,"electric shaver, electric razor shaving"
video/d-4OPdDD7WQ_000026/video.mp4,telephone bell ringing
video/LEZfZZmiVsY_000011/video.mp4,people running
video/MY0PsDE3xHs_000030/video.mp4,"male speech, man speaking"
video/E7n4klULtxI_000530/video.mp4,skidding
video/NZMsQG4Zx7I_000050/video.mp4,"subway, metro, underground"
video/1-J5ByJcrc4_000066/video.mp4,snake rattling
video/oqVkxCLj8EY_000370/video.mp4,car passing by
video/S6R2DpF6zzM_000060/video.mp4,baltimore oriole calling
video/llgww7ChlJI_000030/video.mp4,"subway, metro, underground"
video/6BXR7JlTiBQ_000590/video.mp4,coyote howling
video/x6p6SsaBJlE_000247/video.mp4,cheetah chirrup
video/PyXQVNaAbHc_000030/video.mp4,people coughing
video/CX-gGuT3iEs_000230/video.mp4,chicken crowing
video/B9Aaspp7sy8_000729/video.mp4,striking pool
video/-2sOH8XovEE_000484/video.mp4,playing table tennis
video/RhmN8ktt5FI_000320/video.mp4,church bell ringing
video/_2KUAaGiFcE_000002/video.mp4,driving snowmobile
video/-r2-9oyIzkQ_000030/video.mp4,male singing
video/iHc1kB4u2AY_000380/video.mp4,playing hammond organ
video/X76DCP7SCR0_000150/video.mp4,helicopter
video/Of8y_rXXeSw_000030/video.mp4,"rowboat, canoe, kayak rowing"
video/A7jMX_jLeQc_000127/video.mp4,people battle cry
video/ph0-RkqW1vM_000000/video.mp4,playing piano
video/ewrQ0Dz8ssk_000130/video.mp4,playing french horn
video/4_f33b75_LY_000160/video.mp4,canary calling
video/6U942AYlcXA_000030/video.mp4,"engine accelerating, revving, vroom"
video/_6Fyave4jqA_000260/video.mp4,skateboarding
video/VfxxIQpT-dQ_000574/video.mp4,ripping paper
video/18HRNQyo9mg_000025/video.mp4,cat meowing
video/rtmgVQY5idQ_000004/video.mp4,chipmunk chirping
video/sfmAeijj5cM_000030/video.mp4,playing ukulele
video/LhgaG9ZtdwI_000003/video.mp4,alarm clock ringing
video/pMfpDNSFc-w_000009/video.mp4,otter growling
video/1f-L1M-S6RQ_000030/video.mp4,"engine accelerating, revving, vroom"
video/VgvVPVMhRGQ_000350/video.mp4,skidding
video/rask8MYJaB4_000233/video.mp4,striking pool
video/9j_FItO0jt8_000030/video.mp4,cricket chirping
video/DDmCxUncIyc_000030/video.mp4,crow cawing
video/iwQxwtjEkHQ_000030/video.mp4,mosquito buzzing
video/Au9g1GIacgQ_000259/video.mp4,beat boxing
video/OUVLJPC96HA_000272/video.mp4,"fly, housefly buzzing"
video/dY3hVWRmYGM_000152/video.mp4,playing glockenspiel
video/rQ3IPqTLi-I_000058/video.mp4,tap dancing
video/4ezrR2ufaB0_000002/video.mp4,ice cracking
video/ZX3cWUG1njg_000059/video.mp4,coyote howling
video/HejDlgS37cw_000288/video.mp4,playing tambourine
video/6mK7dO33l04_000150/video.mp4,bird wings flapping
video/QZKH9-7cpq8_000470/video.mp4,ambulance siren
video/SZVguke6__M_000100/video.mp4,"railroad car, train wagon"
video/yl5ar5m-rk4_000091/video.mp4,train horning
video/7UWBbVHVHQc_000030/video.mp4,sliding door
video/b-27aT9OUSg_000001/video.mp4,sea lion barking
video/Rnk_a1FXc9I_000119/video.mp4,penguins braying
video/ivJmbhteIKE_000028/video.mp4,airplane
video/WsKJwVVs-MY_000000/video.mp4,car engine starting
video/odDT-H4NqXc_000022/video.mp4,lathe spinning
video/VP2WctM2tzU_000000/video.mp4,typing on typewriter
video/4lY2GgVg-GI_000032/video.mp4,cat hissing
video/aPQtK3lZPVw_000020/video.mp4,playing clarinet
video/cD7zMUwX7T4_000038/video.mp4,"playing violin, fiddle"
video/64E7E2yd7cQ_000030/video.mp4,male singing
video/QlH985MWzAQ_000039/video.mp4,chimpanzee pant-hooting
video/jbH4PifIg-g_000006/video.mp4,playing tambourine
video/1gWu-9hPzFs_000022/video.mp4,cheetah chirrup
video/Rk5dBZo4aFA_000030/video.mp4,playing bagpipes
video/5ZfTJBjB2nU_000503/video.mp4,golf driving
video/12T-9dLEbY8_000020/video.mp4,bird squawking
video/5EX426jSDto_000000/video.mp4,train horning
video/JUnP6erXqAA_000075/video.mp4,people marching
video/GP2sIyEecxg_000126/video.mp4,driving snowmobile
video/DLMKy0_82iw_000150/video.mp4,cap gun shooting
video/AJNOn6GBymE_000030/video.mp4,printer printing
video/0Wkk9iNzA9c_000030/video.mp4,dog growling
video/o9C7LfMo4zo_000000/video.mp4,people cheering
video/rRzWGIhwWAI_000030/video.mp4,playing flute
video/_GYrOCc7IOI_000000/video.mp4,foghorn
video/aLlZVgTCq6U_000189/video.mp4,playing badminton
video/CXISjTeWfTE_000200/video.mp4,cap gun shooting
video/2sxYW0fvods_000005/video.mp4,hail
video/0w7pCxwXzVc_000120/video.mp4,wind noise
video/qsfrfLPPtw0_000032/video.mp4,playing lacrosse
video/P_HYjo4gR0E_000010/video.mp4,mynah bird singing
video/J6T4OwacRL0_000450/video.mp4,playing cymbal
video/YJWBh32A8N0_000097/video.mp4,air conditioning noise
video/cpjQzfkXoeA_000030/video.mp4,ocean burbling
video/YvZNEcqWf0w_000064/video.mp4,"fly, housefly buzzing"
video/48zE-hRAYEA_000030/video.mp4,machine gun shooting
video/7ivVufYPEnA_000110/video.mp4,playing djembe
video/zcPFRKqTD9I_000470/video.mp4,cricket chirping
video/MabWpP62b1E_000168/video.mp4,fox barking
video/1j13NdQiw8c_000030/video.mp4,playing steelpan
video/GXLeUXSVFYU_000030/video.mp4,playing banjo
video/SrYqJlCuppA_000130/video.mp4,waterfall burbling
video/Ip0faarZ9c0_000253/video.mp4,playing steelpan
video/y8Gfi9gGPRc_000248/video.mp4,people giggling
video/wa45j7MTIVU_000263/video.mp4,underwater bubbling
video/V1PFTBG6WJE_000000/video.mp4,"heart sounds, heartbeat"
video/VkTj2c98pXw_000180/video.mp4,airplane
video/IZLn7IjGJKI_000000/video.mp4,people crowd
video/CmAt9DymrbM_000030/video.mp4,door slamming
video/SNhfvhWPXNc_000030/video.mp4,playing electric guitar
video/LcFXCaPmvbU_000155/video.mp4,people nose blowing
video/1nNXaI04SEg_000030/video.mp4,people eating
video/i9i-MjxVOnY_000200/video.mp4,basketball bounce
video/YFY4CjiJ6hE_000554/video.mp4,hedge trimmer running
video/kl3HZbyUNys_000030/video.mp4,chicken clucking
video/JVu9sofg3yQ_000030/video.mp4,fire crackling
video/1WGfcIOLUK8_000030/video.mp4,dog barking
video/CEYDkGy1uAY_000294/video.mp4,people eating crisps
video/MMVkRbIJ8Ms_000000/video.mp4,"subway, metro, underground"
video/CEIDpwB1ZFE_000030/video.mp4,playing synthesizer
video/egq3Z_2dg7g_000633/video.mp4,playing tympani
video/NaJa6pVOr5I_000030/video.mp4,goose honking
video/z0zRA8TGzyo_000034/video.mp4,cutting hair with electric trimmers
video/tq3Hlgw2ZB0_000180/video.mp4,sharpen knife
video/7QpwDHOfZeg_000350/video.mp4,playing hammond organ
video/BSl9p4NxaRo_000005/video.mp4,sliding door
video/2_dEkCMxgfw_000123/video.mp4,running electric fan
video/LTD5rh_DOTY_000260/video.mp4,owl hooting
video/gQKWGk5HBcs_000220/video.mp4,child singing
video/_TnfNR8lXxI_000360/video.mp4,playing badminton
video/dxDbrvoKTD8_000331/video.mp4,eletric blender running
video/DueBNdy7u9A_000250/video.mp4,mouse clicking
video/5z0JDfj5CQg_000405/video.mp4,mouse clicking
video/I2IYACECpWM_000083/video.mp4,spraying water
video/_1vudgh5RpE_000059/video.mp4,airplane flyby
video/qHVFojkTCPI_000000/video.mp4,playing harmonica
video/XQB27QPic3k_000030/video.mp4,playing bass guitar
video/LHVhSXvr6Ds_000028/video.mp4,squishing water
video/S-hZmb9byTg_000065/video.mp4,yodelling
video/DIooS7FSHYk_000030/video.mp4,playing bass drum
video/CgMt2IylPic_000494/video.mp4,canary calling
video/lN_C8kDzlgw_000000/video.mp4,stream burbling
video/5RAfE1H_CTA_000006/video.mp4,train wheels squealing
video/bLT5nbwpVOw_000000/video.mp4,playing saxophone
video/Bw_fNvTp6jg_000030/video.mp4,"engine accelerating, revving, vroom"
video/Oges40Anr3M_000459/video.mp4,ripping paper
video/6PSsSboko5E_000440/video.mp4,"child speech, kid speaking"
video/EUy-RsUXJ00_000030/video.mp4,owl hooting
video/xPNQ_MQjp0g_000048/video.mp4,police car (siren)
video/bXTlmnjGx0Y_000049/video.mp4,"alligators, crocodiles hissing"
video/AnGYl7BIqC4_000025/video.mp4,sea lion barking
video/SdeVFx40BKQ_000090/video.mp4,playing electric guitar
video/566i3rpolg8_000150/video.mp4,"motorboat, speedboat acceleration"
video/eMQu7p-mw8I_000467/video.mp4,playing bass drum
video/31HwGGZE9jU_000411/video.mp4,skiing
video/y2q3weNWNqk_000268/video.mp4,metronome
video/RW7x9AC7PZI_000030/video.mp4,playing piano
video/KK5AClS1mxA_000651/video.mp4,chopping food
video/a802qKb_itM_000024/video.mp4,beat boxing
video/6ZAzQ_xUCUo_000145/video.mp4,people eating noodle
video/_p-OXHZFKPs_000160/video.mp4,dog whimpering
video/Exbj4bv62eQ_000060/video.mp4,dog baying
video/Qi6OGzsTbOo_000109/video.mp4,playing tennis
video/uY63pSkcQpM_000000/video.mp4,footsteps on snow
video/Q-aa-3xMOdg_000045/video.mp4,children shouting
video/2dCFOYuetW0_000039/video.mp4,pheasant crowing
video/NdqYvzceNo0_000001/video.mp4,playing shofar
video/z7HamK0zAcM_000021/video.mp4,car engine starting
video/xcoDPmy-UAY_000684/video.mp4,sea waves
video/5semmXp803c_000098/video.mp4,police radio chatter
video/pGnTEZvUcuo_000163/video.mp4,train whistling
video/OtWlvdhCJj4_000051/video.mp4,woodpecker pecking tree
video/D8LW5sTsIlc_000030/video.mp4,printer printing
video/R2Aq_j1TDSs_000040/video.mp4,helicopter
video/CQpGLOiNpnI_000590/video.mp4,playing saxophone
video/3t6pqBKV0kY_000030/video.mp4,"motorboat, speedboat acceleration"
video/mkIilVe2qkg_000110/video.mp4,cricket chirping
video/D4diwZCLvl0_000043/video.mp4,playing bongo
video/BD6zXOhQEMQ_000006/video.mp4,air conditioning noise
video/GCCJV53zu3w_000090/video.mp4,playing hammond organ
video/eBF0zRHCbZE_000030/video.mp4,"playing steel guitar, slide guitar"
video/N8ImCT_PxL8_000070/video.mp4,singing bowl
video/hY7xFCcshxE_000011/video.mp4,sloshing water
video/DdFjX2ikXbw_000010/video.mp4,roller coaster running
video/GhEPMDQZ174_000030/video.mp4,playing harpsichord
video/RPA-QYPV_os_000030/video.mp4,fire crackling
video/Xv0wc_vg8w8_000022/video.mp4,people whistling
video/b7_GgW8Za2I_000330/video.mp4,ice cracking
video/DU8A5r6nJiY_000587/video.mp4,golf driving
video/twvjW7ymUIQ_004159/video.mp4,cat purring
video/rfK_uUg-vKM_000030/video.mp4,people eating
video/m2HW_e9DDhg_000013/video.mp4,francolin calling
video/gTylPieYBcI_000125/video.mp4,fox barking
video/XJGPXxeuy2k_000105/video.mp4,mynah bird singing
video/CrbZHPkHeV4_000030/video.mp4,rapping
video/R1DA-D5mA54_000038/video.mp4,hail
video/OdOu8yGpIig_000456/video.mp4,"race car, auto racing"
video/K1ZwAX4xO1w_000339/video.mp4,people eating apple
video/z0ipidE0lNE_000249/video.mp4,people battle cry
video/lS3jp74mLHk_000060/video.mp4,wind noise
video/TxS9ytraxnY_000076/video.mp4,opening or closing car doors
video/IqG7MqzI1Qo_000164/video.mp4,snake hissing
video/uKlJCWLaPvg_000080/video.mp4,playing accordion
video/H3XoJGQoMJI_000040/video.mp4,turkey gobbling
video/1UXkMZNI5o4_000373/video.mp4,wood thrush calling
video/QejVyYvjrrs_000010/video.mp4,dog barking
video/OkYcKfqFNmM_000082/video.mp4,playing bugle
video/7K_jwQwta7I_000030/video.mp4,pumping water
video/IArDDikQbAg_000030/video.mp4,cap gun shooting
video/aidxQEWjcjI_000070/video.mp4,canary calling
video/3RfBwL7tXuk_000188/video.mp4,popping popcorn
video/5-FHy1Q61n8_000081/video.mp4,dog baying
video/lYs6JuXM-34_000002/video.mp4,popping popcorn
video/JlGNeE8vz9k_000001/video.mp4,penguins braying
video/XGCQHUilvfQ_000030/video.mp4,people whispering
video/LfdALENP9qQ_000030/video.mp4,sloshing water
video/DShnW2mZR-0_000002/video.mp4,opening or closing car electric windows
video/DG3jA6Fswak_000029/video.mp4,sailing
video/1Jo_WQrPc1Q_000140/video.mp4,striking pool
video/zgR4fR2nPvM_000139/video.mp4,tractor digging
video/MD0CPX2w7-0_000021/video.mp4,playing washboard
video/CHxOPxrzSfQ_000214/video.mp4,warbler chirping
video/vlVN2yCot7M_000170/video.mp4,car engine starting
video/Vx3kxcFd5GU_000022/video.mp4,people giggling
video/bWaNlcXuGmI_000270/video.mp4,playing theremin
video/7E0I8_VuI7w_000006/video.mp4,people slurping
video/XyVZgPZ1clo_000852/video.mp4,driving snowmobile
video/L3t6q50x8JU_000037/video.mp4,gibbon howling
video/qDGFFpUsf04_000395/video.mp4,playing timbales
video/007P6bFgRCU_000010/video.mp4,playing trumpet
video/JYeBZqAjKG8_000120/video.mp4,telephone bell ringing
video/2Vg5WTQZqwI_000036/video.mp4,playing double bass
video/meA5z8lSHhU_000054/video.mp4,swimming
video/yFfkV9vWDRs_000009/video.mp4,air horn
video/cku_hmDB0T8_000943/video.mp4,forging swords
video/4vzHgTC_16s_000010/video.mp4,"alligators, crocodiles hissing"
video/1I5QQBbZP8g_000150/video.mp4,people crowd
video/UxEyOSK9nxo_000030/video.mp4,fire crackling
video/Lt7dagnE-3A_000070/video.mp4,printer printing
video/AA0Ekw6dlQo_000046/video.mp4,playing oboe
video/88N23-hjddY_000280/video.mp4,chainsawing trees
video/2ZUuFcJxl3c_000087/video.mp4,hail
video/iqSzx9Csmi8_000002/video.mp4,smoke detector beeping
video/LTJ7hbP8y8g_000021/video.mp4,chopping wood
video/CRaKdtto9As_000021/video.mp4,playing hockey
video/qLVjaU5V9f0_000150/video.mp4,car passing by
video/I1GC1yWdM_c_000030/video.mp4,cat caterwauling
video/Rn55rPN_JU4_000030/video.mp4,printer printing
video/xvw3Z5-6h1A_000010/video.mp4,splashing water
video/vConpHixES0_000090/video.mp4,playing harmonica
video/5IDCyA2GDgs_000038/video.mp4,eletric blender running
video/8EtCndQcHvs_000033/video.mp4,tractor digging
video/nNHE-JTZL4Y_000078/video.mp4,parrot talking
video/RXo_RIfsF5w_000050/video.mp4,bird wings flapping
video/jSTohhfh8wU_000082/video.mp4,coyote howling
video/IS5V2yjPp3k_000030/video.mp4,people shuffling
video/ti3oPHlZGQY_000067/video.mp4,people gargling
video/kX4-OMWCdCc_000150/video.mp4,playing cello
video/bhA-HX-Z8h8_000200/video.mp4,"subway, metro, underground"
video/CuS-ok0xG9g_000000/video.mp4,skidding
video/K1WTjvf8hG8_000020/video.mp4,"playing steel guitar, slide guitar"
video/hDIziLujP38_000160/video.mp4,people eating crisps
video/dKRodtrybvM_000027/video.mp4,cat growling
video/eSMCZfnJ5gI_000030/video.mp4,dog barking
video/eWO7qLUgjjk_000173/video.mp4,child singing
video/mPU9j7icxs0_000123/video.mp4,"electric shaver, electric razor shaving"
video/qwSnmaIdhWY_000012/video.mp4,fox barking
video/OCwzCoB6p-4_000030/video.mp4,opening or closing drawers
video/0KAeUAAoVnY_000143/video.mp4,firing muskets
video/a9lp5Gre6Mw_000009/video.mp4,playing cornet
video/etmmUjsRNRs_000030/video.mp4,playing acoustic guitar
video/GBifExKnaWI_000012/video.mp4,opening or closing car electric windows
video/CiuMO1EkzU4_000010/video.mp4,"child speech, kid speaking"
video/KBi5yWlVwpQ_000107/video.mp4,sailing
video/DGBtx9IyqcU_000410/video.mp4,playing clarinet
video/OGyMalgBFxY_000001/video.mp4,lions growling
video/jjkB91FBcBI_000119/video.mp4,"fly, housefly buzzing"
video/Vc8D46tJuFM_000163/video.mp4,playing trombone
video/RjuHoAJwHA8_000181/video.mp4,playing tambourine
video/HkdAtvrAgE4_000023/video.mp4,woodpecker pecking tree
video/Q6rij_svhuc_000030/video.mp4,typing on computer keyboard
video/cYM7vTqRUJ0_000198/video.mp4,playing guiro
video/QxWre8D5a8c_000155/video.mp4,people sniggering
video/k_ry9us3pAQ_000090/video.mp4,people sneezing
video/YzCK7OtGzqs_000010/video.mp4,people sobbing
video/W-QnsZHrJIs_000010/video.mp4,wind chime
video/FatuEXsaQ20_000030/video.mp4,vacuum cleaner cleaning floors
video/DtUw0XOALfk_000064/video.mp4,playing bass drum
video/lIzR-RYqTxQ_000030/video.mp4,goose honking
video/FeXj1i4ur5Q_000030/video.mp4,vacuum cleaner cleaning floors
video/ueKKohFYF8g_000000/video.mp4,telephone bell ringing
video/E7BYs6EMeD8_000051/video.mp4,underwater bubbling
video/KkGTB8ESMCM_000000/video.mp4,people screaming
video/Ytblri7hn-0_000031/video.mp4,people eating noodle
video/P8VTcL2ecs8_000030/video.mp4,tapping guitar
video/Usz7ZnOHaxY_000030/video.mp4,"pigeon, dove cooing"
video/A6_-Ji7bq5E_000337/video.mp4,people slurping
video/_PR74a-PN6s_000030/video.mp4,chopping food
video/v6zyfu0YX_A_000260/video.mp4,sloshing water
video/4TshFWSsrn8_000290/video.mp4,skidding
video/9Ci8qOMBNNU_000070/video.mp4,people belly laughing
video/KuLE8odpCc8_000100/video.mp4,typing on computer keyboard
video/x_v89ZU2Zsk_000193/video.mp4,electric grinder grinding
video/SlAtd9ydvmE_000170/video.mp4,playing trombone
video/pC3DIX8-Xoo_000030/video.mp4,pig oinking
video/p3GTteKGw18_000090/video.mp4,cuckoo bird calling
video/hfBuRqBEBo4_000250/video.mp4,people eating noodle
video/le5_Y3GBqGk_000050/video.mp4,playing theremin
video/ECP7EJka6N8_000590/video.mp4,playing cello
video/YrH0TXyYSNM_000010/video.mp4,mouse squeaking
video/91k-dD34c94_000560/video.mp4,playing gong
video/lL-7q3g0k3k_000140/video.mp4,playing flute
video/u5rQmh0SE1g_000102/video.mp4,popping popcorn
video/FK4MiC9uvWM_000030/video.mp4,"rowboat, canoe, kayak rowing"
video/mzjPED4K-s4_000127/video.mp4,cuckoo bird calling
video/qsLFz9wSGYU_000021/video.mp4,playing bassoon
video/lGZKkiZEDBY_000003/video.mp4,"alligators, crocodiles hissing"
video/7SR2Nk3gkQ4_000187/video.mp4,cuckoo bird calling
video/4lqUgzaykg8_000160/video.mp4,eating with cutlery
video/iikhslprd_A_000009/video.mp4,chimpanzee pant-hooting
video/AD9ajeVpxxU_000266/video.mp4,playing bugle
video/_3ZOigx8e3c_000030/video.mp4,"male speech, man speaking"
video/deSs0MV_mJw_000060/video.mp4,train whistling
video/korCJgM6ex4_000081/video.mp4,cuckoo bird calling
video/1I9s8TxOlaU_000028/video.mp4,people slurping
video/jDSo2g-tW98_000019/video.mp4,chipmunk chirping
video/Sx3WV9GSOmc_000060/video.mp4,playing cello
video/EfT8xJFLSV4_000077/video.mp4,tapping guitar
video/MB23r3XMRNU_000023/video.mp4,dog baying
video/KcjSOd4R7VY_000021/video.mp4,frog croaking
video/kim5sxAzWM0_000022/video.mp4,striking bowling
video/orZvoPflJOY_000107/video.mp4,people eating apple
video/9q3JJ7Fhvbs_000070/video.mp4,playing electronic organ
video/dmOYEzKEWew_000085/video.mp4,train wheels squealing
video/fWLjGFgL-2Q_000024/video.mp4,sailing
video/hHceJPFc1Iw_000140/video.mp4,cricket chirping
video/yU_Q5Y2lmwA_000033/video.mp4,hail
video/ukYd1nfdJlM_000060/video.mp4,toilet flushing
video/rlxmevufILI_000040/video.mp4,playing harmonica
video/9Mn-RAIcDIw_000200/video.mp4,mouse pattering
video/zKS6U_9vfC4_000027/video.mp4,playing bugle
video/pJSUhAfuZfs_000059/video.mp4,ferret dooking
video/Im7-JOj4K5Q_000468/video.mp4,sea lion barking
video/Rp39_WnX5Fk_000380/video.mp4,"subway, metro, underground"
video/8T6O7iBGj5o_000410/video.mp4,singing bowl
video/Vad8fw-HHV8_000759/video.mp4,police radio chatter
video/1lLobOtsIFA_000030/video.mp4,waterfall burbling
video/c84MEg-AzuQ_000054/video.mp4,shot football
video/EY7ZnPaMEyM_000050/video.mp4,bird wings flapping
video/a0J_3H4alPk_000060/video.mp4,people burping
video/MBrLFOEtY9U_000040/video.mp4,rapping
video/rVlc15B6v-s_000030/video.mp4,playing tuning fork
video/TIllmI1n5cw_000129/video.mp4,alarm clock ringing
video/3-sPbKkiYvI_000532/video.mp4,running electric fan
video/VJHPp490Xow_000070/video.mp4,splashing water
video/3xW9NcPDSCk_000223/video.mp4,people eating noodle
video/8d6SwUPTyOQ_000030/video.mp4,"subway, metro, underground"
video/xohOGGDgwZ8_000024/video.mp4,penguins braying
video/raCIGB3B4mg_000286/video.mp4,driving snowmobile
video/-HMEhGV38GM_000216/video.mp4,playing congas
video/xiyBJQ8eAVk_000001/video.mp4,playing tambourine
video/2D0okq6-SBo_000189/video.mp4,skiing
video/30kPsWBW45w_000020/video.mp4,bird squawking
video/cTsXnOrhupA_000081/video.mp4,train whistling
video/cvOFGQE9qCA_000040/video.mp4,mosquito buzzing
video/076qdKSC8nU_000030/video.mp4,tapping guitar
video/owFisMijVkI_000000/video.mp4,civil defense siren
video/Zpj2ZG9er0Q_000054/video.mp4,popping popcorn
video/uJkw2pAMaBI_000020/video.mp4,lions roaring
video/-jA7nRwQp_E_000030/video.mp4,orchestra
video/0EOQco76eXQ_000030/video.mp4,playing bass guitar
video/fD7OpfzE87w_000089/video.mp4,bowling impact
video/KU0aL_iR0_I_000560/video.mp4,people belly laughing
video/mC_cy6jZSoM_000122/video.mp4,people nose blowing
video/aa09xLmz7sY_000023/video.mp4,cat growling
video/Yd0D6_oC0xU_000030/video.mp4,people farting
video/4VdV7ELQ9vE_000310/video.mp4,"child speech, kid speaking"
video/ZxiXftx2EMg_000477/video.mp4,dinosaurs bellowing
video/MNXrgwjf4CY_000356/video.mp4,chopping wood
video/gKZrAlTJURs_000030/video.mp4,cattle mooing
video/PwHZ4df5G7w_000030/video.mp4,people farting
video/Nayu_7okwmY_000032/video.mp4,playing congas
video/K8BC9e4Bspg_000151/video.mp4,hammering nails
video/Aiks9EreMFY_000171/video.mp4,playing cornet
video/KJcjnqKzqfw_000115/video.mp4,playing congas
video/4_cfXx3iLes_000030/video.mp4,fire truck siren
video/Kkg_0Ncl1JA_000015/video.mp4,playing double bass
video/fp9LFqu3LVQ_000084/video.mp4,strike lighter
video/H6RE7PjUrjI_000015/video.mp4,"playing steel guitar, slide guitar"
video/Ht9kn-X06os_000184/video.mp4,wind chime
video/AJKmKTU32_c_000030/video.mp4,using sewing machines
video/gmyjKCxNFwY_000030/video.mp4,playing accordion
video/aDsnFA2GDQw_000153/video.mp4,playing cornet
video/Ce1P47VwTAI_000030/video.mp4,"female speech, woman speaking"
video/gdR6nuDBghI_000134/video.mp4,magpie calling
video/zr88Jqze7_U_000034/video.mp4,chimpanzee pant-hooting
video/Tvwi_YuLehk_000030/video.mp4,playing mandolin
video/fLD-oO3md6g_000023/video.mp4,planing timber
video/dEalicSMdE8_000155/video.mp4,yodelling
video/SBVvm2xyVLU_000380/video.mp4,eating with cutlery
video/WSR7YwL7pBk_000074/video.mp4,roller coaster running
video/1JSbmO1NQzk_000130/video.mp4,cricket chirping
video/YTFJUFWcRns_000030/video.mp4,skidding
video/U-O1FcXeZCk_000200/video.mp4,playing vibraphone
video/IZ_FwYrGGXA_000029/video.mp4,chinchilla barking
video/BKVcTXsztAU_000030/video.mp4,opening or closing drawers
video/GhOXDKsmewM_000030/video.mp4,people babbling
video/R5VXim4mGjM_000139/video.mp4,strike lighter
video/YTfbske47gQ_000354/video.mp4,people slurping
video/vY7O2jWCWdQ_000374/video.mp4,playing mandolin
video/JFVs86eb014_000052/video.mp4,coyote howling
video/KMs0Ijf9pCM_000024/video.mp4,snake rattling
video/UztuiHbZvCw_000991/video.mp4,lip smacking
video/5HWzxmEuzLo_000172/video.mp4,playing darts
video/2pt7WZBYeeI_000030/video.mp4,"subway, metro, underground"
video/iROgD3JRJFY_000090/video.mp4,baby laughter
video/NIXYf0CSnhE_000080/video.mp4,people hiccup
video/6om-fZvxe70_000030/video.mp4,mouse squeaking
video/8AgLb-bpocg_000037/video.mp4,elk bugling
video/IN4Up4lZvB0_000014/video.mp4,people nose blowing
video/CVLqZyUwqv8_000200/video.mp4,playing sitar
video/DtuniV526eA_000148/video.mp4,blowtorch igniting
video/eQcSHZyNAuY_000040/video.mp4,dog bow-wow
video/pv6hda1OnnI_000037/video.mp4,elk bugling
video/kvIt_9P79Ro_000030/video.mp4,pig oinking
video/t_nChjR23qA_000031/video.mp4,"alligators, crocodiles hissing"
video/Qj3ptAKRGQg_000031/video.mp4,parrot talking
video/5kPVERHWpVI_000023/video.mp4,tornado roaring
video/Yttw9U0CB98_000030/video.mp4,door slamming
video/7-htobm4qu0_000030/video.mp4,dog bow-wow
video/BFU4nurvCAw_000030/video.mp4,horse clip-clop
video/V0ptxvriHOo_000127/video.mp4,civil defense siren
video/3NcGeszg2CM_000284/video.mp4,sea lion barking
video/96a4smrM_30_000030/video.mp4,reversing beeps
video/UrgzGbGVV8I_000030/video.mp4,playing electric guitar
video/cq5rnI5NauM_000252/video.mp4,missile launch
video/yb1tdCz1vJ0_000925/video.mp4,airplane flyby
video/pmdoDcNBt0E_000030/video.mp4,female singing
video/-ZJqu_4zLMc_000030/video.mp4,cat meowing
video/3d6ismCJdos_000050/video.mp4,cap gun shooting
video/MM-RnWEBd14_000005/video.mp4,people nose blowing
video/xneiSfKk0Lo_000030/video.mp4,lions roaring
video/CTYO9dLDun4_000020/video.mp4,sliding door
video/jr2kxASSRBY_000030/video.mp4,baby crying
video/IOu7cOZgZE4_000272/video.mp4,tap dancing
video/er8zQZ4d0Ew_000180/video.mp4,ocean burbling
video/b71sYw2hZB0_000030/video.mp4,playing bugle
video/DDoJMpe85o0_000386/video.mp4,mynah bird singing
video/1n5uFGk2pnc_000058/video.mp4,playing table tennis
video/o46GWTkVASI_000030/video.mp4,wind rustling leaves
video/Vlh9AMaTrLQ_000451/video.mp4,playing oboe
video/5faEEBTatTg_000004/video.mp4,wood thrush calling
video/8M8mpBuhbOY_000079/video.mp4,"cattle, bovinae cowbell"
video/PayI-T_mgto_000030/video.mp4,car engine starting
video/ZuBxMCk0cco_000140/video.mp4,playing drum kit
video/qae-O4JFM0M_000135/video.mp4,playing congas
video/uh5D5Uuteew_000134/video.mp4,fox barking
video/zw4X8p5zVZE_000023/video.mp4,missile launch
video/a2UsrO-xhs8_000030/video.mp4,sliding door
video/MMUQckEa_ME_000030/video.mp4,turkey gobbling
video/AG7Zm7D4JIE_000030/video.mp4,mouse squeaking
video/1OFOElP7bqc_000360/video.mp4,stream burbling
video/eM0PkfqGmIE_000030/video.mp4,playing bass guitar
video/m5HN3-l_f-U_000150/video.mp4,playing cymbal
video/EksjhWF0zqE_000020/video.mp4,waterfall burbling
video/bA8idGxNUkQ_000026/video.mp4,dog growling
video/a4GXcNNy5ZY_000003/video.mp4,telephone bell ringing
video/Ckmc5j2_a9s_000350/video.mp4,playing clarinet
video/MHphDoMqN4g_000079/video.mp4,mynah bird singing
video/DkJ6OScQshI_000000/video.mp4,chicken crowing
video/AsAFnQXl6sc_000604/video.mp4,mouse clicking
video/xhHSvaKKDCY_000486/video.mp4,coyote howling
video/SmSOJiVYvv8_000247/video.mp4,electric grinder grinding
video/EeY0TuTVei4_000016/video.mp4,"heart sounds, heartbeat"
video/WF0CiXcsi5k_000270/video.mp4,chicken crowing
video/NqiYauilAA0_000073/video.mp4,rope skipping
video/ztfegVzqeCI_000030/video.mp4,playing theremin
video/mW5_chAgg8c_000120/video.mp4,playing ukulele
video/qhvy5UeP_fk_000007/video.mp4,chipmunk chirping
video/XzGDfFSJy4A_000063/video.mp4,playing shofar
video/1FWUnWVX5Xk_000159/video.mp4,baltimore oriole calling
video/RYia-H9Hm88_000000/video.mp4,people clapping
video/lAy3z-935w8_000019/video.mp4,playing hockey
video/PwdYrskUF3Q_000080/video.mp4,eating with cutlery
video/__8UJxW0aOQ_000002/video.mp4,opening or closing car doors
video/7S_iHrdfrvQ_000030/video.mp4,people whispering
video/XLv-1DYujvo_000100/video.mp4,playing tabla
video/7kCaS34nZ-8_000290/video.mp4,ice cracking
video/7_NjB8ib3MU_000036/video.mp4,playing volleyball
video/TuHHUDnFSO0_000096/video.mp4,playing castanets
video/oUaGeoOA6i0_000224/video.mp4,playing timbales
video/yd-vTGUrE08_000020/video.mp4,snake hissing
video/KH7rmkQNQgY_000260/video.mp4,"bee, wasp, etc. buzzing"
video/WJUtEDBS0Dw_000020/video.mp4,dinosaurs bellowing
video/jH6-RU2or84_000040/video.mp4,toilet flushing
video/QCW2lhs0rt8_000020/video.mp4,church bell ringing
video/FGz_-95vo0c_000118/video.mp4,people nose blowing
video/NPenz7N4FeA_000568/video.mp4,sea waves
video/YgPoCH_Kvfo_000126/video.mp4,playing bugle
video/qPP2CtVLFHs_000043/video.mp4,people slapping
video/zAfVwdU7ARk_000250/video.mp4,beat boxing
video/LTO3mhVLS4g_000030/video.mp4,"bird chirping, tweeting"
video/ol8ZVX3qLQY_000106/video.mp4,airplane flyby
video/s_8zsm4UHV4_000259/video.mp4,playing snare drum
video/jIqAaU2Bgf0_000530/video.mp4,reversing beeps
video/trPPoFk5hNw_000033/video.mp4,hail
video/Db3VBTvUp_k_000030/video.mp4,using sewing machines
video/h6YMk2FOHHM_000017/video.mp4,tap dancing
video/uFfjq0JGXcI_000154/video.mp4,train horning
video/eZUfoLIVrJ8_000220/video.mp4,opening or closing drawers
video/Mnk6590abfY_000030/video.mp4,playing steelpan
video/cImwD_Vy7lI_000030/video.mp4,firing cannon
video/31GOxPXDNkk_000068/video.mp4,playing erhu
video/Kh6UUEKShro_000030/video.mp4,"pigeon, dove cooing"
video/nhDAmqYHxdA_000417/video.mp4,squishing water
video/WF7jZvuQHAE_000051/video.mp4,bouncing on trampoline
video/ob2_1sTTEiU_000014/video.mp4,missile launch
video/F2a-LMXUKcY_000062/video.mp4,mouse clicking
video/j5kPPzlFzyM_000251/video.mp4,people marching
video/OhhSpbVbXYA_000145/video.mp4,playing tambourine
video/b_kvMCmoZw0_000030/video.mp4,"rowboat, canoe, kayak rowing"
video/M5rWO2qL6WQ_000023/video.mp4,"motorboat, speedboat acceleration"
video/Nk5sERKfqc4_000112/video.mp4,people nose blowing
video/BE8Mv5ww4BM_000171/video.mp4,playing hammond organ
video/bHAsmmNPNEg_000057/video.mp4,people nose blowing
video/3PzvNHht_2M_000110/video.mp4,pumping water
video/6I9BFjKBjLY_000037/video.mp4,snake rattling
video/A9KMqwqLboE_000030/video.mp4,reversing beeps
video/QDfyTkOWfyM_000236/video.mp4,dinosaurs bellowing
video/9QjGgc1UkkU_000044/video.mp4,playing congas
video/CxSALNdzjKs_000096/video.mp4,blowtorch igniting
video/bnFZy6N2TS0_000327/video.mp4,"male speech, man speaking"
video/vVItJE6Djsk_000054/video.mp4,train whistling
video/Lfz1_nGRL9c_000186/video.mp4,hedge trimmer running
video/o505NNzv0TI_000035/video.mp4,playing timbales
video/p5i3sd1uubo_000000/video.mp4,playing cymbal
video/Cg8J1IVC3Ic_000013/video.mp4,mouse pattering
video/qIdFZ4-guLg_000259/video.mp4,strike lighter
video/kWntScEF5_c_000014/video.mp4,chopping wood
video/O5IulN0n6d0_000030/video.mp4,rapping
video/lvabmASz47c_000142/video.mp4,people battle cry
video/5RU67q5ttnY_000237/video.mp4,cutting hair with electric trimmers
video/_a6iPtk0Pa0_000000/video.mp4,church bell ringing
video/8JgqLELdUkY_000030/video.mp4,cat meowing
video/V-lj5QvZYBo_000030/video.mp4,firing cannon
video/qWo7zzrDqEU_000427/video.mp4,forging swords
video/WG_CMZAkpCI_000091/video.mp4,otter growling
video/SouyQhC7rSU_000039/video.mp4,scuba diving
video/kXkwTwKkC9o_001138/video.mp4,playing tuning fork
video/lKTKLkLPwmI_000091/video.mp4,underwater bubbling
video/UYo1QYMJSXM_000014/video.mp4,opening or closing car electric windows
video/CHZpIvMaZt8_000132/video.mp4,cuckoo bird calling
video/0QPuoCmYU60_000010/video.mp4,car engine idling
video/TnI1JdrjyS0_000209/video.mp4,bathroom ventilation fan running
video/MUC3GjvBI7I_000030/video.mp4,horse clip-clop
video/17WW_p1N7BQ_000030/video.mp4,cat meowing
video/Or9l14hzfSA_000030/video.mp4,dog bow-wow
video/dxrg1wawqvY_000000/video.mp4,people screaming
video/XxAs1RIH75k_000102/video.mp4,playing darts
video/NmrgtUxMLCI_000030/video.mp4,chicken clucking
video/c3AJOT4VwSE_000510/video.mp4,opening or closing drawers
video/C8kucowz2NM_000328/video.mp4,bouncing on trampoline
video/7yi2rZVC41E_000003/video.mp4,cupboard opening or closing
video/DTZ4khupsCM_000056/video.mp4,beat boxing
video/AAdciXShS1c_000019/video.mp4,parrot talking
video/LHG0VAUtUpg_000187/video.mp4,volcano explosion
video/rT9tzUNdzjM_000033/video.mp4,rope skipping
video/5d8P-k6MNIQ_000120/video.mp4,playing harp
video/PN9EuYoUZig_000141/video.mp4,playing badminton
video/ZFs03gCSB_g_000270/video.mp4,typing on computer keyboard
video/grryyLLuWk0_000034/video.mp4,wind chime
video/GaSYzS6jVOM_000030/video.mp4,pumping water
video/kb0m_n54vcY_000172/video.mp4,playing volleyball
video/73cuZZq-J3w_000020/video.mp4,"engine accelerating, revving, vroom"
video/mFD6P7We2ww_000081/video.mp4,telephone bell ringing
video/19knOj43yZE_000330/video.mp4,"bee, wasp, etc. buzzing"
video/qbq5r7BFx8I_000031/video.mp4,cell phone buzzing
video/hQYRDNl-lGI_000382/video.mp4,"race car, auto racing"
video/Bf3aAtNK8Sk_000030/video.mp4,goat bleating
video/psbURlY7H2g_000011/video.mp4,pheasant crowing
video/wTN2MR0oMZ0_000032/video.mp4,playing glockenspiel
video/_tDF9h1Y5o4_000400/video.mp4,door slamming
video/i0MYVUdOqb4_000009/video.mp4,golf driving
video/SGKYmf3POkE_000048/video.mp4,lip smacking
video/lrr5IQmKKyM_000000/video.mp4,"female speech, woman speaking"
video/YhEXOsZFB34_000180/video.mp4,opening or closing drawers
video/5RnD-0cA3PU_000330/video.mp4,raining
video/PrWy40DYZQU_000030/video.mp4,firing cannon
video/s4BRktytaS4_000018/video.mp4,playing tennis
video/qPYA_MVHDbY_000001/video.mp4,eagle screaming
video/7X4MOknsB80_000000/video.mp4,vacuum cleaner cleaning floors
video/woE-jw5aYwU_000356/video.mp4,chopping wood
video/8v9ggmYDE7I_000220/video.mp4,baby laughter
video/bppgcyxMKvQ_000620/video.mp4,child singing
video/g5FVJveyyVM_000030/video.mp4,lions roaring
video/TakkuFZJsis_000030/video.mp4,rapping
video/zdZstaYr9hY_000200/video.mp4,playing sitar
video/g1DRqWpcyrk_000079/video.mp4,plastic bottle crushing
video/6teOyKIr-B8_000140/video.mp4,writing on blackboard with chalk
video/Qia8L6PBFXE_000056/video.mp4,eletric blender running
video/_gG0KNGD47M_000030/video.mp4,reversing beeps
video/2Mkwgf0Pej0_000000/video.mp4,using sewing machines
video/HzhiWSedtyQ_000023/video.mp4,child singing
video/ncfUAo5uxwk_000012/video.mp4,people booing
video/84psIEmkhLk_000000/video.mp4,police radio chatter
video/FFUSdzyhgZo_000290/video.mp4,playing timpani
video/imo0-muPdy0_000030/video.mp4,cat purring
video/R97UPoZ9V08_000263/video.mp4,playing guiro
video/jF73O9J4KEI_000030/video.mp4,cat meowing
video/eprwvsJFlhw_000002/video.mp4,eletric blender running
video/YFMe9taghFg_000030/video.mp4,playing hockey
video/IObJnm1ohxI_000052/video.mp4,dinosaurs bellowing
video/o4HqWhVTW2o_000043/video.mp4,playing washboard
video/EO2y901299I_000030/video.mp4,"male speech, man speaking"
video/Ovm9kLKgLww_000120/video.mp4,car engine idling
video/RUftlme_EtU_000010/video.mp4,cattle mooing
video/K6UW_LgkIjs_000030/video.mp4,crow cawing
video/LvQV_stlxaI_000054/video.mp4,playing volleyball
video/5Z2-9v4avAg_000006/video.mp4,striking bowling
video/6aqj0p5oc9c_000030/video.mp4,playing saxophone
video/u0Ys0J4rvFQ_000023/video.mp4,cat hissing
video/xgwzTQ8vnso_000030/video.mp4,playing synthesizer
video/VHoOg4twnO0_000060/video.mp4,machine gun shooting
video/rhWrIKdn8ic_000116/video.mp4,people whispering
video/ROhlD0G2_ho_000017/video.mp4,wind rustling leaves
video/bRMhCq4dB9k_000003/video.mp4,wind chime
video/9SZC5O-gwAI_000263/video.mp4,whale calling
video/rdVo1ikBoJA_000000/video.mp4,people sobbing
video/1Vt6qYw1BnQ_000002/video.mp4,playing bongo
video/CFBgUNsgvqE_000030/video.mp4,frog croaking
video/VwcaDl7eg30_000030/video.mp4,baby laughter
video/13k0xa_vTFI_000022/video.mp4,blowtorch igniting
video/CoFbRc1OxFU_000009/video.mp4,driving buses
video/K6KbEnGnymk_000030/video.mp4,playing theremin
video/9wW-losmGws_000097/video.mp4,playing washboard
video/mxlvULNwlpU_000110/video.mp4,playing sitar
video/C3yqIuEs_zQ_000430/video.mp4,ocean burbling
video/4JTxc-TKxPo_000092/video.mp4,people slurping
video/bcZ3ZPQQbYA_000011/video.mp4,mynah bird singing
video/dFM6UIayPtQ_000026/video.mp4,coyote howling
video/kNKfoDp0uUw_000030/video.mp4,driving buses
video/gLP4QkflB-o_000020/video.mp4,people farting
video/fvIV8Wu_-Lo_000129/video.mp4,pheasant crowing
video/ohPrrSyvV-Y_000034/video.mp4,bull bellowing
video/DAPGvg8qOAU_000000/video.mp4,playing mandolin
video/WRP3Fx0stKc_000030/video.mp4,printer printing
video/b8Qv5KWswiI_000007/video.mp4,baby crying
video/sl37XQfkJCQ_000030/video.mp4,playing synthesizer
video/MnH4tzgKXVc_000030/video.mp4,chainsawing trees
video/WkHPQPozDRs_000150/video.mp4,people running
video/AFgdcQqt3PY_000010/video.mp4,cat growling
video/hNubz3rGwrA_000000/video.mp4,playing piano
video/yIx3ml9_nsQ_000060/video.mp4,people sneezing
video/Nz4iLzJBTBo_000300/video.mp4,church bell ringing
video/p_y0qowdtF4_000059/video.mp4,foghorn
video/_pXrH3QuCNQ_000024/video.mp4,playing tuning fork
video/UypQOtbE8wg_000000/video.mp4,bird wings flapping
video/GtJiY4ezw_E_000010/video.mp4,"engine accelerating, revving, vroom"
video/jYcXNtaZaAA_000022/video.mp4,chimpanzee pant-hooting
video/0-o0oZvSFOk_000030/video.mp4,goat bleating
video/1EuGaYmvlXM_000170/video.mp4,goose honking
video/lDpJ-RBGMQc_000180/video.mp4,pumping water
video/JNs5uQEJpJs_000030/video.mp4,sloshing water
video/4ooEeN51qdQ_000093/video.mp4,playing erhu
video/yG4EHLARjmk_000050/video.mp4,baby babbling
video/4YkSXnZPP9Y_000281/video.mp4,ripping paper
video/m1e9aOwRiDQ_000000/video.mp4,"vehicle horn, car horn, honking"
video/1ON1iLkUPp8_000040/video.mp4,playing vibraphone
video/gT1HfA-JhYc_000129/video.mp4,playing erhu
video/wr8N8w2icwk_000082/video.mp4,playing washboard
video/Mdwn6x9edFI_000352/video.mp4,sea lion barking
video/jvRo7wsgQF4_000059/video.mp4,playing snare drum
video/7AN6Sfm3cFc_000140/video.mp4,"vehicle horn, car horn, honking"
video/69oU6LfyQ_4_000030/video.mp4,people clapping
video/A4a5VD-hmz4_000016/video.mp4,people marching
video/TPtB2NqlAlc_000125/video.mp4,bouncing on trampoline
video/9QzT2cdoTzc_000124/video.mp4,strike lighter
video/gg6yoeBoYxg_000000/video.mp4,children shouting
video/niO21pQgixA_000001/video.mp4,hail
video/qq2QKs8pIXo_000027/video.mp4,people eating crisps
video/_Betmm6FaWo_000096/video.mp4,writing on blackboard with chalk
video/CiSmL4nmic0_000150/video.mp4,ocean burbling
video/b3teffaC_eE_000140/video.mp4,raining
video/-SWaCArvQug_000021/video.mp4,opening or closing drawers
video/eUClW6xPg8I_000040/video.mp4,lighting firecrackers
video/C1wvmtqaQmc_000210/video.mp4,frog croaking
video/j6WylsRJmWU_000190/video.mp4,playing bugle
video/EQHrQIaQNv8_000030/video.mp4,"playing steel guitar, slide guitar"
video/9iVLuQ403ww_000039/video.mp4,slot machine
video/tFUIVRLXD68_000030/video.mp4,cat purring
video/J5om8xfMYYw_000030/video.mp4,"motorboat, speedboat acceleration"
video/55L7peYRB_Q_000120/video.mp4,using sewing machines
video/aqai2CWfKrs_000045/video.mp4,volcano explosion
video/PZW8AEqyihI_000000/video.mp4,woodpecker pecking tree
video/4UCZF_UnG10_000027/video.mp4,"engine accelerating, revving, vroom"
video/ZDtQSsioywU_000958/video.mp4,opening or closing car electric windows
video/Y8lC75NSsfc_000219/video.mp4,disc scratching
video/WoXgPQQjcJU_000060/video.mp4,playing didgeridoo
video/ddeSMfFLYTI_000420/video.mp4,telephone bell ringing
video/-gYMAfoDgu0_000705/video.mp4,"race car, auto racing"
video/6jAZGb8k6tE_000090/video.mp4,baby laughter
video/BWuqZrnhPaI_000030/video.mp4,fireworks banging
video/-zIrltLewfc_000194/video.mp4,warbler chirping
video/5FEZg17q5hA_000260/video.mp4,"cattle, bovinae cowbell"
video/WoP2RS4wJ18_000007/video.mp4,playing shofar
video/R4b_-IT43P4_000030/video.mp4,playing electric guitar
video/PRbUBKp5wuc_000107/video.mp4,elk bugling
video/ReLcqxcWBo0_000297/video.mp4,forging swords
video/Sx71y_cFKtY_000020/video.mp4,people finger snapping
video/jcKRIZHO37k_000082/video.mp4,wood thrush calling
video/x2ztI3YNu9o_000030/video.mp4,playing accordion
video/vgDI9j-YEhQ_000030/video.mp4,owl hooting
video/ZbXRhUDCOvw_000001/video.mp4,people gargling
video/KrPE9LQIwhU_000184/video.mp4,baby crying
video/kyZ_wLP51ag_000107/video.mp4,elephant trumpeting
video/lhQ3b3Cifcw_000309/video.mp4,playing washboard
video/SFcckZJ7y1E_000060/video.mp4,playing accordion
video/dN7ZWYBJeUE_000040/video.mp4,vacuum cleaner cleaning floors
video/OO0K_8QXJ7w_000040/video.mp4,sharpen knife
video/L8W-5LTrwjM_000030/video.mp4,bird squawking
video/um-biLfru-c_000009/video.mp4,lathe spinning
video/K76QF4380Pk_000080/video.mp4,people crowd
video/ASxEJ81lnBw_000030/video.mp4,playing tabla
video/HoczhM-CEY8_000222/video.mp4,playing bongo
video/QD9V6AwZar4_000350/video.mp4,chicken crowing
video/3id3zRRZBVM_000050/video.mp4,people coughing
video/kY6RTq-DSew_000013/video.mp4,people nose blowing
video/5TDg3MSfck8_000030/video.mp4,playing timpani
video/Up72EgZT_B0_000049/video.mp4,bathroom ventilation fan running
video/TEA5dT6nDNE_000016/video.mp4,"fly, housefly buzzing"
video/Q_J3XkD5Ims_000024/video.mp4,sea waves
video/1yNBf7QG__4_000016/video.mp4,horse clip-clop
video/DJXQV_oKyjE_000030/video.mp4,ambulance siren
video/WEHe6W_D4lo_000041/video.mp4,"pigeon, dove cooing"
video/yvGSUZAf_CI_000230/video.mp4,"cattle, bovinae cowbell"
video/ZEP87KTkyNM_000277/video.mp4,driving snowmobile
video/_TL0Z-BZXtA_000047/video.mp4,shot football
video/gpO6rllg_84_000000/video.mp4,playing congas
video/1cneTLKxerM_000167/video.mp4,snake hissing
video/k-BTStjaxgw_000140/video.mp4,eating with cutlery
video/FzgCq9oAXGk_000000/video.mp4,basketball bounce
video/-8C-gydUbR8_000030/video.mp4,male singing
video/IRYPJTybCu8_000130/video.mp4,warbler chirping
video/EgI1uAxXfew_000030/video.mp4,people crowd
video/fn41SZiLTUQ_000083/video.mp4,opening or closing car electric windows
video/4RWpCBNrYSM_000174/video.mp4,car engine starting
video/gaFQgJLQHtU_000090/video.mp4,car engine starting
video/GmvVeThWNQY_000030/video.mp4,typing on typewriter
video/T0nvf328Ll4_000013/video.mp4,"donkey, ass braying"
video/SJN5vcGGF4I_000150/video.mp4,ocean burbling
video/3tSPMzvuQpk_000030/video.mp4,male singing
video/eMpg3l9nI2s_000030/video.mp4,dog barking
video/XYN90AECIBA_000071/video.mp4,air horn
video/vORveL941KQ_000010/video.mp4,people hiccup
video/DroAzooK4yw_000030/video.mp4,playing acoustic guitar
video/Cpwy_3wUjSc_000330/video.mp4,child singing
video/IBnelTCAXKg_000270/video.mp4,people crowd
video/KUKKg1VS2Pg_000638/video.mp4,chimpanzee pant-hooting
video/6okkKX3mjV4_000155/video.mp4,snake hissing
video/1_xoCNmTn3Y_000012/video.mp4,coyote howling
video/8_rFjamYo1Y_000009/video.mp4,bathroom ventilation fan running
video/eI4PbSh6g_Y_000030/video.mp4,playing steelpan
video/fzG0Ntou1sc_000081/video.mp4,playing tennis
video/l13XyX-sMwk_001613/video.mp4,lip smacking
video/dy7klgwlfNs_000280/video.mp4,eating with cutlery
video/XpQ_eTjyFrw_000030/video.mp4,crow cawing
video/B_Kfb4_-6Kw_000025/video.mp4,playing tuning fork
video/XQoTMdWSzb8_000370/video.mp4,shot football
video/N1KFGDFqWxM_000030/video.mp4,orchestra
video/PtNaufJnqQs_000000/video.mp4,air horn
video/3kDi5Hk-Vmw_000030/video.mp4,playing accordion
video/Bw73mqfb-0k_000045/video.mp4,cat hissing
video/DOwkjBCah5A_000590/video.mp4,using sewing machines
video/z908wqy93Uk_000028/video.mp4,cheetah chirrup
video/t6ofi6eVHSw_000310/video.mp4,playing harpsichord
video/5akzQ9B7na8_000030/video.mp4,people eating
video/M3mR0OB6iAs_000061/video.mp4,warbler chirping
video/nhe959Sn-JU_000009/video.mp4,otter growling
video/rjGjz5DolWA_000030/video.mp4,dog barking
video/XtDNu3A_jBs_000000/video.mp4,snake rattling
video/9uOOfuRD6Fc_000070/video.mp4,"railroad car, train wagon"
video/3sz7nQTcwcE_000009/video.mp4,dog growling
video/EO8nwfjhVtQ_000030/video.mp4,playing harmonica
video/XQgpjAopsc4_000000/video.mp4,lions growling
video/DEMF3mvYPUM_000350/video.mp4,people crowd
video/qZqfctv2CHg_000419/video.mp4,strike lighter
video/Pf9AaTV4-yw_000180/video.mp4,playing timpani
video/6-yQsEH2WYA_000030/video.mp4,driving buses
video/cbq6Q2htPRM_000030/video.mp4,rapping
video/iHL96O04zDo_000002/video.mp4,cuckoo bird calling
video/2Ic1zm9mBjk_000030/video.mp4,playing sitar
video/7S2quCoO880_000030/video.mp4,raining
video/_QjCOK638vc_000036/video.mp4,parrot talking
video/WrSpubuVkN0_000330/video.mp4,crow cawing
video/5URY9bUoUgE_000047/video.mp4,francolin calling
video/bsi2kUrwjf8_000030/video.mp4,playing bass guitar
video/OD-fpsHQCFg_000080/video.mp4,playing trombone
video/u0A1pU_RR_M_000030/video.mp4,playing steelpan
video/VC0c22cJTbM_000424/video.mp4,writing on blackboard with chalk
video/bi_GLOAbrKA_000060/video.mp4,bird wings flapping
video/6gBqjgsHL2k_000030/video.mp4,"child speech, kid speaking"
video/dV9YwT62U_g_000030/video.mp4,people shuffling
video/wa7MW_cTrMw_000116/video.mp4,mynah bird singing
video/0FEd3Pd-ksw_000397/video.mp4,car engine starting
video/VE7k_K9kpsw_000096/video.mp4,bouncing on trampoline
video/FauOsBt_IFA_000160/video.mp4,people crowd
video/7pejUx-WH4g_000397/video.mp4,arc welding
video/I2bn465QJgI_000290/video.mp4,opening or closing drawers
video/HFi-z3dCVZE_000000/video.mp4,playing trumpet
video/z5-LFayciG8_000247/video.mp4,air conditioning noise
video/jR-H47v1arg_000080/video.mp4,"pigeon, dove cooing"
video/q8Gkn9hvejY_000000/video.mp4,frog croaking
video/3sYnYraOuIo_000510/video.mp4,fireworks banging
video/Fsu8KjtWhPo_000003/video.mp4,cat caterwauling
video/ELvsokKcydM_000030/video.mp4,goat bleating
video/Dqv8aWzOgmo_000049/video.mp4,whale calling
video/Ex18Xwznj60_000030/video.mp4,playing steelpan
video/J75Aju6BsT8_000010/video.mp4,bird squawking
video/uA6Ycad4cLg_000173/video.mp4,blowtorch igniting
video/156q2w_ca1U_000030/video.mp4,female singing
video/8Nu6Tfgw-Dg_000368/video.mp4,footsteps on snow
video/9pfZ4sXXsE4_000330/video.mp4,chicken crowing
video/V2YcUPfFy6U_000335/video.mp4,hedge trimmer running
video/nwORnZ_cvMY_000010/video.mp4,warbler chirping
video/gpvYlHv1Ra4_000300/video.mp4,rapping
video/EuJh6cH3kcE_000030/video.mp4,horse clip-clop
video/BbNHWQrTu2o_000030/video.mp4,waterfall burbling
video/QTT0Cc70d5k_000048/video.mp4,playing harpsichord
video/SSe_TE8W2pE_000025/video.mp4,hammering nails
video/GnmgSQq6E54_000180/video.mp4,"male speech, man speaking"
video/QBjKntYuUIk_000030/video.mp4,lions roaring
video/DVuWm53IlVw_000030/video.mp4,playing acoustic guitar
video/gwAP-vfQyRU_000006/video.mp4,fire truck siren
video/MASDK7lg0w4_000010/video.mp4,mouse pattering
video/GzQqeK3gL50_000472/video.mp4,hedge trimmer running
video/B9wRwZkoFvY_000038/video.mp4,telephone bell ringing
video/TrvI6t4pAP0_000030/video.mp4,rapping
video/K-PitCewkDg_000068/video.mp4,cheetah chirrup
video/XH0XU_cI7F4_000118/video.mp4,eletric blender running
video/U1Me-1aACSg_000328/video.mp4,striking bowling
video/y2J_kErcaDI_000245/video.mp4,wood thrush calling
video/-DwwSHC2jLs_000102/video.mp4,playing double bass
video/Olfg9KK_bmE_000011/video.mp4,cricket chirping
video/CkaCgJWCpdM_000030/video.mp4,horse neighing
video/i1sPuDZLhwo_000003/video.mp4,striking bowling
video/HO7EiiblQe4_000030/video.mp4,playing bagpipes
video/GyHmkrrU0ZM_000125/video.mp4,beat boxing
video/653FkiYMhqU_000151/video.mp4,foghorn
video/tztf_jChPD0_000071/video.mp4,mynah bird singing
video/H5XxUukegis_000002/video.mp4,coyote howling
video/RplzKlSlbR0_000035/video.mp4,people booing
video/LbWDdMprV5k_000113/video.mp4,chicken clucking
video/67rx_-m3NaE_000153/video.mp4,forging swords
video/-gAzofSmRiY_000021/video.mp4,people eating
video/B8cX1eozARk_000260/video.mp4,typing on computer keyboard
video/hs4z6xnkvbQ_000030/video.mp4,people sniggering
video/SdYcF6eaVhI_000010/video.mp4,wind chime
video/T8Vq2711kQU_000572/video.mp4,striking bowling
video/AdSFXgF4OVg_000054/video.mp4,sea lion barking
video/CWctSkH4jR0_000078/video.mp4,car engine idling
video/zbiJEml563w_000030/video.mp4,police car (siren)
video/UfkehxAd_M4_000040/video.mp4,people babbling
video/7OyCsvavJNA_000040/video.mp4,cap gun shooting
video/Bpw53tN6h8E_000030/video.mp4,singing bowl
video/2v1rSA4FqlM_000100/video.mp4,pumping water
video/T-3hHhrPBeg_000087/video.mp4,chimpanzee pant-hooting
video/zY_gApMrhb0_000084/video.mp4,tap dancing
video/JedVdAUc6ic_000077/video.mp4,playing hockey
video/GrzDev6lW0Q_000041/video.mp4,canary calling
video/iYBjjt6HwPM_000066/video.mp4,sea waves
video/RrZHOh77F3Q_000042/video.mp4,child singing
video/1YxcifClvo0_000016/video.mp4,"pigeon, dove cooing"
video/ix_36tARBAY_000719/video.mp4,scuba diving
video/DBh-oPTYJ7M_000039/video.mp4,chopping food
video/asoU_mVzI1g_000006/video.mp4,cuckoo bird calling
video/0oTdsarJHA4_000220/video.mp4,playing trombone
video/Yp1cJbxf178_000030/video.mp4,church bell ringing
video/-NRx0SBMjo0_000024/video.mp4,pumping water
video/snOVG0lAgkQ_000470/video.mp4,eating with cutlery
video/0QSPtpp1HN8_000030/video.mp4,playing hammond organ
video/K2bRcQYebN4_000004/video.mp4,magpie calling
video/Jy9BwUEB994_000014/video.mp4,zebra braying
video/6qtIvxTeL1c_000030/video.mp4,wind rustling leaves
video/CwjSkhMXLNg_000152/video.mp4,metronome
video/DNDz_sjBBY0_000230/video.mp4,lawn mowing
video/VaqR7OOMHSM_000033/video.mp4,cat hissing
video/g8E6gteawKY_000030/video.mp4,people shuffling
video/Xl0b68oaD9E_000546/video.mp4,cutting hair with electric trimmers
video/4hYiaSYueCE_000060/video.mp4,playing cornet
video/eB0kQ_zYdHc_000180/video.mp4,vacuum cleaner cleaning floors
video/mxQ37FEFLKY_000030/video.mp4,people whispering
video/PkDHPoMjvJ8_000030/video.mp4,bird squawking
video/qfhr7pKsEag_000030/video.mp4,owl hooting
video/nPszP0u7qdg_000021/video.mp4,cell phone buzzing
video/XyT6JsD0o88_000020/video.mp4,printer printing
video/iZmW9EYzHhI_000030/video.mp4,pig oinking
video/SJVuopldMyU_000030/video.mp4,"bird chirping, tweeting"
video/wgIE51p26u8_000021/video.mp4,elk bugling
video/1g6sdWOc9k4_000510/video.mp4,stream burbling
video/q5h5ldceqqs_000053/video.mp4,hail
video/h3RdxdQEv4U_000085/video.mp4,playing lacrosse
video/XwfxT99WlZE_000015/video.mp4,playing bongo
video/7W1XzijtwyM_000030/video.mp4,playing bagpipes
video/8iYLKlaHuLI_000242/video.mp4,eagle screaming
video/GO_1gBjIR1c_000030/video.mp4,helicopter
video/3nQ-LsDU9_M_000157/video.mp4,playing snare drum
video/MV1qOqhaLXk_000016/video.mp4,playing table tennis
video/---g-f_I2yQ_000001/video.mp4,people marching
video/qhvy5UeP_fk_000035/video.mp4,chipmunk chirping
video/9JAatGaveSc_000035/video.mp4,eagle screaming
video/ckNV5Oos3ac_000109/video.mp4,playing darts
video/HwaeZS9P6GI_000180/video.mp4,"rowboat, canoe, kayak rowing"
video/05GsUEyThd8_000013/video.mp4,parrot talking
video/oxS8-HPkWmA_000013/video.mp4,dinosaurs bellowing
video/3w4nFQrUQ8k_000020/video.mp4,playing timpani
video/Ct9ltnuEPvc_000038/video.mp4,playing washboard
video/4O-dYCrVKLY_000030/video.mp4,typing on computer keyboard
video/GQPPtMdnCFA_000007/video.mp4,eagle screaming
video/ck13el7VmW8_000009/video.mp4,sea waves
video/MM78BP5nkUs_000417/video.mp4,lip smacking
video/TK2lPYfkG-8_000030/video.mp4,people running
video/7H7l7lfs6JQ_000000/video.mp4,cuckoo bird calling
video/OQNPx5C94KY_000030/video.mp4,playing tabla
video/ixscoaWEEnQ_000104/video.mp4,people eating crisps
video/tAs0wdIydrI_000006/video.mp4,people giggling
video/5MW1RDdc7yI_000752/video.mp4,playing hockey
video/Qf_pIwRdTVM_000074/video.mp4,barn swallow calling
video/Q93n3dvaaTI_000130/video.mp4,orchestra
video/ZwAplWOatRo_000020/video.mp4,people nose blowing
video/UFSp546472I_000010/video.mp4,people hiccup
video/O9M7RtFP_-Y_000010/video.mp4,playing glockenspiel
video/SX6g8rItq3k_000044/video.mp4,fox barking
video/b2kGVB2Pz0Y_000249/video.mp4,parrot talking
video/afhXA-Gsc0M_000156/video.mp4,"donkey, ass braying"
video/OrYHuCwfvb4_000000/video.mp4,playing cymbal
video/xXGIKM4daMU_000030/video.mp4,driving motorcycle
video/FoUk5_00P9o_000003/video.mp4,forging swords
video/m1GaYAKcH9g_000050/video.mp4,police car (siren)
video/W__drEPwHrg_000031/video.mp4,civil defense siren
video/mfPRLpelDuQ_000190/video.mp4,thunder
video/JorNR3IXDyc_000060/video.mp4,"playing marimba, xylophone"
video/XThVaU58XXc_000140/video.mp4,singing choir
video/67LwMQTrdI4_000280/video.mp4,"child speech, kid speaking"
video/JLfbuuIi720_000006/video.mp4,people sneezing
video/Ar5_nY1UZ80_000030/video.mp4,singing choir
video/OzvDaM8huEM_000273/video.mp4,playing tuning fork
video/LYHxPsVC2i8_000051/video.mp4,airplane
video/uwH37lkK6OQ_000278/video.mp4,otter growling
video/fzFpEjzWgSI_000296/video.mp4,train whistling
video/UWz5OIijWM4_000030/video.mp4,driving motorcycle
video/RzheyPWA3fA_000030/video.mp4,fire crackling
video/LRlrFudaEs8_000000/video.mp4,"bee, wasp, etc. buzzing"
video/L9nIN8KrWfQ_000075/video.mp4,opening or closing car electric windows
video/qxnBcZ0CETg_000171/video.mp4,airplane
video/MNEuyIAtj3U_000172/video.mp4,cow lowing
video/uLh3QMVr7og_000021/video.mp4,chopping food
video/Rq49v4oJvcE_000033/video.mp4,people slapping
video/sQ3NiBJoqtc_000112/video.mp4,playing shofar
video/BZnklP9nY_8_000002/video.mp4,pumping water
video/HO_dmqI-nmw_000152/video.mp4,ice cracking
video/aTY-qvtDbrc_000024/video.mp4,playing castanets
video/58JwiVM8bYM_000030/video.mp4,duck quacking
video/UmGzdua2Ayc_000014/video.mp4,people belly laughing
video/wDg2v3NuCoQ_000075/video.mp4,hedge trimmer running
video/BZ9I6UN9skY_000063/video.mp4,zebra braying
video/hZ4oCZEjcWE_000129/video.mp4,playing tympani
video/QHeMFfKpBao_000141/video.mp4,smoke detector beeping
video/c5Il2Mx1Wrw_000280/video.mp4,people running
video/1l_ZPzVPQbQ_000030/video.mp4,frog croaking
video/Js_3Aa214xY_000030/video.mp4,playing timpani
video/303_1KAU7h4_000380/video.mp4,eating with cutlery
video/ep3YzMOiU6A_001217/video.mp4,golf driving
video/OVhPqvG0ezA_000040/video.mp4,people clapping
video/O_U-MQcTimM_000100/video.mp4,splashing water
video/-AIzKe9X0hA_000006/video.mp4,strike lighter
video/9z5fd1F20sw_000024/video.mp4,people eating crisps
video/MxSoqiN92v0_000134/video.mp4,elephant trumpeting
video/Qbo3Xrn8Ezk_000023/video.mp4,eagle screaming
video/aBbdPO4U7Cc_000030/video.mp4,fire crackling
video/S-97VTLvW80_000001/video.mp4,air horn
video/9ofZp-R3BlY_000021/video.mp4,squishing water
video/PfTeqgGPlSI_000297/video.mp4,playing bugle
video/BNxowL6utbQ_000030/video.mp4,playing harp
video/yHAWE1IiJoM_000020/video.mp4,baby babbling
video/hBQFoDI3NMI_000030/video.mp4,tapping guitar
video/y8Yv4pnO7qc_000030/video.mp4,playing trombone
video/g0vwHQf1lO0_000006/video.mp4,wood thrush calling
video/Np8xWk-a7a8_000008/video.mp4,people booing
video/UZidCXq6gmw_000006/video.mp4,electric grinder grinding
video/yPou7kokTgA_000030/video.mp4,playing sitar
video/kKihNQ44dDQ_000100/video.mp4,playing bass guitar
video/7rMhrFb-DsE_000183/video.mp4,blowtorch igniting
video/bA8mt0JI0Ko_000030/video.mp4,police car (siren)
video/V0iF61-c6e0_000072/video.mp4,cheetah chirrup
video/6JFxZfN77nY_000250/video.mp4,singing choir
video/BiEt6Hc62go_000000/video.mp4,crow cawing
video/9xV0nmojVeg_000030/video.mp4,playing acoustic guitar
video/J5q9wLnXFh8_000206/video.mp4,playing bongo
video/JOBCeJmvU5c_000348/video.mp4,penguins braying
video/l5O87Umi7DI_000210/video.mp4,playing bass guitar
video/AYvYTvCG0Cw_000004/video.mp4,door slamming
video/a4z3zx-FtZU_000000/video.mp4,frog croaking
video/tkq3HREJFi8_000071/video.mp4,playing trumpet
video/oNrtgNcQfas_000069/video.mp4,playing tuning fork
video/GR5pgZNfU1U_000014/video.mp4,police car (siren)
video/5RhulB6JTdA_000008/video.mp4,police car (siren)
video/wuIdKobdk7g_000142/video.mp4,playing bass drum
video/suOQl_OthBI_000173/video.mp4,baby laughter
video/hrctp_88BjU_000000/video.mp4,strike lighter
video/PGNL08Ak-2s_000077/video.mp4,train horning
video/Jn7YGXtn09s_000322/video.mp4,airplane
video/dMS5TJzMTfs_000081/video.mp4,people giggling
video/Q4cVLAbRVDc_000045/video.mp4,wind chime
video/vfkjyOzEKyQ_000066/video.mp4,woodpecker pecking tree
video/KumYcZVLOVU_000210/video.mp4,"railroad car, train wagon"
video/C2Qj2zgfKaM_000233/video.mp4,playing guiro
video/aN4VaaPbptE_000137/video.mp4,car engine idling
video/RDnrb0xSkrs_000070/video.mp4,vacuum cleaner cleaning floors
video/6Kn4bXCPvaA_000083/video.mp4,cat caterwauling
video/hyNm8rXY2-g_000104/video.mp4,"alligators, crocodiles hissing"
video/Y5ZGlOUUcs8_000290/video.mp4,bird wings flapping
video/X7RMG1-Srp8_000087/video.mp4,playing table tennis
video/urZASbmHOO8_000130/video.mp4,machine gun shooting
video/B_u3wI-rQIk_000006/video.mp4,penguins braying
video/N-6HKjQwPTo_000030/video.mp4,ambulance siren
video/RoKx3X5tdV8_000000/video.mp4,skiing
video/22gk62Sijnc_000300/video.mp4,people farting
video/cONmLYsDHl0_000018/video.mp4,people marching
video/mQnxi53vVpI_000010/video.mp4,playing zither
video/jxC-0T5lXw4_000250/video.mp4,using sewing machines
video/BRhvg3c0Jq4_000030/video.mp4,playing acoustic guitar
video/ChBwdyjZAJI_000030/video.mp4,chicken crowing
video/Qj6KhQfpjOo_000140/video.mp4,playing clarinet
video/Uw8xdpugGNc_000060/video.mp4,opening or closing car electric windows
video/qPsoKSYzuyo_000010/video.mp4,splashing water
video/HS28EUWt8dE_000110/video.mp4,people screaming
video/PovPsoVl7hw_000045/video.mp4,fox barking
video/9nsLTLNvOSw_000150/video.mp4,helicopter
video/VFCB7xV6chI_000110/video.mp4,pumping water
video/F64o_ttsAfI_000025/video.mp4,opening or closing car electric windows
video/YkTTlw86Yqw_000049/video.mp4,tornado roaring
video/CkUHXjbrlN4_000090/video.mp4,baby babbling
video/xZ8hQliZqhg_000320/video.mp4,police car (siren)
video/ymsvz9dPbog_000116/video.mp4,playing washboard
video/wMfSmB7V8ag_000080/video.mp4,playing harmonica
video/h1LxMPb7WD8_000085/video.mp4,playing castanets
video/JrPXRMnZWH4_000117/video.mp4,popping popcorn
video/bjSuO7h7YTQ_000041/video.mp4,missile launch
video/9y2BI6yaNkA_000114/video.mp4,smoke detector beeping
video/mKjScDN29fY_000131/video.mp4,strike lighter
video/HvzbM3aqbEA_000096/video.mp4,arc welding
video/8zkxGLEdFbQ_000030/video.mp4,printer printing
video/OwkOp5fVJK4_000470/video.mp4,wind noise
video/-T2MO0xBNwM_000026/video.mp4,"motorboat, speedboat acceleration"
video/bWZO5eziPnU_000042/video.mp4,cupboard opening or closing
video/lKTKLkLPwmI_000009/video.mp4,underwater bubbling
video/D3FV0JAngZ4_000210/video.mp4,playing acoustic guitar
video/CZilvdWN8PI_000079/video.mp4,planing timber
video/Y4Qhe9KnnEI_000030/video.mp4,mouse squeaking
video/Po2kalrDi-w_000055/video.mp4,barn swallow calling
video/ZZzjG_Gd9t0_000056/video.mp4,people battle cry
video/Rn0JiZUTcv0_000078/video.mp4,zebra braying
video/PaQGXIh94uc_000150/video.mp4,playing ukulele
video/a0eHEkDQ7YI_000030/video.mp4,people eating
video/RuCO6UGsRHI_000313/video.mp4,barn swallow calling
video/I0jA3pAj5VI_000027/video.mp4,plastic bottle crushing
video/6_WjTR_-4hQ_000030/video.mp4,playing french horn
video/pvoVuY82-Gc_000002/video.mp4,people eating crisps
video/67DQFDloDxU_000125/video.mp4,cupboard opening or closing
video/IlN12VWPl5o_000040/video.mp4,people sneezing
video/X91RLYNmC70_000088/video.mp4,cat caterwauling
video/Z2LG4gxn_j4_000170/video.mp4,people screaming
video/qjHwmaKkMUc_000018/video.mp4,mouse clicking
video/IzmlHf6JXFI_000000/video.mp4,horse neighing
video/lUIqPVoadK0_000090/video.mp4,eating with cutlery
video/KY7vlwsv2ls_000320/video.mp4,swimming
video/76MsQb4HVxw_000019/video.mp4,strike lighter
video/hyTMCEAHleQ_000245/video.mp4,metronome
video/I2TVTrAxvnU_000270/video.mp4,lighting firecrackers
video/AK_xkz5nfIM_000089/video.mp4,lip smacking
video/kW_dSjvD3fg_000003/video.mp4,people shuffling
video/CWMLP1OHIW8_000030/video.mp4,people sneezing
video/PkPplRX9rJc_000067/video.mp4,train whistling
video/WgllfeO855E_000147/video.mp4,playing congas
video/Fh53p0Tnnxg_000130/video.mp4,playing sitar
video/6uB3h15H90k_000102/video.mp4,air conditioning noise
video/Q_yoAT1Z3Yw_000022/video.mp4,fire truck siren
video/dZEigzNRtB0_000030/video.mp4,frog croaking
video/ILIh--LeKHI_000275/video.mp4,chimpanzee pant-hooting
video/-_umX4zgLVY_000028/video.mp4,lions growling
video/bZadyuv2utE_000080/video.mp4,cat purring
video/uH56Q1Cn8vs_000028/video.mp4,snake hissing
video/7R8QaecvJzA_000030/video.mp4,stream burbling
video/AFACjpDiMSQ_000041/video.mp4,chipmunk chirping
video/gaZ7NCQwmlE_000000/video.mp4,playing piano
video/yJoELHadsvo_000030/video.mp4,people sniggering
video/qdu05u6zpOM_000535/video.mp4,barn swallow calling
video/0O463Ft4mVY_000080/video.mp4,skiing
video/kQbPRaBLQRA_000158/video.mp4,firing muskets
video/HCVBXcpBIU0_000199/video.mp4,playing lacrosse
video/e4RCfcPk5Ck_000196/video.mp4,playing glockenspiel
video/CPVPmzfWJhQ_000020/video.mp4,playing tympani
video/tPtXIGJ6yOY_000150/video.mp4,people running
video/yOq3d33TSic_000240/video.mp4,wind noise
video/1xZESfMpi9Q_000156/video.mp4,playing badminton
video/_8HcEdMMbzQ_000130/video.mp4,people burping
video/Hsink5tWkmI_000030/video.mp4,wind rustling leaves
video/HPfBYRU8tVM_000030/video.mp4,"female speech, woman speaking"
video/wq2BsXHkz4E_000378/video.mp4,playing djembe
video/XHukxF8iWE0_000400/video.mp4,waterfall burbling
video/CGeBwiyrrl8_000010/video.mp4,playing gong
video/hG8odscqlfI_000490/video.mp4,wind noise
video/dGD-Y3XEHgI_000010/video.mp4,playing tambourine
video/mg6Gg4StHH0_000531/video.mp4,lip smacking
video/dnjPwzmnCbk_000293/video.mp4,black capped chickadee calling
video/ikJKSqnTylI_000070/video.mp4,playing piano
video/O7NejftNvmc_000441/video.mp4,opening or closing car doors
video/e4ttSpHfJ1Y_000020/video.mp4,goose honking
video/GRYlCz5MWyo_000030/video.mp4,people sobbing
video/FDHKDDeamFw_000193/video.mp4,playing guiro
video/tXDtxe4ugzQ_000073/video.mp4,airplane flyby
video/4ZSad2HmTJE_000030/video.mp4,singing choir
video/eafQq2xOCB0_000030/video.mp4,playing flute
video/LLl-cqybths_000290/video.mp4,car engine idling
video/Eh1m3vCCGdA_000030/video.mp4,playing cello
video/jxHGWVlnSUI_000108/video.mp4,whale calling
video/fxRqbj5xiRg_000029/video.mp4,playing tympani
video/wSCbYNNeBhc_000050/video.mp4,mosquito buzzing
video/CqU0IKskISI_000605/video.mp4,playing lacrosse
video/lf_8Pp5QDng_000001/video.mp4,"race car, auto racing"
video/-2RPPODqLy4_000030/video.mp4,tapping guitar
video/CEwHH4Q_Nec_000133/video.mp4,running electric fan
video/moZ49NEGqfk_000310/video.mp4,lawn mowing
video/GLIXnXZEOxY_000090/video.mp4,female singing
video/6atIX2_dL2E_000460/video.mp4,pumping water
video/JU7451I9418_000030/video.mp4,playing bass guitar
video/9dU2y2b_LBg_000380/video.mp4,"bee, wasp, etc. buzzing"
video/Mk6PkNfg_vE_000039/video.mp4,ferret dooking
video/EySx4ckh0zk_000281/video.mp4,cutting hair with electric trimmers
video/RS8hMORLDPE_000091/video.mp4,playing shofar
video/mvIfkvitKyY_000008/video.mp4,zebra braying
video/b9_0h4gfccw_000000/video.mp4,waterfall burbling
video/0vXqf9ix8LE_000030/video.mp4,cricket chirping
video/dQcXyoJFASE_000308/video.mp4,playing lacrosse
video/W_1zSnubvSM_000100/video.mp4,playing electronic organ
video/B1lJMSWZ9k0_000067/video.mp4,air conditioning noise
video/3T7FYQRx0YM_000033/video.mp4,"donkey, ass braying"
video/bV7Vr3sUq_s_000078/video.mp4,cutting hair with electric trimmers
video/MOEE9uo6MCk_000020/video.mp4,toilet flushing
video/KO79WAx6G6M_000020/video.mp4,missile launch
video/3Oa4oE3bQTY_000510/video.mp4,playing harp
video/5xhx2ac0u7c_000054/video.mp4,"fly, housefly buzzing"
video/EYCreC_kg5o_000030/video.mp4,playing tabla
video/SQKCDQrAKho_000020/video.mp4,squishing water
video/PhUc6A59RpA_000070/video.mp4,mouse pattering
video/UoSID1KzWuI_000030/video.mp4,playing acoustic guitar
video/jVbT8XQkJx8_000094/video.mp4,playing oboe
video/f6-paReA_xk_000030/video.mp4,people whispering
video/5b_wMMwPlbY_000110/video.mp4,eating with cutlery
video/LGrpsZ7BsQA_000030/video.mp4,duck quacking
video/7CRVoUCXg_A_000030/video.mp4,cat caterwauling
video/1KpvQAM14Ic_000030/video.mp4,waterfall burbling
video/pQsPEY4MjWk_000026/video.mp4,zebra braying
video/u7eeBFLqfoM_000180/video.mp4,woodpecker pecking tree
video/4wozMD0enDU_000000/video.mp4,otter growling
video/RXSyVeHp2yA_000000/video.mp4,cap gun shooting
video/bnjo2Bx3_RE_000071/video.mp4,people humming
video/BOgYLyIbVN8_000031/video.mp4,dog growling
video/idmwtF7qPLI_000176/video.mp4,parrot talking
video/pJOOABIxqKc_000010/video.mp4,firing muskets
video/Fz2VI-6exXU_000030/video.mp4,mouse squeaking
video/7y9hIjH_7do_000090/video.mp4,playing cello
video/IwqNzs5BSvs_000046/video.mp4,fox barking
video/yInXc5FJNyc_000129/video.mp4,train wheels squealing
video/nWld0wzTZ7E_000112/video.mp4,shot football
video/Yd10enP9ykM_000030/video.mp4,car passing by
video/Wjsr6wo2cRg_000002/video.mp4,cheetah chirrup
video/Fz1SAYd7js0_000030/video.mp4,thunder
video/PHrIb6nPmN8_000106/video.mp4,striking pool
video/dBl76lmp-d0_000035/video.mp4,dog growling
video/BITOpJi3deA_000000/video.mp4,people farting
video/p32OC97aNqc_000030/video.mp4,baby laughter
video/ipxCuhWJ3oA_000003/video.mp4,chinchilla barking
video/4k74Cvw2rLU_000160/video.mp4,bird squawking
video/1hwkxJOl1PY_000020/video.mp4,lions roaring
video/ABH4iCT5Iik_000030/video.mp4,singing choir
video/-vg8ttgP32I_000018/video.mp4,car passing by
video/QZvynGXvyF0_000400/video.mp4,"heart sounds, heartbeat"
video/vg92QEL4w4I_000419/video.mp4,"male speech, man speaking"
video/JJGG0i1B0e0_000334/video.mp4,playing timbales
video/4euUZgSSuIw_000160/video.mp4,woodpecker pecking tree
video/ZJ9JzDLeGt4_000020/video.mp4,people farting
video/UOGGfgBN2GM_000223/video.mp4,spraying water
video/Ee0nZzMkNXk_000230/video.mp4,train horning
video/ivmTP1YxO4k_000328/video.mp4,playing drum kit
video/RoS465ZH1lg_000013/video.mp4,cat hissing
video/bWKYTH7OYXk_000220/video.mp4,waterfall burbling
video/Ah-IBgwj2lg_000030/video.mp4,owl hooting
video/yUpun1Ionv0_000140/video.mp4,police radio chatter
video/_s_DXYISn9A_000050/video.mp4,underwater bubbling
video/RYOFMl2EMw0_000040/video.mp4,cheetah chirrup
video/96FT-jZp4pM_000015/video.mp4,ferret dooking
video/qUF0F6LYq08_000522/video.mp4,woodpecker pecking tree
video/NsUPB1V0c50_000099/video.mp4,arc welding
video/dMW3YcQPPhk_000412/video.mp4,people eating crisps
video/eayGg2OlHOw_000010/video.mp4,playing piano
video/4-uPbaefZGs_000010/video.mp4,lathe spinning
video/GncE9WEyD98_000023/video.mp4,horse clip-clop
video/_kQviNsfsLs_000030/video.mp4,wind rustling leaves
video/mZuhtrwOS7Q_000020/video.mp4,people burping
video/dbunjNOhz2w_000210/video.mp4,eating with cutlery
video/zUxqWMvjKBw_000010/video.mp4,driving snowmobile
video/tISWNV_n32g_000070/video.mp4,hair dryer drying
video/sVF7Q_IwoWY_000330/video.mp4,"race car, auto racing"
video/DoT_HlcSeck_000030/video.mp4,playing electronic organ
video/5ott6Y1gZcY_000218/video.mp4,people cheering
video/bjb7QtMEBUg_000283/video.mp4,tornado roaring
video/MzK0doyIM70_000500/video.mp4,"vehicle horn, car horn, honking"
video/wurnc8yDd70_000037/video.mp4,scuba diving
video/Y0zPnwGCSw0_000014/video.mp4,fox barking
video/_h_0T05F0aI_000590/video.mp4,typing on computer keyboard
video/4dxdVV1SuvI_000068/video.mp4,police radio chatter
video/87tCTDAXZto_000050/video.mp4,cattle mooing
video/WO7xbZEsKvc_000131/video.mp4,playing hockey
video/0xDlT_u31fg_000030/video.mp4,fire truck siren
video/L6QtigLJD_4_000030/video.mp4,fireworks banging
video/8Hihg-qGns0_000007/video.mp4,francolin calling
video/kmMPfIR46aI_000123/video.mp4,writing on blackboard with chalk
video/cIS8PcMk0Uw_000030/video.mp4,waterfall burbling
video/iydCIDl-O-I_000054/video.mp4,arc welding
video/BzuyMFBB_3Q_000515/video.mp4,playing cornet
video/JuJRUieMZL0_000010/video.mp4,car engine knocking
video/8aLFtBwGEJ0_000001/video.mp4,"playing violin, fiddle"
video/tx4grOi8G5Q_000041/video.mp4,civil defense siren
video/2W4dw8XuetE_000050/video.mp4,"rowboat, canoe, kayak rowing"
video/oXiGISLYBrM_000022/video.mp4,metronome
video/XUCh79kkapE_000049/video.mp4,penguins braying
video/E6NTp_ppAAM_000015/video.mp4,playing bassoon
video/1B0VJf7jRDg_000313/video.mp4,people slurping
video/pxEmmUYLHrE_000030/video.mp4,playing mandolin
video/SQkoFk_gnE8_000005/video.mp4,air horn
video/r_h19mlagUE_000042/video.mp4,opening or closing car doors
video/BlhUt8AJJO8_000030/video.mp4,skateboarding
video/sgkwq9a7mgU_000000/video.mp4,toilet flushing
video/Yqmt8VsIkPY_000038/video.mp4,people battle cry
video/fkGPfJmuElE_000052/video.mp4,playing glockenspiel
video/UJktGRbJvE8_000030/video.mp4,people shuffling
video/dQv6_xbhRss_000110/video.mp4,disc scratching
video/o7UGDvP1lhk_000563/video.mp4,planing timber
video/k8nX_e6MK9w_000067/video.mp4,playing badminton
video/erG2r5iafsQ_000340/video.mp4,playing tuning fork
video/CXfxDP-UyiE_000030/video.mp4,people whistling
video/BAekfGvUtFM_000030/video.mp4,"engine accelerating, revving, vroom"
video/DHoVXJe-MXY_000729/video.mp4,playing glockenspiel
video/1JsIcP2nXMw_000108/video.mp4,fox barking
video/j_3a7mRGOiE_000054/video.mp4,"fly, housefly buzzing"
video/MnGVz1Xu4L4_000046/video.mp4,train wheels squealing
video/1QBsc_IXg8U_000750/video.mp4,tornado roaring
video/rqFPtPKpnpo_000011/video.mp4,children shouting
video/QYYfs7ehzuc_000126/video.mp4,playing lacrosse
video/cADT8fUucLQ_000030/video.mp4,rapping
video/_-W48cCMzXU_000102/video.mp4,baltimore oriole calling
video/2C4aXzGI2eI_000415/video.mp4,fireworks banging
video/WQsKbvPqNLk_000290/video.mp4,playing piano
video/TkrtTUPxHNI_000030/video.mp4,playing harpsichord
video/1uLkSMHxvZY_000440/video.mp4,playing zither
video/3BvkcvjuhIQ_000289/video.mp4,people eating crisps
video/DUsivUkD3ik_000004/video.mp4,"rowboat, canoe, kayak rowing"
video/_bIE0Cnyaf4_000056/video.mp4,snake hissing
video/NmjotvipT-w_000010/video.mp4,raining
video/aaWs--ahZUg_000010/video.mp4,playing electronic organ
video/R3pvaAhMWzM_000350/video.mp4,singing bowl
video/B7WXCogPmmg_000135/video.mp4,playing drum kit
video/TRW3OqA1cXE_000030/video.mp4,playing clarinet
video/GWvFDXjp9lU_000140/video.mp4,"bee, wasp, etc. buzzing"
video/mCJ0aqIygWE_000024/video.mp4,reversing beeps
video/rTyQuGidCBU_000040/video.mp4,airplane flyby
video/NWSPfogY_Ms_000570/video.mp4,playing cymbal
video/KYJrBYZ_EJI_000066/video.mp4,rope skipping
video/FF2bhR7s3VY_000030/video.mp4,waterfall burbling
video/H692PyayBt4_000000/video.mp4,playing bagpipes
video/HC4f5gUkLME_000171/video.mp4,playing mandolin
video/VG6-MlmCgzI_000030/video.mp4,playing sitar
video/UbPJ8MIGZNA_000000/video.mp4,fireworks banging
video/kVuG_F3qCuY_000176/video.mp4,"playing steel guitar, slide guitar"
video/u30_ujm5wPk_000191/video.mp4,metronome
video/lsY8RejLczg_000176/video.mp4,slot machine
video/cJCRYyTgscg_000200/video.mp4,waterfall burbling
video/DcMUa81JfBE_000032/video.mp4,dog baying
video/_s2eifpL3pM_000080/video.mp4,raining
video/g_p6sqfaXHM_000110/video.mp4,"bird chirping, tweeting"
video/Qs4_YEwDSxI_000219/video.mp4,coyote howling
video/VUosI4YQook_000030/video.mp4,"rowboat, canoe, kayak rowing"
video/pMWFhplFSEQ_000000/video.mp4,playing vibraphone
video/IwqNzs5BSvs_000035/video.mp4,fox barking
video/2zSnJX82Uzc_000060/video.mp4,sloshing water
video/29MZ0dwOBOM_000112/video.mp4,hedge trimmer running
video/TqWhTzMtNyw_000133/video.mp4,playing bass drum
video/j1PrEuMq-_M_000000/video.mp4,typing on typewriter
video/9u9Zgbbngkg_000030/video.mp4,"bird chirping, tweeting"
video/AQ3TnlK8dS8_000584/video.mp4,forging swords
video/8HbSCdmDTbk_000000/video.mp4,frog croaking
video/EqfXm8FwFe0_000009/video.mp4,"rowboat, canoe, kayak rowing"
video/8rmoYAfr0t8_000010/video.mp4,car passing by
video/mfJ5bk_gGTU_000050/video.mp4,mosquito buzzing
video/QnUf5DDKp8s_000050/video.mp4,"bee, wasp, etc. buzzing"
video/rREf2jL0jQs_000010/video.mp4,playing snare drum
video/4K88ptVpPn8_000145/video.mp4,playing bugle
video/Vr2EzXVNb_s_000041/video.mp4,playing bassoon
video/5cLSNZnswP0_000072/video.mp4,sloshing water
video/cQjxonV53eo_000022/video.mp4,coyote howling
video/fFX04tOPv8s_000000/video.mp4,dog whimpering
video/4Psj5jYa7a4_000020/video.mp4,playing didgeridoo
video/Yw2J83Z13Eg_000111/video.mp4,child singing
video/5QNq0IEPICQ_000030/video.mp4,people screaming
video/oZQZfGA690I_000379/video.mp4,firing muskets
video/BN4k3mnJteo_000000/video.mp4,playing flute
video/6bBQ3pd0YU8_000048/video.mp4,tap dancing
video/uGog-Ck0ZaU_000015/video.mp4,air horn
video/RPMicSPIAlg_000030/video.mp4,"female speech, woman speaking"
video/OLRKXIQi9z4_000023/video.mp4,people giggling
video/466XkuormNQ_000030/video.mp4,playing harpsichord
video/BKE_Z-iGErM_000041/video.mp4,"electric shaver, electric razor shaving"
video/FVpLUGcFLTY_000290/video.mp4,people crowd
video/dvUScIfbsOY_000051/video.mp4,cow lowing
video/U_mxX7h_I_4_000000/video.mp4,sea waves
video/jE8MWTGaM7U_000030/video.mp4,volcano explosion
video/nmNgFcyQoRk_000000/video.mp4,lawn mowing
video/y_H-GefPyUY_000350/video.mp4,whale calling
video/UH1uFyuicWw_000064/video.mp4,chopping food
video/abJO0t2--NI_000083/video.mp4,black capped chickadee calling
video/Xv2rA3jKgEA_000080/video.mp4,barn swallow calling
video/1HswRpBt6mI_000083/video.mp4,playing tympani
video/cQFhIYk_dKY_000281/video.mp4,opening or closing car electric windows
video/DxqGhpqu2z4_000116/video.mp4,tapping guitar
video/Db8Frl5inQM_001062/video.mp4,"heart sounds, heartbeat"
video/Ih0xy7tt2JY_000030/video.mp4,helicopter
video/Mr2kGT6i7e4_000020/video.mp4,dog howling
video/wnQskk_yWkI_000011/video.mp4,owl hooting
video/lJ_ZO6SZrb8_000040/video.mp4,orchestra
video/TstsLM4IUV8_000128/video.mp4,"playing violin, fiddle"
video/gJydcG-d1cs_000000/video.mp4,playing flute
video/6F5vBsY9VZ8_000090/video.mp4,playing trumpet
video/Gn7-NxQCzok_000010/video.mp4,waterfall burbling
video/cE5Yihyqup4_000070/video.mp4,"male speech, man speaking"
video/Vi7kQhNcaOs_000114/video.mp4,chopping wood
video/wOzgCyoi9l8_000074/video.mp4,gibbon howling
video/l9ElMSuNwnI_000134/video.mp4,police radio chatter
video/C0j69NCIKfw_000100/video.mp4,chainsawing trees
video/2VjbDttFK44_000540/video.mp4,people finger snapping
video/-4pmCrSdMhg_000030/video.mp4,horse clip-clop
video/RvWxnLolEbo_000056/video.mp4,"heart sounds, heartbeat"
video/3gjFMkV2ucY_000030/video.mp4,playing accordion
video/VZJfkEet6EQ_000030/video.mp4,playing bass guitar
video/-oGJwGEsIiA_000090/video.mp4,splashing water
video/ZAIiPe5aFao_000127/video.mp4,woodpecker pecking tree
video/829gGkJX9dM_000109/video.mp4,dog growling
video/6KiFICzs6UI_000150/video.mp4,mynah bird singing
video/LfaD5iBSyL4_000053/video.mp4,golf driving
video/R6qqlyIDHfM_000006/video.mp4,people sneezing
video/8zcXuYEmXUE_000100/video.mp4,using sewing machines
video/BFEeNJkKx6g_000030/video.mp4,dog howling
video/j7Vej9AOKY0_000031/video.mp4,elephant trumpeting
video/b3vr1k3gAQE_000000/video.mp4,"bee, wasp, etc. buzzing"
video/hNL5kuYOnok_000119/video.mp4,car engine starting
video/WgllfeO855E_000109/video.mp4,playing congas
video/gyhxCxzvIps_000010/video.mp4,cat meowing
video/GAi7PmpjSww_000072/video.mp4,footsteps on snow
video/p023Q9yY0g0_000568/video.mp4,people booing
video/L3LCrJ-h6Uc_000130/video.mp4,people farting
video/PBqNpMpD76k_000170/video.mp4,playing steelpan
video/QWxrKBmwNw0_000030/video.mp4,typing on typewriter
video/uilGckGTlxE_000028/video.mp4,ferret dooking
video/IjvJou8tIXU_000030/video.mp4,playing harmonica
video/5AdvAAdZ8Xs_000570/video.mp4,tapping guitar
video/jIZvq9sRKvo_000041/video.mp4,sailing
video/_ULuhlMGq0s_000040/video.mp4,playing electronic organ
video/Nvy70GTLwbM_000051/video.mp4,airplane flyby
video/aKdPOb-VW7g_000437/video.mp4,"electric shaver, electric razor shaving"
video/9ZCHzzCh5nk_000030/video.mp4,playing cello
video/0439dMJj-FY_000030/video.mp4,thunder
video/JJFbs0sC8Hk_000540/video.mp4,stream burbling
video/pkLw94kshuQ_000326/video.mp4,playing snare drum
video/HgWQkH38LL4_000230/video.mp4,stream burbling
video/kHNWRR0hJ08_000022/video.mp4,chainsawing trees
video/sYq2wakwxa0_000030/video.mp4,cattle mooing
video/ME7TYB3B27o_000040/video.mp4,"cattle, bovinae cowbell"
video/2bEQQ35Wkdc_000031/video.mp4,penguins braying
video/U2b4s0B7nxw_000051/video.mp4,ferret dooking
video/L91DeeZZYnU_000042/video.mp4,people slapping
video/Kp3-Drt61_M_000011/video.mp4,people giggling
video/04zBqiZ6M4w_000179/video.mp4,playing castanets
video/phib36cTLiI_000062/video.mp4,elk bugling
video/dpeUDViV6oA_000043/video.mp4,people giggling
video/o7I9BknIZKY_000256/video.mp4,playing squash
video/rLDm254jtZA_000056/video.mp4,playing tennis
video/bmakSi9M2Ww_000220/video.mp4,"cattle, bovinae cowbell"
video/7AhpZQt1Ml0_000120/video.mp4,dog howling
video/2lM3im4QeIg_000030/video.mp4,people clapping
video/GwEpq_KxNyg_000000/video.mp4,air conditioning noise
video/F-Ly8CI7-Pc_000020/video.mp4,firing cannon
video/Au0x7cWDCV8_000380/video.mp4,stream burbling
video/1P5FFxXLSpY_000030/video.mp4,reversing beeps
video/2xBIHi3oqy4_000030/video.mp4,"female speech, woman speaking"
video/1F-jIu9oy6A_000060/video.mp4,splashing water
video/BGVT6ozn17E_000026/video.mp4,sea lion barking
video/uAcYglB_pRw_000390/video.mp4,bird wings flapping
video/zLl7cGw-8yA_000054/video.mp4,mouse clicking
video/HCC9JldRsNc_000000/video.mp4,basketball bounce
video/LXuw0i0_aCI_000040/video.mp4,people farting
video/SmtW2FlpPX4_000057/video.mp4,barn swallow calling
video/42v1BJvU4OA_000354/video.mp4,running electric fan
video/ziPit3oAWwo_000049/video.mp4,whale calling
video/JXbDyO4vRiE_000192/video.mp4,car engine idling
video/s7VWJZhC4SY_000022/video.mp4,blowtorch igniting
video/0dC1f6bdyr4_000142/video.mp4,yodelling
video/mOOx10X0iG4_000039/video.mp4,skiing
video/CMCtge02AnU_000260/video.mp4,playing hammond organ
video/nqj-gzVhkQY_000021/video.mp4,cattle mooing
video/Wy66AKdsN74_000742/video.mp4,squishing water
video/XdVvgmBei0c_000000/video.mp4,church bell ringing
video/fEuitN-94sg_000015/video.mp4,striking pool
video/KT-rYg9B_CM_000420/video.mp4,skateboarding
video/s0yM8kiMZLw_000000/video.mp4,mouse pattering
video/ZH5b3e8ivvM_000010/video.mp4,playing bagpipes
video/9e6oA02wk94_000020/video.mp4,singing bowl
video/il1s5HHLfI8_000152/video.mp4,slot machine
video/zKosdLJ5k3s_000000/video.mp4,barn swallow calling
video/ZyiDGq0qh2s_000030/video.mp4,dog barking
video/INdCGM4pQOs_000497/video.mp4,mynah bird singing
video/5x2orPz0jq0_000012/video.mp4,playing bugle
video/CJdr8iZw8rE_000277/video.mp4,firing muskets
video/_-2TnOBpZqw_000070/video.mp4,opening or closing car electric windows
video/kCy30T5bh74_000042/video.mp4,cutting hair with electric trimmers
video/lKkW2wWkSJE_000111/video.mp4,airplane
video/3NwKXCGLjAk_000030/video.mp4,people shuffling
video/2m2bdfsT_sk_000010/video.mp4,bird wings flapping
video/5v4HzXCGPIM_000000/video.mp4,people humming
video/IPYHy8k9Z34_000050/video.mp4,playing piano
video/6ASz7Pg5Hhw_000304/video.mp4,playing tympani
video/YgX85tZf1ts_000300/video.mp4,"playing marimba, xylophone"
video/LsCo2xiQd4I_000095/video.mp4,otter growling
video/kOHIIEOam_8_000000/video.mp4,roller coaster running
video/C0sSgrr5xrQ_000030/video.mp4,duck quacking
video/IwRCkBwF9NA_000380/video.mp4,orchestra
video/JIMJ7ewIoPA_000030/video.mp4,playing harmonica
video/GbJ84ESfKOs_000030/video.mp4,playing harmonica
video/5JkPsWsq3E8_000030/video.mp4,playing mandolin
video/bH_4hTLhZi4_000030/video.mp4,sliding door
video/Qbf924lc3CQ_000402/video.mp4,sharpen knife
video/Citws4f_LJw_000027/video.mp4,cat growling
video/7-COxzRtOEU_000030/video.mp4,toilet flushing
video/GzE2uJf5vb4_000129/video.mp4,car engine idling
video/3dCVZikS8Q4_000045/video.mp4,magpie calling
video/7VMWi8xm0NM_000020/video.mp4,gibbon howling
video/kqnxnbVbO5Q_000023/video.mp4,playing lacrosse
video/BWvKAcOV_co_000030/video.mp4,playing banjo
video/vg901mF2dl8_000000/video.mp4,train horning
video/DueBNdy7u9A_000212/video.mp4,mouse clicking
video/Pj2t-6P7dDQ_000030/video.mp4,pig oinking
video/IXTJfi5PUdk_000000/video.mp4,black capped chickadee calling
video/DcU6AzN7imA_000210/video.mp4,reversing beeps
video/oE2ei00EhWI_000110/video.mp4,snake hissing
video/KwoVfQeJmiE_000073/video.mp4,sharpen knife
video/woWw2_6KmN0_000004/video.mp4,gibbon howling
video/when3v7NVFk_000000/video.mp4,train horning
video/e0i5J6wbnwM_000392/video.mp4,squishing water
video/cVQsteRY8F4_000020/video.mp4,skidding
video/FwlNz4gc9s0_000030/video.mp4,people sniggering
video/Ms9NR9_hCuY_000038/video.mp4,playing bass drum
video/negr4U79PUE_000270/video.mp4,playing bass guitar
video/JFuARgBjOSk_000034/video.mp4,civil defense siren
video/kTizt7af0PE_000020/video.mp4,playing djembe
video/yjXeSP2y-Tw_000027/video.mp4,people giggling
video/JsaV64W-mZY_000030/video.mp4,singing bowl
video/b_hJemPlLbg_000173/video.mp4,smoke detector beeping
video/_cb_U_z_Ct0_000030/video.mp4,lawn mowing
video/WJVc82XgbZk_000014/video.mp4,woodpecker pecking tree
video/qnUax_XrBC8_000010/video.mp4,splashing water
video/8C4-ZFYWkcc_000102/video.mp4,wood thrush calling
video/InMGrulooKI_000030/video.mp4,pig oinking
video/3YI7HlxdMxQ_000208/video.mp4,barn swallow calling
video/gVW13w2fXh8_000030/video.mp4,"female speech, woman speaking"
video/iahj0tFg7Js_000729/video.mp4,mouse clicking
video/GaK5NlF8CHY_000080/video.mp4,using sewing machines
video/9nxDHhDpJUk_000065/video.mp4,cuckoo bird calling
video/LCb5ac7dWyM_000030/video.mp4,people whispering
video/aYvjZSYmkT8_000000/video.mp4,basketball bounce
video/MCkQ9sVaOhw_000010/video.mp4,bird wings flapping
video/WI9yLdGPtYQ_000218/video.mp4,playing washboard
video/_J1bIBIxGEc_000222/video.mp4,playing bugle
video/CCX_4cW_SAU_000000/video.mp4,"subway, metro, underground"
video/f8cJ5g7Pe88_000030/video.mp4,crow cawing
video/rg4bhfytF9A_000022/video.mp4,playing tympani
video/FTBa7HXdxqE_000004/video.mp4,smoke detector beeping
video/AENNoAeote8_000059/video.mp4,children shouting
video/H1mmjVvMsGs_000080/video.mp4,people finger snapping
video/_rmgWtvhMl4_000001/video.mp4,rope skipping
video/2MPvlAR1AJM_000039/video.mp4,mynah bird singing
video/8evHpuXTcgM_000030/video.mp4,typing on computer keyboard
video/8A1G_Sg6bx4_000170/video.mp4,playing clarinet
video/SJ9TY-iqD9Q_000010/video.mp4,child singing
video/jXSblZUHZ-8_000017/video.mp4,dog whimpering
video/oBY7XYM4gi0_000155/video.mp4,wood thrush calling
video/6dBlHaIaw9s_000000/video.mp4,hail
video/ntfgS4Tdpmg_000540/video.mp4,playing harp
video/h0-6U948u7Y_000050/video.mp4,playing sitar
video/vao3k4Z115k_000235/video.mp4,slot machine
video/VN9Vq3wM-vI_000013/video.mp4,underwater bubbling
video/M1pPtg6a_g8_000230/video.mp4,playing piano
video/d4G_b-s_Odw_000030/video.mp4,people burping
video/73l89PUGTos_000040/video.mp4,mouse pattering
video/k-roOIEBiYo_000012/video.mp4,playing washboard
video/V0_pJYAyWoA_000098/video.mp4,zebra braying
video/ks0EpvbEO7Y_000083/video.mp4,people sniggering
video/9dttk1IPs3o_000597/video.mp4,playing bassoon
video/NPXZIqxKvXA_000030/video.mp4,playing didgeridoo
video/R5JRh08zgMo_000030/video.mp4,mouse squeaking
video/gNywrPYiLCM_000162/video.mp4,hammering nails
video/Tk0Sl9H0CE0_000324/video.mp4,cutting hair with electric trimmers
video/CNcxzB9F-Q8_000100/video.mp4,skateboarding
video/5QeFh-ZAf8E_000380/video.mp4,blowtorch igniting
video/4jDqaqqvLVQ_000030/video.mp4,chicken crowing
video/aOqleVQCmwI_000030/video.mp4,fire truck siren
video/4EBODSgMB7g_000026/video.mp4,playing volleyball
video/XMUFtbU-jD0_000086/video.mp4,chopping wood
video/wYFM_bfIUbM_000076/video.mp4,police radio chatter
video/2voy_hxeD54_000089/video.mp4,playing table tennis
video/l6HsxUNdkd4_000010/video.mp4,cap gun shooting
video/3od9aUtrcz4_000040/video.mp4,playing saxophone
video/WGOZNdTXITQ_000205/video.mp4,playing squash
video/xB7R8Uu94pI_000030/video.mp4,pig oinking
video/C7dk8-aCdUw_000214/video.mp4,rope skipping
video/fH4p_x1ZvN0_000124/video.mp4,otter growling
video/wZHWIq1ycCQ_000069/video.mp4,playing flute
video/t4plaa_X5mk_000093/video.mp4,eletric blender running
video/aouKweCzxj8_000290/video.mp4,driving buses
video/vCsS20WJfBI_000030/video.mp4,car engine starting
video/ZnGO4o9SqHY_000090/video.mp4,people sobbing
video/8AKNV2EGD6I_000153/video.mp4,blowtorch igniting
video/-T8L4SVm3u0_000001/video.mp4,footsteps on snow
video/Ip1sAKybSHs_000153/video.mp4,chopping food
video/4NqmLX7k4ZM_000256/video.mp4,sharpen knife
video/K1R_N_pysRs_000033/video.mp4,tornado roaring
video/RbXvbdDSmfA_000003/video.mp4,pig oinking
video/E3pv2mAbQ7M_000100/video.mp4,orchestra
video/C46X66FU_Dw_000030/video.mp4,chainsawing trees
video/-ZFNLu4HclQ_000000/video.mp4,sharpen knife
video/VaAzelfgmMY_000055/video.mp4,"ice cream truck, ice cream van"
video/g1D25N2Q0fI_000250/video.mp4,machine gun shooting
video/IdmhuP_16qM_000698/video.mp4,forging swords
video/USjBFzEGEqc_000298/video.mp4,planing timber
video/2kQCMxf0onU_000036/video.mp4,cat hissing
video/jgDWimc8k7k_000232/video.mp4,playing lacrosse
video/-KCYC-n5Uag_000022/video.mp4,wind chime
video/LpaMZAVe9Cg_000116/video.mp4,sharpen knife
video/3vpG1PgFF34_000030/video.mp4,playing harpsichord
video/iCaMiydCvFI_000023/video.mp4,penguins braying
video/Zy-yrZ6h_g0_000036/video.mp4,black capped chickadee calling
video/D7xcDFonDF8_000678/video.mp4,telephone bell ringing
video/VKfgSYvbohY_000042/video.mp4,playing oboe
video/M8BaWFyXNqA_000030/video.mp4,people whispering
video/2REf8hLLYMw_000030/video.mp4,cat meowing
video/VS3vEkNN8uM_000100/video.mp4,police radio chatter
video/z_WasI8m3iM_000012/video.mp4,cat growling
video/6k54aEMkp-w_000115/video.mp4,playing glockenspiel
video/acLR8eDYB7A_000072/video.mp4,chinchilla barking
video/8a0Ctyt3Fpo_000270/video.mp4,"railroad car, train wagon"
video/NqzZbJJl3E4_000030/video.mp4,reversing beeps
video/d1oaZO31t4o_000015/video.mp4,playing glockenspiel
video/Cmb7oRnRLio_000034/video.mp4,whale calling
video/KPiPM6wF0rw_000030/video.mp4,horse neighing
video/Qs7BbDiOqZ0_000006/video.mp4,"donkey, ass braying"
video/b-cx1Chslh8_000217/video.mp4,playing darts
video/-R4Vw5lNMPM_000010/video.mp4,playing trombone
video/Qd69URUdd8I_000015/video.mp4,penguins braying
video/HMF7YxjVg6w_000030/video.mp4,playing electronic organ
video/E7m7feGvswI_000229/video.mp4,people eating noodle
video/MOQ3Sch50nk_000147/video.mp4,lions growling
video/W8KC0GO8VvY_000240/video.mp4,playing bagpipes
video/m_dE5TdJ3c0_000036/video.mp4,arc welding
video/ZlIOKvEp1so_000003/video.mp4,police car (siren)
video/ieZmQbzQYtw_000000/video.mp4,people belly laughing
video/kLNtUnSm7lc_000060/video.mp4,"subway, metro, underground"
video/RyAJMDDxNBQ_000070/video.mp4,cap gun shooting
video/Xx8lx5KT2ks_000000/video.mp4,snake hissing
video/Hjx-S-6U9k0_000050/video.mp4,elephant trumpeting
video/eoepN2RDZqE_000008/video.mp4,air conditioning noise
video/Bhsh62xI1Yg_000109/video.mp4,ferret dooking
video/uzZ0s6k6vzE_000360/video.mp4,footsteps on snow
video/l-iIfi3SNpw_000120/video.mp4,people screaming
video/XJ3VlCAIWQ0_000030/video.mp4,mouse squeaking
video/MgD5JedaXGs_000020/video.mp4,dog barking
video/pUn8YqN2meU_000009/video.mp4,playing cornet
video/nj6_A9IY8jA_000085/video.mp4,roller coaster running
video/G7qe64jM9zs_000200/video.mp4,"railroad car, train wagon"
video/9ao6stS2toU_000003/video.mp4,cat caterwauling
video/IJ0jeaVklt8_000016/video.mp4,playing snare drum
video/SuozWvAiMbI_000528/video.mp4,strike lighter
video/8YaDsXWhDTA_000496/video.mp4,playing trumpet
video/y0CtU8_Den0_000000/video.mp4,playing vibraphone
video/jOMEUwArKss_000004/video.mp4,eagle screaming
video/4ep09nZl3LA_000030/video.mp4,reversing beeps
video/0aJZPu-3anY_000022/video.mp4,plastic bottle crushing
video/INC-NROLF9o_000054/video.mp4,"cattle, bovinae cowbell"
video/m1POHo65A7o_000030/video.mp4,playing zither
video/S1Q2jwEX11U_000260/video.mp4,fireworks banging
video/KcWPqFhrna0_000030/video.mp4,baby laughter
video/-jVXNEvUJss_000259/video.mp4,playing table tennis
video/5P8rNQE01Y4_000602/video.mp4,lip smacking
video/uVlO-iMDoNQ_000190/video.mp4,baby babbling
video/h-BybUUIH-g_000468/video.mp4,playing table tennis
video/WatvT8A8iug_000100/video.mp4,car passing by
video/UEbdKNPT96M_000030/video.mp4,cat purring
video/4DKN1qAMQig_000021/video.mp4,lathe spinning
video/VLyLt6Rfw6U_000360/video.mp4,machine gun shooting
video/_yL7bluGUFI_000014/video.mp4,people cheering
video/KYnOCgdquQU_000345/video.mp4,airplane
video/Y3AK50PotkQ_000030/video.mp4,goat bleating
video/HQSHJVH2x4w_000024/video.mp4,lathe spinning
video/GvBjQc3Tywo_000130/video.mp4,playing harpsichord
video/fx3uAv4YGZM_000130/video.mp4,playing steelpan
video/HNsCHTO1hLI_000031/video.mp4,plastic bottle crushing
video/5oPlF8LSdmg_000094/video.mp4,hedge trimmer running
video/tFg6E-f1Ep8_000022/video.mp4,pig oinking
video/e2yjPsXo4_M_000016/video.mp4,crow cawing
video/ofaRUcJoAkg_000004/video.mp4,footsteps on snow
video/J1WfhSyPeus_000024/video.mp4,playing bongo
video/NtlnhSzHhss_000030/video.mp4,"motorboat, speedboat acceleration"
video/uz1Bh1_28As_000020/video.mp4,singing bowl
video/Le4vGJ4U7AM_000000/video.mp4,people babbling
video/miT69L7G9iA_000140/video.mp4,people babbling
video/4BFOgNwhpkQ_000303/video.mp4,eagle screaming
video/ntmttPBZemM_000416/video.mp4,forging swords
video/wz12kR9h01M_000144/video.mp4,zebra braying
video/wiOUhsE48-g_000461/video.mp4,black capped chickadee calling
video/jlSuqrGSWAk_000370/video.mp4,basketball bounce
video/TwbVQetLqfM_000003/video.mp4,otter growling
video/pUgCQ4wICKc_000008/video.mp4,chicken clucking
video/5wC1sG4US3Y_000205/video.mp4,playing bass drum
video/rysEBq2ZeP4_000007/video.mp4,cat growling
video/33UghN1hNF8_000004/video.mp4,people clapping
video/t5kpBQv8trY_000015/video.mp4,"alligators, crocodiles hissing"
video/9XuTWG0Svls_000041/video.mp4,popping popcorn
video/9ppa4lXXspA_000030/video.mp4,dog barking
video/pjrK11MwQcs_000030/video.mp4,mouse pattering
video/IP0_FH73Hm0_000092/video.mp4,playing washboard
video/0nYltlo90Zc_000161/video.mp4,playing congas
video/SGnZxcS7VKA_000010/video.mp4,playing trumpet
video/QUALZucjUOk_000112/video.mp4,civil defense siren
video/GPJ1uQwmNHk_000030/video.mp4,people screaming
video/mY4poneHuFE_000204/video.mp4,wood thrush calling
video/jkvXuu8XltI_000080/video.mp4,helicopter
video/Ap26rqhM6gI_000062/video.mp4,francolin calling
video/pD92VoXb41g_000267/video.mp4,air conditioning noise
video/0kqQNBR09Rc_000090/video.mp4,skidding
video/4dGlrvX_EfI_000020/video.mp4,"engine accelerating, revving, vroom"
video/2__T6Q8rCCA_000080/video.mp4,"bee, wasp, etc. buzzing"
video/h3BVONRNnu0_000000/video.mp4,car engine knocking
video/Vbsefb2ve2g_000067/video.mp4,civil defense siren
video/OZJmpLg1Dgs_000151/video.mp4,ferret dooking
video/iANFxJ1ImQE_000230/video.mp4,goat bleating
video/vuGwgfWdi5Q_000000/video.mp4,gibbon howling
video/2peFmuYqSDo_000060/video.mp4,bird squawking
video/yKKMhxuHcJ4_000041/video.mp4,telephone bell ringing
video/ALdjQ9kbwd8_000030/video.mp4,playing accordion
video/gigAXFw9yzQ_000223/video.mp4,police radio chatter
video/eV5JX81GzqA_000150/video.mp4,skidding
video/L5ohzqF0ZHQ_000020/video.mp4,police car (siren)
video/B3jU9Xz_GHE_000030/video.mp4,sailing
video/0CTgEP0SIVg_000010/video.mp4,"bird chirping, tweeting"
video/ryskM4LGrtk_000530/video.mp4,playing tambourine
video/NTps_fjl4K0_000056/video.mp4,people gargling
video/1V-_jMSJR6A_000024/video.mp4,playing trumpet
video/aJBG1VNtqNg_000030/video.mp4,"pigeon, dove cooing"
video/x-mRAs2I2D8_000045/video.mp4,playing castanets
video/0rKz4unZteU_000063/video.mp4,hail
video/7xmSgV_y0aY_000208/video.mp4,chopping food
video/M5gLSRO5rLE_000548/video.mp4,playing shofar
video/1ETrMAVZdY8_000030/video.mp4,"bird chirping, tweeting"
video/RTLGAJZ8WzM_000219/video.mp4,airplane
video/HaR6dHxe2B0_000009/video.mp4,people giggling
video/fV1gMUp83Y4_000170/video.mp4,stream burbling
video/jU0LDjmqrRw_000030/video.mp4,ocean burbling
video/CUcsXLZhXfk_000021/video.mp4,cheetah chirrup
video/P5Au94IeCXc_000165/video.mp4,playing erhu
video/rW0Vwotvx3s_000178/video.mp4,playing glockenspiel
video/GouCuaIlrTU_000036/video.mp4,people giggling
video/QFIqELB7_xQ_000030/video.mp4,air horn
video/cK9JgR-LGfU_000046/video.mp4,"alligators, crocodiles hissing"
video/24tWz7gmngI_000030/video.mp4,typing on computer keyboard
video/mVpSDVxpVBU_000030/video.mp4,chopping food
video/lEOsGdslGO0_000397/video.mp4,chipmunk chirping
video/f4w6aJMNXSk_000030/video.mp4,car passing by
video/QTx6C9nhAUM_000270/video.mp4,"vehicle horn, car horn, honking"
video/8VoDhx0Zsxc_000030/video.mp4,"bird chirping, tweeting"
video/fN25nqizhbU_000164/video.mp4,playing hockey
video/dFGvNxBqYFI_000030/video.mp4,playing didgeridoo
video/xv3l1Blx6JQ_000250/video.mp4,people belly laughing
video/LrcvUfmRN8k_000030/video.mp4,"female speech, woman speaking"
video/7CBrxJI9Pxs_000163/video.mp4,car engine idling
video/DDL2vJqSA1o_000032/video.mp4,civil defense siren
video/1U38Q2MpYM4_000030/video.mp4,wind noise
video/ll1dqj73iDs_000211/video.mp4,playing flute
video/JANYxVn0O-M_000030/video.mp4,stream burbling
video/JFX0wxrS5_o_000069/video.mp4,sea waves
video/1G6wtnmdZhE_000030/video.mp4,car passing by
video/_IRW0owPIOA_000030/video.mp4,firing cannon
video/ItIo1RvO0PE_000020/video.mp4,church bell ringing
video/x1BSrucmESI_000039/video.mp4,snake rattling
video/IzKed528MCk_000070/video.mp4,fire truck siren
video/0pYpyy1VXdM_000080/video.mp4,bird squawking
video/TwucF4h5v3U_000084/video.mp4,missile launch
video/SFUCE899DkE_000030/video.mp4,duck quacking
video/0d6YdyxkXzQ_000815/video.mp4,ripping paper
video/dIloYYVJIO4_000000/video.mp4,sheep bleating
video/rccs9c1gteQ_000000/video.mp4,playing synthesizer
video/bkgPeHxZs94_000000/video.mp4,metronome
video/N_hNXhy3xp0_000030/video.mp4,playing synthesizer
video/j17CUVoONsQ_000034/video.mp4,whale calling
video/BTSndFd9MAg_000050/video.mp4,skiing
video/YcSvJ6zgDU4_000006/video.mp4,cell phone buzzing
video/9FoazVf3CVg_000030/video.mp4,"bird chirping, tweeting"
video/DOodvwXcpwQ_000000/video.mp4,dog bow-wow
video/pldcfQAiPK0_000350/video.mp4,splashing water
video/hIazzIF19gY_000110/video.mp4,splashing water
video/6WPEPztf3Qw_000410/video.mp4,playing zither
video/yHmPnRTpwGg_000042/video.mp4,sea lion barking
video/vgtB9UHIFpo_000269/video.mp4,mouse clicking
video/RCk6hxXs03M_000240/video.mp4,sharpen knife
video/hvQMOTh-fSM_000030/video.mp4,typing on typewriter
video/DXM-kf0Xomc_000328/video.mp4,hammering nails
video/yiax9NZufow_000030/video.mp4,rope skipping
video/ZU24o8WBd8M_000470/video.mp4,splashing water
video/L3wNweyCqdY_000394/video.mp4,smoke detector beeping
video/5WrMViueBSQ_000115/video.mp4,sharpen knife
video/gx7Ylk3LVaU_000020/video.mp4,ocean burbling
video/X70cKD1jwgI_000030/video.mp4,playing flute
video/DbErO8V96bg_000000/video.mp4,playing didgeridoo
video/hx5Cu7U-Fkg_000070/video.mp4,playing harp
video/YwoYv1REVss_000050/video.mp4,church bell ringing
video/DxRdNW0JEYM_000244/video.mp4,missile launch
video/zwjAqa7-Nv8_000008/video.mp4,playing darts
video/MWTTe0M9vi4_000030/video.mp4,lawn mowing
video/_dlpgziE7CU_000010/video.mp4,"cattle, bovinae cowbell"
video/1Kb6GNZClSM_000140/video.mp4,hail
video/dg7oSv2R4AE_000044/video.mp4,playing trumpet
video/dwAo0dKCyBI_000030/video.mp4,rapping
video/v8E9cP0aWTs_000050/video.mp4,missile launch
video/TdJu6gXS7Rw_000375/video.mp4,skiing
video/c3S3FoxyI1c_000040/video.mp4,yodelling
video/4m-kVx4K8cg_000074/video.mp4,playing badminton
video/3feU6jqOjnU_000003/video.mp4,zebra braying
video/SSctjV--wAA_000050/video.mp4,playing didgeridoo
video/kjGjMDpTzvs_000320/video.mp4,eating with cutlery
video/q3W8UiycXe8_000340/video.mp4,helicopter
video/81-cd_Kh-Ko_000032/video.mp4,bull bellowing
video/2BbBEozEiak_000133/video.mp4,mouse clicking
video/7ulXnnIlUOA_000109/video.mp4,people gargling
video/c_xLtBGQbAg_000040/video.mp4,people eating noodle
video/-zfmvtpsQq8_000000/video.mp4,cheetah chirrup
video/8rKtax0rSuw_000030/video.mp4,"child speech, kid speaking"
video/yGBSo4TDeTg_000029/video.mp4,turkey gobbling
video/Of8M-fPb4bA_000247/video.mp4,barn swallow calling
video/UoxPrTAyq2g_000000/video.mp4,elephant trumpeting
video/Sd3qUrm1UZk_000131/video.mp4,roller coaster running
video/lNg2y6SRZPo_000220/video.mp4,playing steelpan
video/TslB1VMKXmM_000010/video.mp4,toilet flushing
video/QPPapHk6lmU_000384/video.mp4,beat boxing
video/g1P3w8kwGN0_000070/video.mp4,wind chime
video/Cp_wgmmliuk_000210/video.mp4,playing cello
video/Lyk2HM8_zbg_000118/video.mp4,writing on blackboard with chalk
video/NdiSW-p2I0c_000030/video.mp4,playing electric guitar
video/l9L7_RaTw6I_000060/video.mp4,playing clarinet
video/vdXs8rFvovo_000009/video.mp4,chipmunk chirping
video/gpyUJCmt3vE_000363/video.mp4,playing trumpet
video/RB3Lv2xNMY4_000000/video.mp4,golf driving
video/0H25ve3qts4_000001/video.mp4,door slamming
video/YP9bqVB-sVg_000030/video.mp4,people babbling
video/0q9FUj_2qMc_000539/video.mp4,hedge trimmer running
video/cp8t27oT_ww_000000/video.mp4,playing ukulele
video/2mQ1JOOs6LE_000054/video.mp4,playing congas
video/ILv7AQF-ltI_000030/video.mp4,"bird chirping, tweeting"
video/AuwXsdruL7I_000030/video.mp4,lions roaring
video/lXUcalwkWCo_000070/video.mp4,chainsawing trees
video/Wce8rgsG4rQ_000030/video.mp4,fire crackling
video/hekfjJRfSXM_000032/video.mp4,golf driving
video/qhOBY9WjMU0_000381/video.mp4,dog baying
video/Ayr3X0IMj04_000000/video.mp4,driving buses
video/yd-zVxzkM-c_000803/video.mp4,lip smacking
video/1rpJo68d5Qw_000052/video.mp4,plastic bottle crushing
video/__X4KaLQdJk_000010/video.mp4,sharpen knife
video/9Y8NR6nDxjk_000460/video.mp4,playing timpani
video/xbD2eVjgebU_000001/video.mp4,bull bellowing
video/YWabd_3AEfo_000049/video.mp4,gibbon howling
video/36v9pV3uPw4_000011/video.mp4,cutting hair with electric trimmers
video/75yifjn7bHo_000010/video.mp4,typing on typewriter
video/c8uE3Q8p9Jo_000050/video.mp4,playing theremin
video/rhnT1UeL8BI_000012/video.mp4,planing timber
video/5aghVQEylEQ_000000/video.mp4,typing on computer keyboard
video/XUOOhMM9aZM_000420/video.mp4,playing gong
video/-8cgbhIR_pw_000030/video.mp4,playing acoustic guitar
video/126AbihZt28_000009/video.mp4,horse clip-clop
video/E1cKPUWHa8I_000084/video.mp4,airplane flyby
video/3YI7dV2ur4I_000014/video.mp4,cupboard opening or closing
video/ZX2fVPmUidA_000030/video.mp4,playing banjo
video/cCHaRVUxi5o_000000/video.mp4,chinchilla barking
video/TMWj5Y6djcM_000040/video.mp4,slot machine
video/EHiNnO7ZU9I_000110/video.mp4,lawn mowing
video/QHYI8sB-7hY_000254/video.mp4,cheetah chirrup
video/LIluVun_dJk_000030/video.mp4,turkey gobbling
video/x6FbyqrK0g0_000030/video.mp4,playing synthesizer
video/V22H0fpX_Vg_000054/video.mp4,children shouting
video/X-BI2HpBpDw_000019/video.mp4,plastic bottle crushing
video/4t1VqRz4w2g_000030/video.mp4,reversing beeps
video/rI4Y9pGtO9I_000018/video.mp4,lip smacking
video/F09naomjaaM_000024/video.mp4,mouse squeaking
video/ZIuVIb_LeOU_000044/video.mp4,people humming
video/Xg21gH-8U90_000003/video.mp4,whale calling
video/P8KzsctEY7o_000113/video.mp4,civil defense siren
video/EqkH0kLuIic_000054/video.mp4,train horning
video/Kp_F7FrKrSc_000210/video.mp4,playing trumpet
video/pTY56E9D_cE_000154/video.mp4,squishing water
video/acsnaLCTPSk_000030/video.mp4,playing zither
video/a7-ewvYJgiQ_000121/video.mp4,electric grinder grinding
video/JcMhOe-DHoE_000000/video.mp4,sea waves
video/1D6UsaTflJ8_000060/video.mp4,bird wings flapping
video/-Q3MX7Tgx_E_000111/video.mp4,cat hissing
video/hyVVGaHRRsk_000097/video.mp4,sharpen knife
video/fZyq2pM2-dI_000030/video.mp4,playing sitar
video/NIuu97_y33A_000030/video.mp4,playing cello
video/mMqRFspSg10_000184/video.mp4,lip smacking
video/9MT7lQN7fN0_000085/video.mp4,tractor digging
video/rM0mOUPtSpU_000060/video.mp4,people sneezing
video/1dyFP4MGkIM_000030/video.mp4,skidding
video/yiKcsFkc2NE_000003/video.mp4,playing bongo
video/ZsIqiDfSJNk_000030/video.mp4,fire crackling
video/bMQoIreWQKU_000267/video.mp4,bouncing on trampoline
video/d2yLX6TwS_c_000030/video.mp4,dog barking
video/QHVUSqKkrMc_000030/video.mp4,car engine knocking
video/A3CJkhyupM0_000010/video.mp4,police car (siren)
video/V2OjPsg7ydY_000060/video.mp4,machine gun shooting
video/m0kxHYaGpL8_000000/video.mp4,people whistling
video/9gp9FpidesQ_000030/video.mp4,car engine starting
video/5jwAdCJgPTU_000000/video.mp4,cupboard opening or closing
video/tBUVgCiHFds_000009/video.mp4,bathroom ventilation fan running
video/uiEid6SosC8_000014/video.mp4,playing trombone
video/TeQ3b3P8290_000170/video.mp4,splashing water
video/Dg8BLvkzdr0_000030/video.mp4,playing theremin
video/o3qLyDuP37w_000000/video.mp4,thunder
video/RIGQjzXbvv4_000140/video.mp4,volcano explosion
video/D7cJVCMB7u8_000030/video.mp4,people clapping
video/ozzZI4TbmCE_000014/video.mp4,bathroom ventilation fan running
video/015T7UQR0zQ_000066/video.mp4,people slapping
video/RL8F6782uuo_000014/video.mp4,"heart sounds, heartbeat"
video/9ooTD5lVkM0_000164/video.mp4,yodelling
video/nMUUYby3ZQQ_000064/video.mp4,airplane flyby
video/-gCqnkIUmp0_000140/video.mp4,people babbling
video/7EAkRbG8qKk_000140/video.mp4,"vehicle horn, car horn, honking"
video/JW3fRqCF5bY_000130/video.mp4,yodelling
video/WKjzhyE0j4g_000055/video.mp4,children shouting
video/1PPboJuO1Ks_000021/video.mp4,horse neighing
video/-XwtCzUaN1I_000160/video.mp4,playing cymbal
video/qvlTOhCmxvY_000240/video.mp4,cricket chirping
video/rRVTA8SlJvM_000233/video.mp4,lathe spinning
video/Jt9JrcW5ais_000460/video.mp4,cap gun shooting
video/LSaLPObrnZw_000010/video.mp4,playing timpani
video/RH1q8tAbo5k_000076/video.mp4,chimpanzee pant-hooting
video/ojQxY2CC7UU_000506/video.mp4,wood thrush calling
video/g27CnmPRgdI_000031/video.mp4,woodpecker pecking tree
video/h4eqSW3ME0E_000030/video.mp4,dog whimpering
video/Fz-dxPOWP58_000038/video.mp4,baby crying
video/kTyq_6AnoSw_000040/video.mp4,firing cannon
video/KKFdi5WQ0V0_000256/video.mp4,train horning
video/KGYzC7wySkI_000159/video.mp4,wood thrush calling
video/EAJT9Bk_GeQ_000030/video.mp4,playing french horn
video/XBGpHaWOSH4_000301/video.mp4,popping popcorn
video/cHAKzHAZPs0_000110/video.mp4,playing bugle
video/u06wUniQVlk_000090/video.mp4,baby babbling
video/nlDpRreRKO4_000030/video.mp4,fireworks banging
video/3NvKtRbbOYU_000310/video.mp4,driving snowmobile
video/7916WqcPKBA_000030/video.mp4,cat purring
video/CsrB8B5aiR0_000049/video.mp4,zebra braying
video/d8LvZQyYZpQ_000010/video.mp4,canary calling
video/8DKdz6E8W-E_000051/video.mp4,chicken clucking
video/-Lmibx_Iu_E_000173/video.mp4,tractor digging
video/aec791kXVms_000011/video.mp4,dog baying
video/Wx3n_7SXX8U_000337/video.mp4,people giggling
video/PNcdB7ptDis_000004/video.mp4,people finger snapping
video/uBRRkjFZnJ8_000091/video.mp4,"alligators, crocodiles hissing"
video/IMjpwQHZaWo_000033/video.mp4,bathroom ventilation fan running
video/L2Xbs0ke8TY_000470/video.mp4,opening or closing car electric windows
video/OAEeDczKnCA_000200/video.mp4,vacuum cleaner cleaning floors
video/cPzezkikR-0_000030/video.mp4,mosquito buzzing
video/DCrct29xGEY_000030/video.mp4,lions roaring
video/AHIV0RMwnN8_000210/video.mp4,tap dancing
video/5B29CwNwULU_000030/video.mp4,raining
video/r38dp-thzOc_000206/video.mp4,parrot talking
video/1MlgXBFnJl8_000044/video.mp4,train wheels squealing
video/D1tl1eS7ubI_000000/video.mp4,"female speech, woman speaking"
video/9HSUOow1vB4_000000/video.mp4,owl hooting
video/JvK6ZXf-ze4_000023/video.mp4,underwater bubbling
video/73yT9UXJLT0_000004/video.mp4,people booing
video/3tbFP_JKzXw_000030/video.mp4,playing sitar
video/NszOg5SuMt4_000033/video.mp4,people slapping
video/UAj7kZaBQ3I_000030/video.mp4,mouse pattering
video/h7aDUFAAwFE_000560/video.mp4,thunder
video/ntfyeC178Tg_000030/video.mp4,playing vibraphone
video/hUJWpx4ji1M_000092/video.mp4,playing bongo
video/L8MtMBVqOD0_000550/video.mp4,dog whimpering
video/0izHOfrwPn4_000180/video.mp4,duck quacking
video/SBwyfAg28OE_000060/video.mp4,playing tabla
video/ljQ1uYYhtxM_000027/video.mp4,telephone bell ringing
video/BuhCuSnq6DI_000090/video.mp4,splashing water
video/lAXpiE0dm_k_000340/video.mp4,playing piano
video/O5v1-O5A-f0_000410/video.mp4,people sobbing
video/C6Ex7oHBFdU_000030/video.mp4,singing choir
video/-Wd5YV97ftU_000320/video.mp4,skidding
video/B0Rje7Cj7W0_000250/video.mp4,people sneezing
video/5qWSbdY3IvQ_000005/video.mp4,baltimore oriole calling
video/jeroMrzgDxE_000030/video.mp4,printer printing
video/s1P_TGw_BkI_000070/video.mp4,mosquito buzzing
video/dL8HIuBPZV4_000016/video.mp4,sheep bleating
video/RWVuRwtjGek_000210/video.mp4,"subway, metro, underground"
video/rcYPDpD7Bu8_000130/video.mp4,mosquito buzzing
video/bW2Tw3pJFqQ_000000/video.mp4,playing electronic organ
video/2qHRJAQDCDo_000095/video.mp4,lathe spinning
video/-JBH9j7-h8U_000030/video.mp4,duck quacking
video/OZv8mtQEgA0_000030/video.mp4,"engine accelerating, revving, vroom"
video/n3KI7wQaDXI_000130/video.mp4,people eating apple
video/07FxCXxknY4_000030/video.mp4,playing bass guitar
video/Fvk3sWUjGuM_000030/video.mp4,wind rustling leaves
video/jj4EkRkf4Rs_000038/video.mp4,car engine idling
video/bi5E6H04BhM_000552/video.mp4,people cheering
video/E1I6LhzVPVw_000132/video.mp4,beat boxing
video/A1E-agNyE2U_000172/video.mp4,rope skipping
video/My0YmR6tYAk_000060/video.mp4,vacuum cleaner cleaning floors
video/WElvc92V5Q4_000617/video.mp4,playing bassoon
video/2BMOGrFU_m8_000167/video.mp4,"fly, housefly buzzing"
video/9Hq9rf0XgrI_000132/video.mp4,sheep bleating
video/RwBKGPEg6uA_000440/video.mp4,"railroad car, train wagon"
video/uRhiZy8FsSU_000030/video.mp4,female singing
video/-vNGqcDA6oE_000020/video.mp4,scuba diving
video/NSEzNYgLuAs_000077/video.mp4,children shouting
video/4kkrLlD_7sg_000083/video.mp4,playing bugle
video/xnMI64kXQA8_000252/video.mp4,cricket chirping
video/EfljM09TvZY_000317/video.mp4,skiing
video/IaBCp-ZckT8_000120/video.mp4,francolin calling
video/VgwsGjRk61M_000020/video.mp4,playing didgeridoo
video/F-scwW3EM1E_000060/video.mp4,playing harp
video/04QV0Xi5YTk_000030/video.mp4,playing zither
video/_-u0B1VgymM_000151/video.mp4,foghorn
video/TtO9wzZ3LFA_000030/video.mp4,hair dryer drying
video/Wgu03JFYmQc_000230/video.mp4,sailing
video/Q6dVti1YVwM_000000/video.mp4,playing sitar
video/H_DwA0vzKXI_000260/video.mp4,mosquito buzzing
video/buOEFwXhoe0_000310/video.mp4,skidding
video/0H2tR-oOvIY_000003/video.mp4,footsteps on snow
video/QOOL7pEKzYs_000371/video.mp4,"electric shaver, electric razor shaving"
video/2XFrBXTnNY8_000080/video.mp4,dog barking
video/MbARNkuZpDc_000030/video.mp4,"engine accelerating, revving, vroom"
video/DZ2idjIBgKk_000030/video.mp4,lions roaring
video/8p4Q4I1s7mg_000002/video.mp4,people slapping
video/45JHcLU57B8_000020/video.mp4,driving motorcycle
video/Iil6A-PM0bk_000004/video.mp4,planing timber
video/BMgYWTTJv3s_000240/video.mp4,playing clarinet
video/d02plYWj5mE_000098/video.mp4,playing darts
video/tFVvupXoRoM_000030/video.mp4,playing bass guitar
video/iTCfi5_b4Ow_000035/video.mp4,playing erhu
video/0Z760XNy4VM_000030/video.mp4,mouse squeaking
video/jZuebOYsLmM_000030/video.mp4,"bird chirping, tweeting"
video/zrrM6Qg2Dwg_000030/video.mp4,playing steelpan
video/50tgN7Vaf78_000180/video.mp4,people crowd
video/-Cr0WQoFQQs_000045/video.mp4,elk bugling
video/1wdCX1HmRyk_000140/video.mp4,cricket chirping
video/Chi9u8htrm4_000230/video.mp4,hair dryer drying
video/UO1Mfq5cR0k_000030/video.mp4,singing choir
video/SwZxKE3CnEg_000080/video.mp4,bird wings flapping
video/j7p1kbECybQ_000167/video.mp4,people battle cry
video/xgD2aYuzcDQ_000000/video.mp4,swimming
video/HKvimMUXe7c_000181/video.mp4,people eating crisps
video/K4fk9S5UxJc_000026/video.mp4,horse clip-clop
video/HkkqouO9dhk_000030/video.mp4,wind rustling leaves
video/Fe2qg0G74do_000268/video.mp4,train horning
video/-wi8kPVJLcw_000205/video.mp4,air conditioning noise
video/FvM-7vvgy8c_000119/video.mp4,baby laughter
video/I3qbB4Kq3Y0_000030/video.mp4,playing banjo
video/V7edkwJsgN0_000030/video.mp4,playing cello
video/HQAaW-5IwHo_000016/video.mp4,cricket chirping
video/cwq3iq632ys_000030/video.mp4,singing choir
video/2jKheXvnT6o_000030/video.mp4,cat purring
video/LFUt_bj_5ng_000000/video.mp4,thunder
video/BP0iZLks5EY_000034/video.mp4,lions growling
video/SNt6zvI-Qzo_000030/video.mp4,people clapping
video/YgUzaYuDSRo_000001/video.mp4,lions growling
video/N8iIq2UzZLk_000030/video.mp4,playing acoustic guitar
video/9eUl4gF0ED4_000002/video.mp4,"male speech, man speaking"
video/4tnwJe6vvrE_000030/video.mp4,raining
video/-QsPqh8Kyrc_000170/video.mp4,people running
video/VfXAJJFrmnw_000028/video.mp4,people nose blowing
video/yZKp9ofTyxI_000049/video.mp4,baltimore oriole calling
video/7NyvysSGxhU_000030/video.mp4,child singing
video/eR9TsnHiAEk_000030/video.mp4,hair dryer drying
video/EMLpB_ZP0c0_000030/video.mp4,"male speech, man speaking"
video/VUO27HxWQfI_000406/video.mp4,"race car, auto racing"
video/17QNWSDwhm0_000000/video.mp4,firing muskets
video/OWuMapsvJ3w_000050/video.mp4,chainsawing trees
video/ViToy3Dq9dU_000030/video.mp4,playing french horn
video/PIgWwkS9HSU_000090/video.mp4,wind rustling leaves
video/9wMeb3Q-IiQ_000030/video.mp4,chicken crowing
video/gKCdntEVJVU_000011/video.mp4,playing tennis
video/z0zRA8TGzyo_000060/video.mp4,cutting hair with electric trimmers
video/cWWzSdDG-xc_000033/video.mp4,sheep bleating
video/A-xnMFhk62M_000110/video.mp4,"playing marimba, xylophone"
video/5LPLWyCFT7A_000022/video.mp4,horse clip-clop
video/fzjl3I47rFQ_000077/video.mp4,hail
video/Gg0UlYgmSBA_000030/video.mp4,chinchilla barking
video/EDfFfJ_RLQk_000078/video.mp4,hail
video/ouvOmkKBFM0_000614/video.mp4,turkey gobbling
video/F33GCcoXMkI_000210/video.mp4,mosquito buzzing
video/tTNZYyuU_X4_000030/video.mp4,people running
video/FRu6azEgTvU_000285/video.mp4,writing on blackboard with chalk
video/5i5ZKyhw_gg_000113/video.mp4,opening or closing car electric windows
video/DQIwRVrlYqI_000159/video.mp4,baltimore oriole calling
video/Kmizok5mDVE_000330/video.mp4,"subway, metro, underground"
video/FgiGqzj8Hkk_000030/video.mp4,ambulance siren
video/hfdMfiv2R9w_000058/video.mp4,people giggling
video/AmipJSk2B-o_000005/video.mp4,driving snowmobile
video/ECVfSkmVy5Y_000001/video.mp4,elk bugling
video/Atrj65qRrBo_000200/video.mp4,"railroad car, train wagon"
video/HPq-Zi2XlCM_000017/video.mp4,spraying water
video/JHM3zMBQxTQ_000030/video.mp4,playing harp
video/3mENYq_Ta3s_000012/video.mp4,people booing
video/EasrMXvai0o_000068/video.mp4,hail
video/Bz3F3488Ypc_000238/video.mp4,"race car, auto racing"
video/VcJnduCJz8g_000029/video.mp4,popping popcorn
video/HV1J_actdHE_000110/video.mp4,cap gun shooting
video/ByndCEEPsu4_000090/video.mp4,playing cello
video/AKxm4V3OylU_000030/video.mp4,lions roaring
video/Zhu5ogju62A_000001/video.mp4,owl hooting
video/kbPEgFG0sxc_000030/video.mp4,duck quacking
video/tOTQJaRkmaY_000381/video.mp4,playing congas
video/bncyJqamESw_000020/video.mp4,people farting
video/ZoameGbMVt8_000110/video.mp4,chainsawing trees
video/B3D-pLHKfuw_000030/video.mp4,people farting
video/8Aq06SXi6G8_000010/video.mp4,coyote howling
video/UoGBDRm6dCs_000020/video.mp4,whale calling
video/SgrZjfpxsZk_000005/video.mp4,lip smacking
video/U8b_M6pMv8s_000360/video.mp4,car engine starting
video/T9GkukfZaU8_000164/video.mp4,missile launch
video/ahNo5S2qkAw_000032/video.mp4,people nose blowing
video/aX9Pzv-Y31Q_000020/video.mp4,goose honking
video/JP637fg_ZC0_000030/video.mp4,playing theremin
video/84uMcdRg4YY_000030/video.mp4,playing bagpipes
video/Lhc5eE9X-ak_000030/video.mp4,cat purring
video/ITaflypbuAs_000015/video.mp4,playing shofar
video/ezUkPETm6cs_000030/video.mp4,driving motorcycle
video/z0e087_wzsY_000021/video.mp4,volcano explosion
video/sS2GJNAXeWc_000030/video.mp4,"pigeon, dove cooing"
video/LYqVH6Z8ppw_000030/video.mp4,car passing by
video/M83GjpnyZgo_000018/video.mp4,mynah bird singing
video/WCVIb_tuDyI_000028/video.mp4,cell phone buzzing
video/RhN1NPcsD-0_000069/video.mp4,playing bassoon
video/Ce2fbtvF_TI_000039/video.mp4,playing glockenspiel
video/LdpRTw1ieMI_000030/video.mp4,crow cawing
video/PPMAUKxAcXM_000086/video.mp4,children shouting
video/l5g1RkSYZdw_000030/video.mp4,playing harmonica
video/hvkYHEF8gfw_000036/video.mp4,canary calling
video/kxTwZeZxuvo_000099/video.mp4,"fly, housefly buzzing"
video/gmNVDMv1wAE_000118/video.mp4,people eating apple
video/1GyO48dbGCI_000000/video.mp4,running electric fan
video/6m3-rzozCRE_000020/video.mp4,cat purring
video/g-IjfDszLvY_000030/video.mp4,duck quacking
video/ZIPScztJi0M_000049/video.mp4,cricket chirping
video/Ce2fbtvF_TI_000136/video.mp4,playing glockenspiel
video/JrGD2jdHUek_000030/video.mp4,playing cornet
video/m9snI5tpr2w_000048/video.mp4,opening or closing car doors
video/AY2h_JWPtao_000030/video.mp4,using sewing machines
video/XCkoQ-sCQ4Y_000170/video.mp4,cattle mooing
video/nJPOGVKPbcw_000210/video.mp4,waterfall burbling
video/SJrVTQPbMXs_000016/video.mp4,"fly, housefly buzzing"
video/JxSX1loqkvA_000083/video.mp4,otter growling
video/IW0a2qTioAA_000019/video.mp4,goat bleating
video/1ErGsKIlhAI_000051/video.mp4,people humming
video/4gtBg3U6sos_000020/video.mp4,horse neighing
video/Idf-WCbVe_U_000011/video.mp4,people booing
video/QAoCyTYnAuc_000011/video.mp4,tractor digging
video/bu-zB_kmBao_000043/video.mp4,firing muskets
video/CbomWMJU3ro_000030/video.mp4,opening or closing drawers
video/UCgwLe70Lto_000000/video.mp4,magpie calling
video/shQqZPRjOxc_000030/video.mp4,people eating
video/H2tdKJR5EE0_000001/video.mp4,plastic bottle crushing
video/HKhBeY4I830_000009/video.mp4,cat hissing
video/38ZS3bJeZUg_000369/video.mp4,lip smacking
video/LEFSHa_n9jE_000287/video.mp4,people cheering
video/b0KSxH37gVE_000100/video.mp4,dog bow-wow
video/jMGs_4wggtY_000004/video.mp4,cutting hair with electric trimmers
video/gB1ytjgpcW4_000190/video.mp4,people screaming
video/cVetDS8webU_000011/video.mp4,police radio chatter
video/K2ObTK7rK58_000020/video.mp4,"child speech, kid speaking"
video/ibjwrgRaIes_000306/video.mp4,skiing
video/8_vWCyWokX0_000079/video.mp4,driving snowmobile
video/jLQQ2JX6pcM_000008/video.mp4,whale calling
video/fvxQYHXvikY_000316/video.mp4,rope skipping
video/tVF4KMwuvZ0_000045/video.mp4,missile launch
video/DYVwPj_voRw_000030/video.mp4,goose honking
video/DukgqTCrGhs_000030/video.mp4,sailing
video/-GOaBCyC5Js_000087/video.mp4,playing cornet
video/4MTFkHIgWwg_000071/video.mp4,barn swallow calling
video/6xlV_D4yJDc_000030/video.mp4,"male speech, man speaking"
video/Ar0qgvu2BY8_000080/video.mp4,people crowd
video/4iUo257KvbE_000202/video.mp4,children shouting
video/I0CQd_aWJ9g_000030/video.mp4,people shuffling
video/4SLZ6a-_AxA_000936/video.mp4,lathe spinning
video/KpBPs6klq2U_000426/video.mp4,tractor digging
video/5QYvx0bCseU_000329/video.mp4,playing castanets
video/YlI9xWmyMzg_000010/video.mp4,chicken clucking
video/lBG_42BAUs8_000224/video.mp4,opening or closing car doors
video/NwfEO8cjSK0_000030/video.mp4,playing synthesizer
video/5AmM7Tp4p_8_000000/video.mp4,air conditioning noise
video/ji4meumtHT4_000030/video.mp4,cat hissing
video/WxA-P0RVWzo_000030/video.mp4,fox barking
video/fYnJ1cXVezA_000179/video.mp4,playing double bass
video/JDrpFuzeeX4_000012/video.mp4,beat boxing
video/5cVLMOIpR5E_000034/video.mp4,cow lowing
video/eSKFXcMdFXI_000716/video.mp4,"alligators, crocodiles hissing"
video/Cju3g4Jobkg_000148/video.mp4,warbler chirping
video/2DyD824KPFM_000010/video.mp4,cricket chirping
video/oz-UP7-mCEY_000004/video.mp4,footsteps on snow
video/f6wrXzvByrg_000030/video.mp4,playing banjo
video/CF7-FnDkLwU_000030/video.mp4,playing hammond organ
video/f36GSnfB-5U_000389/video.mp4,"heart sounds, heartbeat"
video/KrU4MQuDD74_000051/video.mp4,playing shofar
video/aU8dxXh2yqk_000390/video.mp4,chicken crowing
video/74Eeq1qer94_000030/video.mp4,playing harp
video/xwDJy7bJurM_000277/video.mp4,black capped chickadee calling
video/lNpyUGhdNI0_000000/video.mp4,rope skipping
video/khfvz1zD9HY_000107/video.mp4,plastic bottle crushing
video/Hi4je0tyGEc_000070/video.mp4,printer printing
video/laSDlOFM5vc_000025/video.mp4,canary calling
video/77lgNFP6Tts_000119/video.mp4,wood thrush calling
video/xMhM0NkLJ5A_000189/video.mp4,"electric shaver, electric razor shaving"
video/y3NZZETzVws_000010/video.mp4,chicken clucking
video/mcBEkWVDcmc_000107/video.mp4,bull bellowing
video/yrscqyUOIlI_000000/video.mp4,"ice cream truck, ice cream van"
video/1bIH_Qh_clk_000030/video.mp4,frog croaking
video/U3VHxih0ofE_000260/video.mp4,baby babbling
video/Z55jffJcevQ_000040/video.mp4,mouse pattering
video/Y3Iu9Xq-TaU_000453/video.mp4,people slurping
video/qigQFZRmydQ_000191/video.mp4,cow lowing
video/cZhfGauqj20_000030/video.mp4,skidding
video/cwhLkH1Ie-4_000235/video.mp4,hedge trimmer running
video/fSEpr4pZviU_000108/video.mp4,airplane flyby
video/UVy8bgD5Pbg_000003/video.mp4,whale calling
video/06pzMwo6VHA_000120/video.mp4,"playing marimba, xylophone"
video/jhp75b6frMw_000033/video.mp4,otter growling
video/E4oNVFYPj8Y_000300/video.mp4,people finger snapping
video/0IyXjTa_wmQ_000111/video.mp4,barn swallow calling
video/mhZMQF-y8n0_000097/video.mp4,playing snare drum
video/SuRVsbK22io_000320/video.mp4,people burping
video/PezifzPrIvc_000211/video.mp4,otter growling
video/6TUnFZqFhGg_000354/video.mp4,hedge trimmer running
video/kaz5auB2okE_000126/video.mp4,people gargling
video/kEa1IlvIW0k_000039/video.mp4,playing tambourine
video/XmELAvMLAEE_000117/video.mp4,"heart sounds, heartbeat"
video/AEwl00_Vv9s_000052/video.mp4,gibbon howling
video/oYFvyJtgE2E_000108/video.mp4,people nose blowing
video/Wtu8jHyZNVo_000091/video.mp4,bowling impact
video/EJ8CM855AjA_000107/video.mp4,eagle screaming
video/XvkNRGfbdw8_000017/video.mp4,fireworks banging
video/WiH7IuVJICg_000020/video.mp4,plastic bottle crushing
video/unt16ejLIvM_000276/video.mp4,swimming
video/CMzLTmZsUGo_000000/video.mp4,baby babbling
video/-42aitlKedE_000574/video.mp4,striking pool
video/HptgOC7kfkw_000004/video.mp4,otter growling
video/ZnzUnrS1MEs_000023/video.mp4,barn swallow calling
video/B-ABbng7Zo4_000508/video.mp4,barn swallow calling
video/w2vMywh5Nto_000010/video.mp4,playing mandolin
video/r5Or6-HOveg_000140/video.mp4,playing trombone
video/rMrXgKbKssw_000051/video.mp4,playing tympani
video/XeEbLeEh-ho_000027/video.mp4,civil defense siren
video/FsywuRmOMTM_000030/video.mp4,playing acoustic guitar
video/q0m71v7DDXc_000087/video.mp4,playing bass drum
video/ADjyDcauxzM_000030/video.mp4,dog growling
video/sNTN5PhIRoM_000025/video.mp4,bouncing on trampoline
video/5mHtxFuikDs_000000/video.mp4,people running
video/WSTJFJg6tzI_000022/video.mp4,tractor digging
video/vUn1NaMwqjg_000223/video.mp4,underwater bubbling
video/KcV64MycgT4_000019/video.mp4,"alligators, crocodiles hissing"
video/telZ8Dc0i_M_000294/video.mp4,people sniggering
video/CRlC9US2Vgs_000030/video.mp4,horse neighing
video/fPiRBxijEok_000694/video.mp4,lip smacking
video/s2rKr07YOiM_000110/video.mp4,cat purring
video/sUK2ModmFU8_000140/video.mp4,sloshing water
video/Kp3BH28CB0U_000164/video.mp4,playing congas
video/tfY-mdSTgvM_000108/video.mp4,bowling impact
video/IAf3HUIy0lA_000030/video.mp4,fire crackling
video/XRCj5j98CWY_000011/video.mp4,strike lighter
video/dN7HHeTZ44Y_000096/video.mp4,rope skipping
video/MnSZAzs8BtU_000025/video.mp4,cattle mooing
video/sFhwuCH4-J8_000200/video.mp4,tap dancing
video/Ti2XbGtfyNg_000225/video.mp4,playing guiro
video/PX9kGT0E7B0_000030/video.mp4,dog barking
video/Hf-uMkF-gyA_000296/video.mp4,playing drum kit
video/y_HY_bUr4Os_000020/video.mp4,singing bowl
video/LBH0InPJ-pU_000105/video.mp4,"electric shaver, electric razor shaving"
video/K6EhC59pgWA_000000/video.mp4,playing double bass
video/Mq5u8qFdVjQ_000152/video.mp4,car engine idling
video/gyiAvHSYyVY_000006/video.mp4,plastic bottle crushing
video/QdBB80CWUWU_000201/video.mp4,lip smacking
video/BHGB73ilrCc_000030/video.mp4,dog barking
video/XmjFnhOTLm0_000096/video.mp4,playing washboard
video/JP8ADbtN1UI_000030/video.mp4,"rowboat, canoe, kayak rowing"
video/Quz0khHKKAg_000262/video.mp4,playing timbales
video/5j_v9dhjbdU_000050/video.mp4,"bee, wasp, etc. buzzing"
video/23FY9sjfgM8_000117/video.mp4,ice cracking
video/FHrLulSgRpI_000039/video.mp4,scuba diving
video/QIRX5273XKk_000030/video.mp4,people clapping
video/foMCFJxrWnE_000270/video.mp4,"bee, wasp, etc. buzzing"
video/szZJa2XhkMM_000034/video.mp4,strike lighter
video/Dr3vf42udLY_000080/video.mp4,car engine knocking
video/Wd5l_FHGWfE_000170/video.mp4,playing theremin
video/pK5UyBgIZQU_000071/video.mp4,playing tambourine
video/3O0a3DAcNLM_000029/video.mp4,wind chime
video/GmKEGabCHEc_000009/video.mp4,smoke detector beeping
video/bhvuDEOfMxo_000143/video.mp4,playing timbales
video/nBV-l2UuGFo_000081/video.mp4,slot machine
video/-8lzdlqUtJQ_000061/video.mp4,"alligators, crocodiles hissing"
video/2sGnD9sd1xM_000470/video.mp4,typing on typewriter
video/-Wsuo4VDwfE_000030/video.mp4,chopping wood
video/73jyWz6o3X4_000130/video.mp4,people crowd
video/NSYSX_7fwag_000030/video.mp4,lions roaring
video/Lh3cr_mfrnI_000110/video.mp4,people sniggering
video/Zyqna-fRajk_000014/video.mp4,tornado roaring
video/_3ExGHT5R1A_000021/video.mp4,bathroom ventilation fan running
video/8HJcD-xKYo4_000080/video.mp4,male singing
video/wrQC3c6TH3U_000030/video.mp4,dog whimpering
video/XjkUtn062ho_000000/video.mp4,"cattle, bovinae cowbell"
video/ueki62069vg_000080/video.mp4,golf driving
video/i0cqbYWpmYU_000030/video.mp4,goat bleating
video/5kPVERHWpVI_000093/video.mp4,tornado roaring
video/U0SjklNoHDU_000069/video.mp4,playing timbales
video/ZVKgp2DGpcI_000010/video.mp4,dog bow-wow
video/qYjhJeSVJ2A_000030/video.mp4,singing bowl
video/XybTC0e-s9U_000039/video.mp4,playing darts
video/QEaBsR3qUKo_000180/video.mp4,singing bowl
video/gZX50sNGgwE_000010/video.mp4,car engine starting
video/-I3nR4HZK-E_000072/video.mp4,writing on blackboard with chalk
video/t8BwqzzqcDs_000134/video.mp4,people booing
video/RjVLYi4jQYc_000043/video.mp4,people battle cry
video/zml4ewtfjbA_000117/video.mp4,planing timber
video/XId82w2x-ZM_000210/video.mp4,playing electronic organ
video/aFKTFN8p-pw_000053/video.mp4,playing cornet
video/6hZQHsHfuSo_000175/video.mp4,pheasant crowing
video/F9B29hkyhCs_000000/video.mp4,church bell ringing
video/nCqe6N5e__0_000000/video.mp4,playing oboe
video/is1zUPpxNno_000070/video.mp4,playing lacrosse
video/9ZWmZdgrE78_000080/video.mp4,playing mandolin
video/7CG_9qUdU8M_000030/video.mp4,cattle mooing
video/ApNcj8ijJlo_000030/video.mp4,chainsawing trees
video/MFnTQnXK-Pc_000097/video.mp4,air conditioning noise
video/oaKEAU7SoCE_000030/video.mp4,playing harmonica
video/cBF73TX0xZk_000030/video.mp4,opening or closing drawers
video/O7D34TRxVTM_000061/video.mp4,playing washboard
video/YxCVP-9lvZ4_000215/video.mp4,playing double bass
video/_Yy8LLBGm60_000031/video.mp4,magpie calling
video/gedTn4z7wd4_000181/video.mp4,hedge trimmer running
video/GX88nJyAb_I_000030/video.mp4,playing piano
video/dMDeKRA1Qm4_000054/video.mp4,eagle screaming
video/ipSnR0fR_uA_000044/video.mp4,pheasant crowing
video/yXeKrbtMz2M_000010/video.mp4,"male speech, man speaking"
video/CE_cEThCA1M_000151/video.mp4,pheasant crowing
video/Tfv2TARaCfg_000079/video.mp4,tap dancing
video/7Gua0-UrKIw_000030/video.mp4,reversing beeps
video/byqu6vJWCIY_000068/video.mp4,striking bowling
video/gc9Ceh4ltaE_000030/video.mp4,pumping water
video/Q3aNijPpxGU_000033/video.mp4,chinchilla barking
video/w4iq4qYdu2k_000015/video.mp4,skidding
video/ST5bojWT3Jo_000108/video.mp4,sharpen knife
video/jEbK05u3Yq8_000011/video.mp4,chinchilla barking
video/RcVJVUfXWgU_000120/video.mp4,playing hammond organ
video/x9u_B7ybdVc_000389/video.mp4,"heart sounds, heartbeat"
video/DKX5QPMSjPQ_000021/video.mp4,underwater bubbling
video/rhT8kzRAEEM_000117/video.mp4,playing washboard
video/D7TB8b2t3QE_000530/video.mp4,people clapping
video/-RUvAmkAcgw_000707/video.mp4,slot machine
video/bGk6gbxWzCQ_000030/video.mp4,playing gong
video/eoINKEFklgM_000000/video.mp4,cattle mooing
video/mVPa8ZPnmxs_000316/video.mp4,strike lighter
video/QPR_tghZjAI_000030/video.mp4,people eating
video/NPenz7N4FeA_000515/video.mp4,sea waves
video/CsqoaGRJhfM_000030/video.mp4,chicken crowing
video/SuvLjNblJus_000044/video.mp4,metronome
video/IjvWW6rr77c_000140/video.mp4,playing harmonica
video/WvtA8J6HS-U_000116/video.mp4,airplane
video/k0ikzr_6EQg_000887/video.mp4,"race car, auto racing"
video/YIN5D9ffrtE_000049/video.mp4,coyote howling
video/MKRuxljwsOs_000030/video.mp4,mosquito buzzing
video/btzP6UEH1pI_000412/video.mp4,slot machine
video/KcV64MycgT4_000000/video.mp4,"alligators, crocodiles hissing"
video/b8Ak4qtNXfk_000007/video.mp4,playing tambourine
video/k7vN56aM7sE_000030/video.mp4,"bird chirping, tweeting"
video/flBqK-cHE7w_000030/video.mp4,horse neighing
video/f9gjQDw0I5Q_000134/video.mp4,playing castanets
video/5jpljP-cYyA_000410/video.mp4,"subway, metro, underground"
video/nljhIF3wxz4_000035/video.mp4,playing table tennis
video/7QnyKZe6VBA_000030/video.mp4,"female speech, woman speaking"
video/jaQ48brABIk_000340/video.mp4,goose honking
video/fhAAzi6MSXw_000070/video.mp4,cat caterwauling
video/Tu1BmVrerAw_000330/video.mp4,hair dryer drying
video/WkggEtB2ruY_000022/video.mp4,bowling impact
video/FayXchyGICg_000027/video.mp4,people booing
video/txzcPyj_6x0_000030/video.mp4,playing bass drum
video/PxV5flu0hi4_000060/video.mp4,lighting firecrackers
video/ie47-Wjj4Zw_000027/video.mp4,ferret dooking
video/mjkaaWMznVk_000020/video.mp4,people farting
video/VJ9E_Td0_dk_000030/video.mp4,people sniggering
video/gPE8O7DU7ns_000128/video.mp4,playing volleyball
video/gcyPMu7k1LM_000184/video.mp4,playing timbales
video/YjJa2bx67BY_000330/video.mp4,playing cello
video/Rtg1SUrxOPY_000130/video.mp4,people coughing
video/hZKPDpfzokM_000030/video.mp4,goose honking
video/yQQG03dAoLU_000020/video.mp4,driving motorcycle
video/7WMrQe87gRk_000340/video.mp4,playing trombone
video/AoIHTerxdas_000000/video.mp4,lawn mowing
video/BZTmMcmbNNg_000000/video.mp4,slot machine
video/xN-nKHyKx3E_000504/video.mp4,playing snare drum
video/r-IQvDMNbwI_000027/video.mp4,shot football
video/iJUC8TaMlkI_000219/video.mp4,electric grinder grinding
video/fvOZ_L5EY0k_000030/video.mp4,playing hammond organ
video/TGONNoxESV8_000121/video.mp4,child singing
video/hggJibID7fI_000076/video.mp4,airplane flyby
video/hEWlxtiO6Sw_000150/video.mp4,horse clip-clop
video/p-ASHwSVFSI_000080/video.mp4,playing harmonica
video/wr3l7gaXJDI_000002/video.mp4,roller coaster running
video/ScYKvpZ5kZ4_000028/video.mp4,people eating crisps
video/guGNQyMTm8Y_000101/video.mp4,playing castanets
video/i-g4r-1mKcg_000214/video.mp4,popping popcorn
video/ZKc97rLhU_k_000079/video.mp4,roller coaster running
video/WMPQ44bukK0_000397/video.mp4,people slurping
video/O2y4wIUAlpg_000111/video.mp4,sharpen knife
video/UILmgKExLgk_000095/video.mp4,wind chime
video/hzSgd10rtQ0_000120/video.mp4,opening or closing drawers
video/ENr5NQ-Q5aM_000000/video.mp4,fire crackling
video/K6AMkKsPams_000030/video.mp4,orchestra
video/O70kWGbFbbY_000204/video.mp4,playing congas
video/6dhU9_K2uw8_000030/video.mp4,"engine accelerating, revving, vroom"
video/7CTzN_wSb6g_000030/video.mp4,raining
video/oly1-pFU40c_000120/video.mp4,baby babbling
video/qu3cJGVvvWs_000110/video.mp4,playing timbales
video/pRm4t8VZxKw_000208/video.mp4,cuckoo bird calling
video/Skrr-UgHeHg_000008/video.mp4,lions growling
video/bSHxNkxMr74_000018/video.mp4,bouncing on trampoline
video/GGpS5Zychoc_000222/video.mp4,lathe spinning
video/1OFDyTzUj24_000030/video.mp4,"male speech, man speaking"
video/rg4bhfytF9A_000039/video.mp4,playing tympani
video/LPvJFjsxMj8_000030/video.mp4,cat meowing
video/qhOaqSH-x5E_000030/video.mp4,bird wings flapping
video/6kXUG1Zo6VA_000000/video.mp4,skateboarding
video/oHp-J8QgAd8_000030/video.mp4,sliding door
video/KF8MZdTRk1Q_000117/video.mp4,playing tympani
video/tGUWSgewh0A_000270/video.mp4,playing bass drum
video/0O5xrYEZlSM_000456/video.mp4,"heart sounds, heartbeat"
video/9888dOKNSBs_000030/video.mp4,tapping guitar
video/WgKO_IxUjr8_000180/video.mp4,playing flute
video/MJpuDZxhNws_000024/video.mp4,skiing
video/A0hl8W3RF5c_000000/video.mp4,train horning
video/EaxM8o_64fQ_000310/video.mp4,people whistling
video/fUA3_Ay6TSw_000030/video.mp4,dog whimpering
video/0TSOlaZXXM8_000080/video.mp4,playing bass guitar
video/pCVVjcjd1yM_000030/video.mp4,baby crying
video/edObQJBoSPU_000060/video.mp4,helicopter
video/MRFsJIQMxs0_000250/video.mp4,playing tabla
video/b6NX85h2230_000000/video.mp4,door slamming
video/oLUnCxodva0_000078/video.mp4,playing cornet
video/yVZe2RGcZIE_000013/video.mp4,driving snowmobile
video/72b5UupN-Nw_000150/video.mp4,"female speech, woman speaking"
video/skwl9axYSIE_000400/video.mp4,playing ukulele
video/cpxofMBzU8g_000181/video.mp4,canary calling
video/KnzKguXRJ-4_000030/video.mp4,"rowboat, canoe, kayak rowing"
video/L7E5Tv357Ys_000040/video.mp4,air conditioning noise
video/jQOIioBX-bo_000032/video.mp4,spraying water
video/nEdhQklTxd0_000030/video.mp4,frog croaking
video/9QzTS3fW9Fc_000088/video.mp4,playing tambourine
video/E0pr-jw5Nrg_000129/video.mp4,playing djembe
video/DLncH1MUazE_000005/video.mp4,dinosaurs bellowing
video/K0Y8oGYR7lw_000010/video.mp4,disc scratching
video/eozwlCm0QIo_000030/video.mp4,"bird chirping, tweeting"
video/dG7RFy7mAyY_000030/video.mp4,dog whimpering
video/v3nzRrcUBZk_000052/video.mp4,train wheels squealing
video/gywN2QJ3QOs_000140/video.mp4,stream burbling
video/0Q1uQL5SL7U_000495/video.mp4,yodelling
video/nHTOV_nJypc_000026/video.mp4,people shuffling
video/W6hBBs-MuM8_000145/video.mp4,missile launch
video/wYNKH0Ou9vM_000080/video.mp4,dog howling
video/yrOG_y_XhuA_000011/video.mp4,playing tambourine
video/-2xiZDEuHd8_000030/video.mp4,pig oinking
video/iosDKvAHUCI_000012/video.mp4,"ice cream truck, ice cream van"
video/DQg8b91HjRk_000030/video.mp4,"engine accelerating, revving, vroom"
video/wxCduHF0GKI_000000/video.mp4,police car (siren)
video/NdFLZw6nxxw_000145/video.mp4,shot football
video/ClS4xz2GtBk_000644/video.mp4,people eating apple
video/o4Z9DJi8AJo_000050/video.mp4,people hiccup
video/2XOTejBfF2g_000404/video.mp4,chopping wood
video/ge191yHHQio_000030/video.mp4,playing harpsichord
video/B8-2EKrNwzo_000120/video.mp4,cricket chirping
video/LTA3ncpTnUo_000030/video.mp4,using sewing machines
video/qfhNjpu_IU4_000000/video.mp4,stream burbling
video/XCgEMeRpPls_000129/video.mp4,train wheels squealing
video/gF_94kA99HY_000032/video.mp4,underwater bubbling
video/K_UqUbZjYRA_000002/video.mp4,cat growling
video/hhNR4K7kMoo_000030/video.mp4,"playing marimba, xylophone"
video/C989KLZ_3Tw_000021/video.mp4,playing tambourine
video/pnsntPDPfxg_000064/video.mp4,penguins braying
video/QpNmxMqXqBQ_000066/video.mp4,playing volleyball
video/Z6uLZX8EdXI_000040/video.mp4,bird wings flapping
video/vJybBPq4gtU_000212/video.mp4,magpie calling
video/07I7v5ISD7Y_000350/video.mp4,hair dryer drying
video/avcRRcIRnbY_000030/video.mp4,horse neighing
video/yL3wIs-MPHQ_000211/video.mp4,scuba diving
video/ewJ0zXCz1IM_000123/video.mp4,chopping wood
video/wNpfisnFMtQ_000010/video.mp4,people screaming
video/PlGrb1DKbao_000130/video.mp4,dog whimpering
video/FD1LeLl1xBA_000060/video.mp4,beat boxing
video/OCReBtZOo8A_000021/video.mp4,cow lowing
video/OHXzx_VG8_g_000110/video.mp4,bouncing on trampoline
video/xvS7Izhl40o_000014/video.mp4,whale calling
video/6Bh50bxvod4_000070/video.mp4,toilet flushing
video/MBRmjThZops_000000/video.mp4,police car (siren)
video/DMNFJ_mNz3M_000015/video.mp4,playing volleyball
video/uBaRlBqQj3A_000496/video.mp4,sea waves
video/Jp3ggRQzpHM_000072/video.mp4,train whistling
video/G8o4P-aM8UE_000196/video.mp4,planing timber
video/a6LS3EVuut4_000083/video.mp4,tractor digging
video/KiA1NLu5MCo_000001/video.mp4,snake hissing
video/VAfO711tnQA_000030/video.mp4,playing acoustic guitar
video/Q5zz22v6QR4_000012/video.mp4,mynah bird singing
video/8nXHZjNvZwY_000112/video.mp4,sharpen knife
video/nbq_65qlNQs_000156/video.mp4,cutting hair with electric trimmers
video/9zW-E0XdWdw_000160/video.mp4,female singing
video/99-mbUX8mJw_000030/video.mp4,sliding door
video/17Fh7LMMzhc_000070/video.mp4,playing ukulele
video/1hWAOReJehw_000140/video.mp4,playing tabla
video/Wqv0fvaXGM4_000052/video.mp4,squishing water
video/LD6nP2qlsRI_000030/video.mp4,people shuffling
video/_4GHOB8H3FQ_000225/video.mp4,turkey gobbling
video/Ez2GgfIG9v4_000070/video.mp4,driving snowmobile
video/FpYuJwh_vo8_000070/video.mp4,chicken crowing
video/YY1Qf9Q_Zx8_000037/video.mp4,dog baying
video/TKxGWjvYmT8_000200/video.mp4,sliding door
video/-Hwec_jA5bI_000044/video.mp4,squishing water
video/cbXK-IMJHtk_000015/video.mp4,sloshing water
video/Ox06RFTPG6A_000217/video.mp4,playing squash
video/N3B-vKpsKoE_000125/video.mp4,cow lowing
video/3yt8xEb1VXA_000200/video.mp4,raining
video/1LA8BxMlXSY_000080/video.mp4,ambulance siren
video/FszIzkuAyHo_000028/video.mp4,penguins braying
video/z1HOQQz221Q_000205/video.mp4,chimpanzee pant-hooting
video/dNK9bD3LNCc_000060/video.mp4,playing banjo
video/YS-Gtu-RuaE_000061/video.mp4,cupboard opening or closing
video/AX56NcvOf8w_000273/video.mp4,air conditioning noise
video/P79MiEXW6Ns_000041/video.mp4,lions growling
video/WQcS2qPupwQ_000094/video.mp4,opening or closing car electric windows
video/mK_y20VBdZM_000307/video.mp4,cell phone buzzing
video/7IUnipVNZoo_000112/video.mp4,beat boxing
video/klExMKT88MQ_000160/video.mp4,playing electronic organ
video/URLLMlOjf_w_000061/video.mp4,"fly, housefly buzzing"
video/GPARKbP7AX4_000130/video.mp4,opening or closing car electric windows
video/yQDWqmzQ7RQ_000100/video.mp4,stream burbling
video/ZdSAnqt9pw8_000018/video.mp4,zebra braying
video/HigTx0yxhIE_000130/video.mp4,fireworks banging
video/17CpJxlwzNg_000030/video.mp4,stream burbling
video/RWfQ46PM5jo_000011/video.mp4,mosquito buzzing
video/_Vgj16TXFdU_000100/video.mp4,thunder
video/M2WVhHYQvTM_000030/video.mp4,people sniggering
video/iSyWKTPonhQ_000121/video.mp4,electric grinder grinding
video/8xU2s6Y-_a0_000030/video.mp4,playing electronic organ
video/D-TltLbYiDU_000001/video.mp4,volcano explosion
video/86p6UVFIcFI_000030/video.mp4,cat meowing
video/qsupx-IXOzU_000470/video.mp4,playing saxophone
video/IVJkeUVwUaY_000145/video.mp4,playing erhu
video/zxpo56cpUBU_000007/video.mp4,people booing
video/4tOFGK47I5E_000005/video.mp4,cow lowing
video/2i1Gs32odx4_000410/video.mp4,playing tabla
video/qAyPuWeUDxc_000000/video.mp4,"fly, housefly buzzing"
video/EasYbFiP6y4_000013/video.mp4,playing badminton
video/4azTRWgh-9I_000000/video.mp4,bathroom ventilation fan running
video/TL6r9TTR7CY_000030/video.mp4,car passing by
video/eYY4WhdlS2c_000007/video.mp4,playing djembe
video/qrZAB7XymYU_000109/video.mp4,elephant trumpeting
video/mDhMhpU2ttE_000101/video.mp4,ripping paper
video/paHnOxkG3UY_000010/video.mp4,"cattle, bovinae cowbell"
video/TOEwQXeyNe8_000210/video.mp4,bull bellowing
video/nhYrHtdEeXw_000010/video.mp4,fireworks banging
video/Fl95Zz5wssE_000080/video.mp4,arc welding
video/QvIuzUF1fWs_000217/video.mp4,playing tympani
video/MQcCibmWHT8_000043/video.mp4,playing shofar
video/a23miUKGq6c_000003/video.mp4,dog bow-wow
video/M7pBb3Q6StM_000037/video.mp4,"playing steel guitar, slide guitar"
video/4WbbnjsFLBM_000043/video.mp4,children shouting
video/ha8lvNZ7n7c_000046/video.mp4,playing oboe
video/08mf5GxT820_000030/video.mp4,people shuffling
video/d-1th_S4J0U_000000/video.mp4,people belly laughing
video/OCaW_fZF1e8_000251/video.mp4,chimpanzee pant-hooting
video/l7xsreSdKHE_000020/video.mp4,rope skipping
video/SVJcOva0JYI_000005/video.mp4,sheep bleating
video/CcR1jeBHtCk_000058/video.mp4,snake rattling
video/lo3yvn1av2E_000030/video.mp4,fireworks banging
video/7Hjc-4a_3t4_000493/video.mp4,mouse clicking
video/snxMjHP5agw_000001/video.mp4,people cheering
video/RaC_D7KYVPw_000090/video.mp4,baby laughter
video/SDtPpEVplNY_000080/video.mp4,cow lowing
video/-FoTxwPOz3U_000000/video.mp4,"child speech, kid speaking"
video/nVpU4g6jWu8_000030/video.mp4,turkey gobbling
video/9-R70gSqvrc_000030/video.mp4,playing banjo
video/5cpLv-h3a8U_000020/video.mp4,car engine knocking
video/OH2SQhJqZDg_000000/video.mp4,playing timpani
video/AzkP4-XZjK0_000080/video.mp4,using sewing machines
video/UVPgh1SYQ9M_000456/video.mp4,airplane flyby
video/rUIGOcQMaSE_000040/video.mp4,playing vibraphone
video/KzdmGVwiPN0_000019/video.mp4,black capped chickadee calling
video/xohrYDd1KCU_000140/video.mp4,playing bugle
video/gdrXDL_exmA_000326/video.mp4,skiing
video/wr72HohtJ6Q_000025/video.mp4,people booing
video/4hl-3oay7c0_000007/video.mp4,pumping water
video/WF7ugi9ipYw_000120/video.mp4,"subway, metro, underground"
video/d-m8eXCpeDg_000030/video.mp4,driving motorcycle
video/-JUhUI_KvUI_000026/video.mp4,gibbon howling
video/9L2apEHg93I_000028/video.mp4,people gargling
video/zgM0pD0JIqc_000000/video.mp4,train whistling
video/aUfDxRelPHg_000022/video.mp4,lions roaring
video/1aDnyPubxdY_000118/video.mp4,baby crying
video/cKBrnjxlKgU_000254/video.mp4,playing bassoon
video/RMVwodtLI88_000500/video.mp4,sailing
video/CXRemJ1ZLC8_000250/video.mp4,"child speech, kid speaking"
video/Jmd7IviDxIU_000042/video.mp4,train horning
video/3kFl_TY3iUg_000000/video.mp4,cheetah chirrup
video/AcNCcWJezXI_000030/video.mp4,playing harmonica
video/YweMTt5aAVY_000070/video.mp4,splashing water
video/Wk7yTeKW230_000030/video.mp4,dog whimpering
video/Lsv0tKkfN8M_000030/video.mp4,orchestra
video/VXq0Dkog0RU_000023/video.mp4,beat boxing
video/rDL7ha8WS44_000174/video.mp4,tap dancing
video/AWdrtR8qXYs_000260/video.mp4,orchestra
video/EYWZz8l8yKg_000110/video.mp4,playing drum kit
video/cOPRJb3sKCo_000106/video.mp4,people nose blowing
video/jK32YxTVs1M_000013/video.mp4,underwater bubbling
video/cIGTj5lSvQs_000013/video.mp4,black capped chickadee calling
video/TAHDbSl7F_4_000290/video.mp4,cattle mooing
video/kY5sWKso__o_000160/video.mp4,splashing water
video/ij85kbIJzBE_000120/video.mp4,striking bowling
video/HhvCh6gOZS8_000372/video.mp4,cat hissing
video/VgF-5yk_QO8_000010/video.mp4,bowling impact
video/NhWhPUIeSLM_000005/video.mp4,hail
video/H1ynbvzW0js_000026/video.mp4,lions roaring
video/c8lfu6yJ0K4_000003/video.mp4,car passing by
video/n9etMRi77Wo_000273/video.mp4,alarm clock ringing
video/31uVf6wvCTA_000208/video.mp4,people battle cry
video/0YiyCktu7bs_000001/video.mp4,golf driving
video/zglG6Kx2eSw_000032/video.mp4,otter growling
video/W4acKG-KSTE_000030/video.mp4,people clapping
video/Whj0O5fyREo_000050/video.mp4,playing trombone
video/whdTql5vKno_000711/video.mp4,people eating crisps
video/cGUhG5PZp0A_000030/video.mp4,"male speech, man speaking"
video/OTBujHqhKhI_000000/video.mp4,snake rattling
video/IiJciyiQBDw_000010/video.mp4,opening or closing drawers
video/WLmYzJjwWr0_000026/video.mp4,airplane
video/Dz-X7XFrQsY_000066/video.mp4,squishing water
video/Je_ZaBzYQpo_000360/video.mp4,roller coaster running
video/YsUCzO0gfro_000060/video.mp4,people coughing
video/2gyMDnt8e6k_000411/video.mp4,playing tennis
video/G3c7Ye58Y2Q_000025/video.mp4,driving snowmobile
video/0IzhjqyDzt8_000000/video.mp4,church bell ringing
video/3afdupjoqvQ_000074/video.mp4,car engine idling
video/A9LkQyImgNI_000030/video.mp4,playing cello
video/ya6nAREgqLI_000109/video.mp4,underwater bubbling
video/ro_xNfE2_8Q_000219/video.mp4,parrot talking
video/pjuHVmcoVFc_000036/video.mp4,playing oboe
video/fsJdW_6HePY_000080/video.mp4,playing tennis
video/Jz5wulRv1Ps_000030/video.mp4,typing on computer keyboard
video/YrBpFByZmKM_000137/video.mp4,playing double bass
video/guFDo0MYm84_000000/video.mp4,foghorn
video/o2x75MH0G08_000030/video.mp4,playing cymbal
video/36znkD6gdgg_000002/video.mp4,mynah bird singing
video/Q5o7RYwXkvI_000070/video.mp4,woodpecker pecking tree
video/g3bUrhq5Vpw_000394/video.mp4,people gargling
video/NjFkfmusEbM_000140/video.mp4,playing saxophone
video/a23miUKGq6c_000042/video.mp4,dog bow-wow
video/-jFSYIHh6zc_000030/video.mp4,dog whimpering
video/RSryuuvUfDM_000050/video.mp4,playing acoustic guitar
video/oT8Vg7egGwI_000043/video.mp4,people booing
video/pdXr166xPeU_000240/video.mp4,lighting firecrackers
video/j-wEtmNLMgM_000062/video.mp4,cricket chirping
video/-JJmkQYZA-4_000020/video.mp4,chicken crowing
video/jiNF8appg9Y_000043/video.mp4,people eating apple
video/w9wfVOg6d1M_000006/video.mp4,beat boxing
video/VtuRGKGr3_Y_000008/video.mp4,police car (siren)
video/8SpDSZY-ge0_000451/video.mp4,"heart sounds, heartbeat"
video/Ta9R_TuzIUM_000153/video.mp4,driving snowmobile
video/xqWpfNB7AzE_000110/video.mp4,people belly laughing
video/nC3S8LBLL9I_000564/video.mp4,cutting hair with electric trimmers
video/wJ2kjZRzXPE_000107/video.mp4,black capped chickadee calling
video/X-eWpQTv0Yc_000210/video.mp4,eating with cutlery
video/A2PfJsLueeg_000203/video.mp4,playing tuning fork
video/EC7ZXHrHhvE_000057/video.mp4,chinchilla barking
video/No4Aig7t7YY_000062/video.mp4,baltimore oriole calling
video/RczMLTHyBKE_000250/video.mp4,"railroad car, train wagon"
video/LJbM0DMRM4Q_000000/video.mp4,horse clip-clop
video/gfT6IacNjJ0_000031/video.mp4,tornado roaring
video/I4YGt9SUYzg_000030/video.mp4,baby babbling
video/UoN2qtdE1YI_000090/video.mp4,lions roaring
video/_r--eecSZRk_000024/video.mp4,airplane flyby
video/3R-I6lSQFe0_000030/video.mp4,singing choir
video/q45BrzW-_xQ_000020/video.mp4,opening or closing car electric windows
video/ZaUaqnLdg6k_000030/video.mp4,skateboarding
video/aPQTrv2B1sw_000250/video.mp4,male singing
video/h3cFTbRIzdY_000106/video.mp4,hammering nails
video/XE4NRSDLYG8_000020/video.mp4,people clapping
video/9AXxJYM4daU_000000/video.mp4,police car (siren)
video/yatv7_3qcRo_000009/video.mp4,playing volleyball
video/A69_hm6mMrU_000023/video.mp4,playing volleyball
video/6BCoBGdvyiQ_000162/video.mp4,missile launch
video/Dgl_sLTIOaA_000030/video.mp4,hair dryer drying
video/0T39A4knSu4_000057/video.mp4,elephant trumpeting
video/aHEAK0iWqKk_000200/video.mp4,"playing marimba, xylophone"
video/cQiVY6w90_8_000260/video.mp4,"rowboat, canoe, kayak rowing"
video/H0MTqgT8UkU_000110/video.mp4,ocean burbling
video/2szvfFHZTV0_000160/video.mp4,swimming
video/PFR3S6jN0Ng_000030/video.mp4,playing electronic organ
video/YBtxdjUIF_Y_000091/video.mp4,beat boxing
video/kb3tfk8dxvU_000030/video.mp4,firing cannon
video/7G8ZGuGNrw8_000030/video.mp4,male singing
video/mLaon9oK1OA_000030/video.mp4,male singing
video/wVK0m7FDkGs_000058/video.mp4,otter growling
video/muq8TGLaiJM_000085/video.mp4,footsteps on snow
video/ePMvgRGm73U_000210/video.mp4,playing double bass
video/_mGrwBl_BMw_000010/video.mp4,singing bowl
video/mR8Hj0PLPz0_000017/video.mp4,blowtorch igniting
video/O_q02_oUP2M_000131/video.mp4,playing bugle
video/pfB7MFteFFY_000095/video.mp4,chimpanzee pant-hooting
video/FHuxuM-iRo4_000160/video.mp4,eating with cutlery
video/MwW0f2xh-fE_000000/video.mp4,bowling impact
video/799dPLm5vs4_000002/video.mp4,pheasant crowing
video/AAWe4zRLVVU_000030/video.mp4,playing timpani
video/W3aFYNylrWQ_000308/video.mp4,firing muskets
video/of8GHa1Ko8k_000014/video.mp4,"alligators, crocodiles hissing"
video/21Dc8a8X8qg_000007/video.mp4,volcano explosion
video/YnhHWJUvinE_000160/video.mp4,stream burbling
video/mm48vh_TmMI_000558/video.mp4,dinosaurs bellowing
video/sHy9FOblt7Y_000030/video.mp4,playing flute
video/AVodlWZShRc_000030/video.mp4,singing choir
video/V9EFYFKlYbE_000030/video.mp4,rapping
video/2Vu6HtlYio4_000219/video.mp4,snake rattling
video/6ragcEJVErI_000030/video.mp4,people clapping
video/o0auMW1-gjE_000458/video.mp4,people slurping
video/i1AGB7K6uZ0_000030/video.mp4,"motorboat, speedboat acceleration"
video/eP7b4e-GLXA_000030/video.mp4,fire crackling
video/PYvZ4KPGhHs_000000/video.mp4,"playing marimba, xylophone"
video/xoxlmx1OfuQ_000112/video.mp4,playing bugle
video/dn7CK_jxV_U_000148/video.mp4,"race car, auto racing"
video/srGhXnefH8k_000028/video.mp4,scuba diving
video/DhygJyCvYeA_000263/video.mp4,playing oboe
video/IBGfcPIw-KY_000000/video.mp4,dog howling
video/a59ivTlYoNk_000310/video.mp4,people screaming
video/RA8ck5zeHM0_000000/video.mp4,toilet flushing
video/LDhGe9q2Svw_000160/video.mp4,bird squawking
video/f9sagpKa8Zo_000040/video.mp4,playing saxophone
video/I1NE3H6soBU_000300/video.mp4,chicken crowing
video/raCIGB3B4mg_000271/video.mp4,driving snowmobile
video/HS100sqEvVk_000002/video.mp4,writing on blackboard with chalk
video/NqecEAJGCLA_000010/video.mp4,chipmunk chirping
video/n0cQ9m7SXqU_000135/video.mp4,"donkey, ass braying"
video/tAefxi1qmhU_000005/video.mp4,fox barking
video/vcZ3gN9ZRcA_000100/video.mp4,playing congas
video/0qSK2GuljEc_000580/video.mp4,playing gong
video/00cREXaIlnQ_000030/video.mp4,"rowboat, canoe, kayak rowing"
video/lPxP1lw-hy8_000200/video.mp4,dog whimpering
video/BOvH0ICyVLY_000109/video.mp4,whale calling
video/4zEOlAXBQ6g_000075/video.mp4,bowling impact
video/JV_iMt0idTU_000019/video.mp4,elk bugling
video/P5H8C-I7Qxc_000030/video.mp4,playing zither
video/-0BIyqJj9ZU_000030/video.mp4,people belly laughing
video/pL4zRe6Purs_000070/video.mp4,playing flute
video/Vlh9AMaTrLQ_000441/video.mp4,playing oboe
video/Fwdl3YZeLRk_000080/video.mp4,playing cymbal
video/PlEkvxhtZwc_000150/video.mp4,bird squawking
video/r1j1X3KJibM_000194/video.mp4,train whistling
video/yIXMPZL2eSQ_000042/video.mp4,cat purring
video/Hxf1seOpijE_000010/video.mp4,playing vibraphone
video/YcDPHZA3Dc8_000130/video.mp4,spraying water
video/XOeIr1N3kXM_000000/video.mp4,footsteps on snow
video/3OSOrymuA6A_000160/video.mp4,playing steelpan
video/KxzuJRh9GaQ_000030/video.mp4,owl hooting
video/y0TDJyuco0I_000010/video.mp4,playing drum kit
video/wPfv8ifzzyg_000030/video.mp4,lawn mowing
video/ZGYQX-172io_000011/video.mp4,dog bow-wow
video/jGOFaS079Rc_000081/video.mp4,yodelling
video/JA4NSoCs-Q0_000408/video.mp4,alarm clock ringing
video/7SdJsHDzHqk_000190/video.mp4,playing tabla
video/JnfMv9ti9Sw_000010/video.mp4,playing didgeridoo
video/0T966F09Q_8_000000/video.mp4,playing oboe
video/d6u0HKvr_cw_000342/video.mp4,cheetah chirrup
video/NwGcF_Ud-ig_000000/video.mp4,driving motorcycle
video/JVVbwIeoLxI_000271/video.mp4,spraying water
video/XaUXJG0BZuk_000000/video.mp4,playing electric guitar
video/Ubmh-lOoe3Y_000010/video.mp4,baby babbling
video/LNQ7fzfdLiY_000150/video.mp4,ambulance siren
video/Ng1LL3S02kI_000048/video.mp4,black capped chickadee calling
video/ubvQfpgcd48_000460/video.mp4,playing bassoon
video/GU7mq8uZgJo_000135/video.mp4,playing tennis
video/MdGJApR9jpA_000160/video.mp4,pumping water
video/2nVGw0vvwG4_000005/video.mp4,otter growling
video/pbDAz2Bi4rI_000000/video.mp4,playing bagpipes
video/BMS_gXhrrko_000000/video.mp4,sea lion barking
video/4NBN36NCT-8_000030/video.mp4,"bird chirping, tweeting"
video/Hu8H7Dt5vSA_000030/video.mp4,dog whimpering
video/lchja4Ln8lw_000153/video.mp4,people gargling
video/LdBuyaHo5Vg_000017/video.mp4,bull bellowing
video/AXVytVHJblw_000030/video.mp4,playing cymbal
video/S1_mKhT8FVo_000028/video.mp4,playing hockey
video/HhUYxDk7_98_000018/video.mp4,horse clip-clop
video/-ziWHyk_fYQ_000106/video.mp4,civil defense siren
video/q21PECgtkpc_000000/video.mp4,police radio chatter
video/o5LsmKXZTCQ_000030/video.mp4,people sniggering
video/FsLaTZmP6Uw_000006/video.mp4,playing table tennis
video/fvWS01GjKIw_000010/video.mp4,ocean burbling
video/1SPu2hsIhDw_000167/video.mp4,roller coaster running
video/BnjqGhAlFzs_000030/video.mp4,playing harpsichord
video/Q6hIvsdfCF8_000010/video.mp4,people finger snapping
video/zsZr_xJ7ECQ_000029/video.mp4,baby laughter
video/NIklY_eIHdQ_000039/video.mp4,tap dancing
video/OKTXYGtTb6E_000059/video.mp4,playing shofar
video/K2nicVw_XRM_000089/video.mp4,people cheering
video/h1v97wZQSPs_000000/video.mp4,people farting
video/VToLYUUD5Dw_000022/video.mp4,bowling impact
video/aPONneIX9UE_000480/video.mp4,opening or closing drawers
video/SVsg07esckU_000080/video.mp4,hair dryer drying
video/00gxEsWO4mo_000259/video.mp4,people slurping
video/XxUy-R_X2kw_000028/video.mp4,sloshing water
video/JJMEP5noh34_000110/video.mp4,bird wings flapping
video/kf0YrFpuNKQ_000030/video.mp4,machine gun shooting
video/rZctZoTH7TY_000037/video.mp4,chopping wood
video/VU-NQMhwnEs_000150/video.mp4,sea lion barking
video/P02Zdk3amjk_000030/video.mp4,baby crying
video/1hknEtsmdOc_000030/video.mp4,car passing by
video/h_m8EqsraXs_000072/video.mp4,lions growling
video/3kx-UhywUf0_000020/video.mp4,vacuum cleaner cleaning floors
video/bmefVbk2-lM_000114/video.mp4,playing djembe
video/UkKDHtVKDrc_000473/video.mp4,driving snowmobile
video/NL_YbLLrvaI_000026/video.mp4,skiing
video/MCmoP0OTqY8_000210/video.mp4,playing vibraphone
video/jaK5VEN7fKY_000030/video.mp4,typing on typewriter
video/ZdB5tlpurJI_000010/video.mp4,playing mandolin
video/t7GM_V8yLqs_000085/video.mp4,playing table tennis
video/T6cqaSkv9MQ_000084/video.mp4,baltimore oriole calling
video/okV885X8CIY_000584/video.mp4,firing muskets
video/v0L5_nBtMpk_000001/video.mp4,playing congas
video/0UeEkqkZmvo_000160/video.mp4,playing washboard
video/t_RxQe51MVo_000010/video.mp4,dog baying
video/Akmt_1N_tuU_000030/video.mp4,raining
video/SvRtOYGMWV8_000050/video.mp4,raining
video/COIZ9xZCRyI_000009/video.mp4,people nose blowing
video/n_MNkvDX5Dk_000170/video.mp4,playing gong
video/DYdalOQnx1Y_000030/video.mp4,driving buses
video/giATGEw8nAk_000107/video.mp4,police radio chatter
video/a3UQ9Je4xQM_000020/video.mp4,dog growling
video/TOUHOWRpQYA_000230/video.mp4,mouse clicking
video/usfT2KJQhAc_000048/video.mp4,foghorn
video/7pdrGzdWMzI_000050/video.mp4,rapping
video/ecrdsx4xuiY_000001/video.mp4,cow lowing
video/6GDtb6DWKdE_000103/video.mp4,people humming
video/BvjaNZKOYiU_000030/video.mp4,printer printing
video/6kuESYFcEqw_000030/video.mp4,"engine accelerating, revving, vroom"
video/-vZ-_4oFCzs_000017/video.mp4,cat meowing
video/KcYCxfTPfY0_000000/video.mp4,sea lion barking
video/SDhI4yyHlEM_000508/video.mp4,male singing
video/ZAgmaBqrdEM_000017/video.mp4,gibbon howling
video/HNtNFaXeYQ4_000140/video.mp4,playing harp
video/PD9qAU6kazY_000270/video.mp4,cap gun shooting
video/A6_Rikjub4o_000032/video.mp4,people battle cry
video/_eBYRnly4m8_000097/video.mp4,playing cornet
video/9HfaCcER3aM_000130/video.mp4,parrot talking
video/yO5YnmljmoQ_000001/video.mp4,children shouting
video/RF3rog2YjYw_000030/video.mp4,baby laughter
video/VeKRX7eC2To_000030/video.mp4,playing clarinet
video/IMWPb20akf8_000051/video.mp4,slot machine
video/-mN5Uo1_TRI_000100/video.mp4,striking pool
video/28_H0GAijwc_000000/video.mp4,playing electronic organ
video/g-ghr5fAVpE_000030/video.mp4,playing didgeridoo
video/GtPLlcyLykQ_000030/video.mp4,"motorboat, speedboat acceleration"
video/6_TGlFO0DCk_000010/video.mp4,"railroad car, train wagon"
video/hCbPUyqgdPY_000191/video.mp4,people gargling
video/EW1Jk7-DIO0_000030/video.mp4,duck quacking
video/XIYDWaFKK0g_000032/video.mp4,planing timber
video/bKzyLIonf0c_000030/video.mp4,"motorboat, speedboat acceleration"
video/YqVk-ZEQyHM_000000/video.mp4,playing drum kit
video/OPDPzxXvvPE_000052/video.mp4,telephone bell ringing
video/qPaXT7mWUj0_000991/video.mp4,playing hockey
video/Xx13khTTtJ0_000159/video.mp4,airplane flyby
video/GXuqtCdONDs_000091/video.mp4,playing bassoon
video/lQys2bjoHog_000003/video.mp4,chimpanzee pant-hooting
video/lMms5mWwXjw_000162/video.mp4,tap dancing
video/u8o3UihxoDM_000492/video.mp4,striking bowling
video/vNa6xjsD8wc_000461/video.mp4,swimming
video/0O-gZoirpRA_000030/video.mp4,reversing beeps
video/iXFMyZm8fZY_000047/video.mp4,forging swords
video/1XZyIaJT8Lw_000106/video.mp4,snake hissing
video/hYk2rw9wcXc_000070/video.mp4,"male speech, man speaking"
video/A-OZ4_eEMRo_000150/video.mp4,machine gun shooting
video/NcIR-UiXJI0_000030/video.mp4,chicken crowing
video/Qzj4QGWPtFE_000029/video.mp4,coyote howling
video/VcLXzvRjTXg_000017/video.mp4,"alligators, crocodiles hissing"
video/M4QNImtbFlQ_000030/video.mp4,lawn mowing
video/vJG_xzuu7M4_000100/video.mp4,playing mandolin
video/dhvZfhfH4HA_000062/video.mp4,playing erhu
video/1rtXsGC-q3Q_000030/video.mp4,"engine accelerating, revving, vroom"
video/hmbXi3Tu56c_000030/video.mp4,"rowboat, canoe, kayak rowing"
video/dm5DJNfGJTs_000032/video.mp4,playing djembe
video/UVCxSYZ2Now_000030/video.mp4,baby crying
video/H9JA9CibQmU_000210/video.mp4,baby babbling
video/GO26Uzae8JI_000227/video.mp4,people humming
video/kJ3G_kQXiYs_000188/video.mp4,blowtorch igniting
video/Wjgj2_InitY_000514/video.mp4,people slurping
video/LC79lWBAlR4_000410/video.mp4,playing bassoon
video/3vp3XshIuSI_000017/video.mp4,playing bassoon
video/F3zZtNNNEus_000100/video.mp4,playing volleyball
video/-fPdOa99Iwg_000030/video.mp4,people sniggering
video/9P6-DKN1XLA_000320/video.mp4,ambulance siren
video/F5iBhMGDdwE_000070/video.mp4,"cattle, bovinae cowbell"
video/RRpcIanKONA_000025/video.mp4,smoke detector beeping
video/1q8kkQhS97g_000140/video.mp4,playing cymbal
video/wCS4CGftfd8_000022/video.mp4,pig oinking
video/mxH5Ueh1fYo_000536/video.mp4,"playing steel guitar, slide guitar"
video/U6U6DxCLIqo_000325/video.mp4,train horning
video/qET3h3w35EA_000110/video.mp4,orchestra
video/xQ9L6b633Ac_000069/video.mp4,police radio chatter
video/JlmUCZKjkuY_000244/video.mp4,"playing violin, fiddle"
video/LO29f7oGgmo_000158/video.mp4,bowling impact
video/5-SzNKBcPWs_000030/video.mp4,dog bow-wow
video/l2ONckkeGGQ_000115/video.mp4,civil defense siren
video/a9B_HA3y8WQ_000030/video.mp4,driving buses
video/H0AidwYu8hs_000184/video.mp4,people gargling
video/NChR0sxb9ig_000039/video.mp4,spraying water
video/Dr4Ijx7Q9jk_000030/video.mp4,people clapping
video/Av2DNdWzziA_000035/video.mp4,striking pool
video/AOwwp601QZw_000130/video.mp4,lawn mowing
video/ddHMstEKZko_000010/video.mp4,playing clarinet
video/AJRD-zU2Akw_000000/video.mp4,lighting firecrackers
video/9ge5GwYO-pU_000016/video.mp4,rope skipping
video/j8vekQPmE4E_000020/video.mp4,playing accordion
video/GKPDhTCffNw_000292/video.mp4,train wheels squealing
video/MAhYAMZ50VI_000100/video.mp4,dog howling
video/gEBm_DYH-xA_000030/video.mp4,dog whimpering
video/o_kiCratdFg_000010/video.mp4,car engine starting
video/CIN_pzwxrCE_000069/video.mp4,ferret dooking
video/IOqtQmToNFg_000010/video.mp4,playing vibraphone
video/QqyUVqi3fOg_000095/video.mp4,train wheels squealing
video/ukX18v7w76E_000063/video.mp4,"alligators, crocodiles hissing"
video/NJw1ymMGC7g_000160/video.mp4,bird wings flapping
video/yiSqOfg_Tps_000425/video.mp4,fox barking
video/MOr1AtMw1bw_000040/video.mp4,people screaming
video/BioGVnRl7OE_000127/video.mp4,barn swallow calling
video/MT0ujxJyAvs_000108/video.mp4,eletric blender running
video/E6Fb7i2rP-Q_000370/video.mp4,vacuum cleaner cleaning floors
video/dt9d70BGio4_000019/video.mp4,playing squash
video/Ju4r0QU0Qg0_000018/video.mp4,bull bellowing
video/BP7tLbj4fOI_000030/video.mp4,car engine starting
video/pwV5A_VVYmU_000010/video.mp4,playing cymbal
video/pPiZRPr_htM_000098/video.mp4,playing tambourine
video/uT42qImw7Ow_000030/video.mp4,people whistling
video/3c6dQju-FYU_000021/video.mp4,civil defense siren
video/XEQXKjMuP6Q_000113/video.mp4,eletric blender running
video/AI7xMI4BJ8s_000143/video.mp4,spraying water
video/2wIrHCaxBNU_000370/video.mp4,mosquito buzzing
video/xM8c2szyqx4_000075/video.mp4,spraying water
video/VulCKZgWspc_000080/video.mp4,car passing by
video/d-qCd8Src3E_000839/video.mp4,striking pool
video/7fLnFGd79-s_000056/video.mp4,chipmunk chirping
video/6OiMNYnT2-I_000023/video.mp4,sloshing water
video/WdFo-w5z_gY_000370/video.mp4,playing vibraphone
video/SgyeshD8RJY_000140/video.mp4,people clapping
video/AF0CtMb81t8_000030/video.mp4,dog barking
video/WclYLl_KlwA_000050/video.mp4,dog bow-wow
video/0W_wPc-zV3I_000101/video.mp4,hedge trimmer running
video/V9jIsOTC1lY_000030/video.mp4,playing steelpan
video/_ZgmqR5ObYg_000120/video.mp4,playing harpsichord
video/b7fP0ON5qIU_000008/video.mp4,bull bellowing
video/7RzOEijaUYg_000042/video.mp4,cutting hair with electric trimmers
video/yQMi8hinORM_000140/video.mp4,playing steelpan
video/pYJbZ9c-_pE_000117/video.mp4,pheasant crowing
video/5lZFGZXH20E_000380/video.mp4,people clapping
video/gd2-qjVH_DI_000032/video.mp4,playing timbales
video/gd2-qjVH_DI_000020/video.mp4,playing timbales
video/chzNFmwEajw_000020/video.mp4,tornado roaring
video/0G50t4FlbIA_000060/video.mp4,people screaming
video/5uOe6-ISwyw_000240/video.mp4,people crowd
video/XhFQ3kIyjdU_000363/video.mp4,people eating crisps
video/FpjFjKdm9eI_000040/video.mp4,skateboarding
video/dp5VlGurxM4_000128/video.mp4,alarm clock ringing
video/ylmY-KO-Yy4_000001/video.mp4,sea lion barking
video/Af4OOFNWp2Q_000000/video.mp4,people sobbing
video/Juex-zs5Luk_000030/video.mp4,horse neighing
video/fFPn4nfp0YA_000030/video.mp4,lawn mowing
video/ERxlveTpCnw_000137/video.mp4,sharpen knife
video/qjjP3COeDwk_000091/video.mp4,squishing water
video/qj7rUWtlsaM_000060/video.mp4,sloshing water
video/uSRcSa1-d5o_000098/video.mp4,parrot talking
video/-2sE5CH8Wb8_000030/video.mp4,reversing beeps
video/HHg3q4Dl7bg_000214/video.mp4,shot football
video/kTS0z-5T0nc_000027/video.mp4,playing guiro
video/fBNRPy9yRy0_000026/video.mp4,squishing water
video/9BGpWG8iqpQ_000000/video.mp4,people belly laughing
video/cuINEhfQW98_000289/video.mp4,ice cracking
video/aUVT2tUbPN8_000187/video.mp4,spraying water
video/Ky8aKwI522Q_000050/video.mp4,"male speech, man speaking"
video/ZZoM-leT_0U_000041/video.mp4,dog baying
video/EcywputDZmE_000030/video.mp4,chainsawing trees
video/u8D5Z_glilQ_000001/video.mp4,playing bongo
video/FAcA4CyL90s_000127/video.mp4,tap dancing
video/UmE1pLOIF44_000401/video.mp4,people sniggering
video/o-HDwb0wIXA_000066/video.mp4,electric grinder grinding
video/OuvUTzK6Ix4_000040/video.mp4,cap gun shooting
video/xTDmWAfnFl0_000181/video.mp4,chopping food
video/7UpWB3q3Tf8_000030/video.mp4,singing bowl
video/CSu8Bv3EY6o_000040/video.mp4,people crowd
video/bkFvzo2HSrU_000032/video.mp4,playing congas
video/AS0PySOANPo_000130/video.mp4,"motorboat, speedboat acceleration"
video/mh6JxDJ0Bno_000030/video.mp4,"female speech, woman speaking"
video/jHxMioq9-uw_000003/video.mp4,playing bongo
video/ApgCxwAImCE_000030/video.mp4,playing hammond organ
video/oY1T2xMn1pE_000082/video.mp4,bouncing on trampoline
video/rmyjT-6mWwk_000170/video.mp4,playing flute
video/M5muPmmToqQ_000045/video.mp4,fox barking
video/o3HACXmd6xo_000042/video.mp4,people eating crisps
video/n3rUVrPeFAQ_000135/video.mp4,elephant trumpeting
video/Bik1ZmiW7gI_008104/video.mp4,orchestra
video/KgeMz90Heu0_000613/video.mp4,eagle screaming
video/QRLfJ0FuEbc_000267/video.mp4,sea lion barking
video/g0RO_LNR_hQ_000052/video.mp4,underwater bubbling
video/YpOHemscGCk_000000/video.mp4,people burping
video/eIlin6nSUd0_000100/video.mp4,mouse pattering
video/Avx2pHZBLbA_000034/video.mp4,people giggling
video/J3yMNpeDo6Q_000030/video.mp4,cap gun shooting
video/ddtqWAxjBI8_000031/video.mp4,elk bugling
video/qNk_mhwmkws_000130/video.mp4,golf driving
video/4LnCvnu9QOo_000010/video.mp4,people hiccup
video/kVR18Eie7mM_000187/video.mp4,playing darts
video/tej3zK91UVQ_000208/video.mp4,tornado roaring
video/WeBPE7xdTH4_000012/video.mp4,chicken clucking
video/CrNtUnMS4_Y_000004/video.mp4,warbler chirping
video/4GxRRVp3hD4_000018/video.mp4,dog whimpering
video/q3K9i1GDo9A_000021/video.mp4,air conditioning noise
video/ETJOLbXNiwA_000007/video.mp4,airplane
video/SBsajFvgc7Y_000170/video.mp4,"vehicle horn, car horn, honking"
video/Nlz4K0vYExA_000004/video.mp4,cutting hair with electric trimmers
video/8rdFWmDjL9c_000030/video.mp4,horse clip-clop
video/2JNmOJNTsdE_000032/video.mp4,hammering nails
video/k2b3toww2Mw_000001/video.mp4,lions growling
video/23iz1nJSRkE_000063/video.mp4,playing bugle
video/uO34zKivHzI_000260/video.mp4,playing oboe
video/4N_Bj_RK8Cw_000030/video.mp4,horse neighing
video/FjeBeV_0-aE_000030/video.mp4,playing zither
video/BHPYgbsCEtk_000000/video.mp4,baby laughter
video/Fk4VP1Qo4so_000018/video.mp4,train horning
video/_MBCVvbtdtI_000470/video.mp4,playing harp
video/rLDm254jtZA_000021/video.mp4,playing tennis
video/We8gO_xIDcQ_000018/video.mp4,playing timbales
video/N54Bk7ZWm4g_000067/video.mp4,blowtorch igniting
video/vwx5yb-qnuo_000033/video.mp4,underwater bubbling
video/YzZg6a0Hxvk_000023/video.mp4,whale calling
video/EWemthMZDkM_000166/video.mp4,hammering nails
video/BbND7nQxop4_000030/video.mp4,lighting firecrackers
video/KR5Iu9gyLXo_000030/video.mp4,playing bagpipes
video/3FNTvu5iROw_000076/video.mp4,wood thrush calling
video/RUfBSmbs6j0_000025/video.mp4,hammering nails
video/KkPrgFi9X6U_000020/video.mp4,eating with cutlery
video/6JxWhhZmGCs_000110/video.mp4,playing cymbal
video/tQamQOhxjwY_000225/video.mp4,planing timber
video/3Qp2UG9kXss_000034/video.mp4,cheetah chirrup
video/guYWKdxrtIg_000030/video.mp4,playing bass guitar
video/N4yxwdPnRQk_000028/video.mp4,missile launch
video/7rqy1JhY7TU_000030/video.mp4,goat bleating
video/IGF__xZmktU_000167/video.mp4,parrot talking
video/a9iCA_YXm-Y_000030/video.mp4,people sniggering
video/IT7iv85SaUQ_000086/video.mp4,civil defense siren
video/uSBP9aYwfhU_000018/video.mp4,owl hooting
video/Jgg8HRAvNQM_000022/video.mp4,playing cornet
video/F5Pbua5Wp7A_000004/video.mp4,cat growling
video/I6nRHMGe4Q8_000129/video.mp4,zebra braying
video/crToMuDxmL8_000050/video.mp4,playing banjo
video/KvxnDW-o0cg_000160/video.mp4,eagle screaming
video/T8jK1bELCfs_000030/video.mp4,mouse squeaking
video/yKYMxch2iYg_000001/video.mp4,shot football
video/XZJcJHXOku8_000113/video.mp4,people booing
video/eeiDM1H_Y-w_000020/video.mp4,toilet flushing
video/XMATVI0hyR4_000093/video.mp4,yodelling
video/FWNcjUpRg04_000030/video.mp4,playing bagpipes
video/HrYmJqfYQCY_000668/video.mp4,ice cracking
video/iKWclBFnR2M_000001/video.mp4,mynah bird singing
video/-3-4qmWSJXU_000030/video.mp4,thunder
video/kEMNy7-6le8_000030/video.mp4,playing accordion
video/z3h01MBxikE_000000/video.mp4,missile launch
video/wGms6MZt-vU_000040/video.mp4,people finger snapping
video/0wzsE67O5tE_000230/video.mp4,playing ukulele
video/K3ByFtd0ugA_000148/video.mp4,playing oboe
video/n4-THBrsn4o_000123/video.mp4,coyote howling
video/mKAtxfzd5U0_000015/video.mp4,goose honking
video/dU5GJkZ2Ltw_000044/video.mp4,parrot talking
video/hl19xAqJqoQ_000027/video.mp4,sailing
video/DDlAcAppYtE_000026/video.mp4,parrot talking
video/uQIYrVyPkAw_000010/video.mp4,people belly laughing
video/pzbO6YfqYII_000030/video.mp4,door slamming
video/-_QPd-VskKY_000030/video.mp4,mouse squeaking
video/yQhUzCu4kQY_000015/video.mp4,woodpecker pecking tree
video/CyKt86nLh-Y_000030/video.mp4,"pigeon, dove cooing"
video/d75jRtnpIa8_000010/video.mp4,bird wings flapping
video/CpoUHOCPaNw_000020/video.mp4,playing harp
video/VQ3h0ZA3FQ0_000260/video.mp4,"vehicle horn, car horn, honking"
video/Oi5mX1TqlX0_000000/video.mp4,striking bowling
video/lDABsoatahM_000000/video.mp4,playing cello
video/e9vBt3krCh4_000060/video.mp4,cat growling
video/bE2g05K-B94_000049/video.mp4,cow lowing
video/haEhBq0E5Eo_000119/video.mp4,eletric blender running
video/gPaoJv-NrEU_000030/video.mp4,people clapping
video/7u3_Unnj0ZU_000075/video.mp4,dog baying
video/QAK2QJ2_8WA_000057/video.mp4,eletric blender running
video/APqRQ4_NLcY_000013/video.mp4,black capped chickadee calling
video/GwBS2NzjAvA_000030/video.mp4,"engine accelerating, revving, vroom"
video/jEU8MG1w6oo_000080/video.mp4,playing drum kit
video/Ke1oAMn5aXE_000060/video.mp4,ocean burbling
video/JDBu-3VCyWc_000110/video.mp4,playing accordion
video/z8CiZOOvzy0_000000/video.mp4,fire crackling
video/WHbTfjudLHY_000014/video.mp4,smoke detector beeping
video/ZL9Jgk9qDlY_000115/video.mp4,plastic bottle crushing
video/s5HoypqsP8A_000088/video.mp4,chipmunk chirping
video/66eFB3sy7Bw_000360/video.mp4,typing on computer keyboard
video/zQm4CQVWqzw_000174/video.mp4,blowtorch igniting
video/5mEo_f42YpI_000139/video.mp4,roller coaster running
video/5Eu8C0010X0_000021/video.mp4,baby crying
video/1aexyJH0jU8_000002/video.mp4,blowtorch igniting
video/O4WYWXxjMwY_000000/video.mp4,mosquito buzzing
video/i99_Kgi0WIU_000030/video.mp4,people whispering
video/NF1lwZ24RYI_000030/video.mp4,dog barking
video/0Cl6hXpryhY_000030/video.mp4,basketball bounce
video/Bx9dAclTA04_000176/video.mp4,playing bugle
video/xvVz2LbGiMM_000167/video.mp4,people gargling
video/tnmwXN4aTyw_000165/video.mp4,"donkey, ass braying"
video/ZV9-hp6TMug_000000/video.mp4,playing clarinet
video/y6j_0V7Kbmc_000098/video.mp4,bouncing on trampoline
video/HcmzzM7q6-4_000060/video.mp4,"child speech, kid speaking"
video/Muk-rhftfYw_000001/video.mp4,volcano explosion
video/RIrwRBosuIw_000000/video.mp4,underwater bubbling
video/YuyNjGeVUEc_000000/video.mp4,frog croaking
video/ens9NP4O468_000017/video.mp4,cow lowing
video/rw0KRJIyyM4_000046/video.mp4,playing darts
video/KEprnXLR6Z4_000010/video.mp4,elk bugling
video/gZbqznxxrbE_000367/video.mp4,airplane
video/6qhJaGa5JmQ_000030/video.mp4,playing clarinet
video/QpKhFTFh0B8_000029/video.mp4,coyote howling
video/Vfcfj4OIJXE_000030/video.mp4,rapping
video/z8X-Xb03RIc_000016/video.mp4,telephone bell ringing
video/4hd2CLrzCZs_000030/video.mp4,"engine accelerating, revving, vroom"
video/6jdeSAmkzEU_000030/video.mp4,playing electric guitar
video/lGZKkiZEDBY_000014/video.mp4,"alligators, crocodiles hissing"
video/6q0MGwl-xZA_000030/video.mp4,singing choir
video/OIqd2UrvGcI_000109/video.mp4,"ice cream truck, ice cream van"
video/0EyJ15KLxg4_000390/video.mp4,playing hammond organ
video/gvuoL6ugzvw_000040/video.mp4,chainsawing trees
video/V_NbY-oVDJI_000030/video.mp4,"female speech, woman speaking"
video/OhmcZInYYwE_000173/video.mp4,playing tambourine
video/WKbADRKJLo0_000138/video.mp4,coyote howling
video/bWyrxAZCOhA_000020/video.mp4,playing cello
video/DcpPZ9pltNs_000137/video.mp4,cupboard opening or closing
video/GB4zmWN0KxE_000062/video.mp4,people giggling
video/F6V4AGDf3nE_000047/video.mp4,golf driving
video/KkHg_LpdPF4_000030/video.mp4,frog croaking
video/HMnF8n9c5-Y_000030/video.mp4,people coughing
video/QHPJK945JVg_000010/video.mp4,reversing beeps
video/UBw5ujeODmE_000030/video.mp4,"bird chirping, tweeting"
video/ghRyW0bkt8c_000105/video.mp4,smoke detector beeping
video/_rgOfS3NOSY_000108/video.mp4,playing djembe
video/IMIuEADfRTQ_000140/video.mp4,bird wings flapping
video/0g-KosNgMYA_000070/video.mp4,"railroad car, train wagon"
video/-RO4IF8Qv3c_000369/video.mp4,playing darts
video/wjoKYbUM9Wo_000040/video.mp4,"cattle, bovinae cowbell"
video/e42ylHtkQ5M_000030/video.mp4,typing on typewriter
video/JbJdDQT9pTQ_000176/video.mp4,squishing water
video/Ap2plDNvTTU_000080/video.mp4,sloshing water
video/9gCeNCnWZhE_000030/video.mp4,wind rustling leaves
video/5FlNBuS7YgM_000140/video.mp4,playing mandolin
video/BHf4pvm-gGM_000030/video.mp4,playing cello
video/dGnbCweP0pI_000162/video.mp4,opening or closing car doors
video/r-WAg3di0Zo_000056/video.mp4,people eating crisps
video/kx_G2a2hL6U_000153/video.mp4,people sniggering
video/1kV-NUwWfSc_000063/video.mp4,magpie calling
video/nMU8Ypq7fjw_000070/video.mp4,hedge trimmer running
video/ivuAO95MJSc_000060/video.mp4,spraying water
video/-NwBdmVSg1w_000000/video.mp4,cat hissing
video/Zgogkej7gHg_000274/video.mp4,sheep bleating
video/fTcSVQJ2h8g_000050/video.mp4,police car (siren)
video/pWLDewht-Kw_000156/video.mp4,black capped chickadee calling
video/0WTf_N9NPDw_000023/video.mp4,people eating apple
video/AsghD21CFr4_000030/video.mp4,lawn mowing
video/M6NJA3tF044_000057/video.mp4,elk bugling
video/tZFs-kLTpyg_000003/video.mp4,train whistling
video/I9DXY3uVflY_000152/video.mp4,opening or closing car doors
video/HfMOBHKi9Dw_000001/video.mp4,arc welding
video/JPZlyvPNZj4_000030/video.mp4,tapping guitar
video/LMrVjK1otdM_000131/video.mp4,bowling impact
video/-pBFsYisTCM_000010/video.mp4,playing vibraphone
video/_S81Rj5Q73A_000010/video.mp4,volcano explosion
video/cXHEvHylsHg_000230/video.mp4,playing harmonica
video/7nglQSmcjAk_000030/video.mp4,reversing beeps
video/EQJHgbw5LFE_000000/video.mp4,door slamming
video/SB1dEgUQh3w_000187/video.mp4,electric grinder grinding
video/AlZv9bRtnws_000030/video.mp4,playing bass guitar
video/-hn5Sfg7kX0_000000/video.mp4,mouse pattering
video/5569EtjDU_M_000290/video.mp4,eating with cutlery
video/-4kkGS4-qVM_000010/video.mp4,playing clarinet
video/glAxzomb7ws_000030/video.mp4,"vehicle horn, car horn, honking"
video/hNSQ9XuhiFA_000006/video.mp4,chimpanzee pant-hooting
video/hB_UbXeQsjU_000053/video.mp4,disc scratching
video/NcRkQT2tP7s_000040/video.mp4,people belly laughing
video/l6N2qa0jUIU_000335/video.mp4,"heart sounds, heartbeat"
video/c5HA9u6VbxM_000000/video.mp4,playing french horn
video/kWdmJHAFMxk_000031/video.mp4,electric grinder grinding
video/xa-lg7S1vns_000051/video.mp4,cat purring
video/8vasA2D2_Kc_000030/video.mp4,dog barking
video/6HQqly6duac_000199/video.mp4,playing guiro
video/LyTwxJiSt7A_000000/video.mp4,people burping
video/_JEe-iJYqQs_000062/video.mp4,playing hockey
video/fTxaj8RU_gE_000093/video.mp4,playing erhu
video/bOD-pt3NWYc_000018/video.mp4,"ice cream truck, ice cream van"
video/26OpBUZbdPw_000018/video.mp4,male singing
video/2FtVHJ91gDc_000045/video.mp4,playing darts
video/i9Y6mLjjT-4_000002/video.mp4,people marching
video/DGeHJrq-FoI_000012/video.mp4,people eating crisps
video/evF70zVxRXo_000080/video.mp4,alarm clock ringing
video/KmBaE7ozWow_000030/video.mp4,playing ukulele
video/6OAXLFoBpLY_000000/video.mp4,cat purring
video/B1af2O7jBGs_000040/video.mp4,hammering nails
video/51NV5b5e5As_000050/video.mp4,cat meowing
video/5fzwZ3YnYi8_000240/video.mp4,"bee, wasp, etc. buzzing"
video/XRXys1vQzvI_000069/video.mp4,playing bassoon
video/T4k5jj440kk_000017/video.mp4,cheetah chirrup
video/ijc6Ma6c4O0_000090/video.mp4,door slamming
video/wJM6BaJ027w_000496/video.mp4,sharpen knife
video/kKMK_8N0klM_000011/video.mp4,cheetah chirrup
video/UiaGn5Id5tY_000004/video.mp4,underwater bubbling
video/SkPEiTqLlf0_000030/video.mp4,dog howling
video/5PYzLVpPSXA_000070/video.mp4,"child speech, kid speaking"
video/6QvSd79Ocw8_000030/video.mp4,"bird chirping, tweeting"
video/ZvSaahj1hUk_000029/video.mp4,people slapping
video/Cqb1zyyTiHw_000000/video.mp4,bathroom ventilation fan running
video/o1zsMr2DL_I_000019/video.mp4,tornado roaring
video/WVS46ZGovGw_000030/video.mp4,crow cawing
video/jKwvKYt3IWY_000669/video.mp4,chopping wood
video/XDS60G1huzQ_000255/video.mp4,blowtorch igniting
video/G-7BfzMgZL8_000030/video.mp4,rapping
video/SQfTvzvUJ6k_000029/video.mp4,hammering nails
video/50_ZciPDHVA_000060/video.mp4,people screaming
video/ksk9rjj5WB0_000030/video.mp4,people shuffling
video/-3b9gwBYXp8_000503/video.mp4,chopping food
video/eYPBxXLPSVA_000030/video.mp4,fire crackling
video/-KA76yUSK44_000240/video.mp4,playing cello
video/3dgg5f9CyP4_000030/video.mp4,singing choir
video/6NIJWtJOpXM_000018/video.mp4,running electric fan
video/mhQGbJQlVns_000002/video.mp4,baby crying
video/e1nqsYDLGSg_000263/video.mp4,playing badminton
video/3AFia3Uo0TQ_000040/video.mp4,baby babbling
video/q3YnX6-OmYQ_000160/video.mp4,firing cannon
video/3qPefjNIBok_000030/video.mp4,goat bleating
video/PxpGb6RozhI_000024/video.mp4,ice cracking
video/NWiIxxkld1U_000004/video.mp4,horse clip-clop
video/p42W37beu88_000090/video.mp4,people finger snapping
video/Swien0oGl7o_000090/video.mp4,playing banjo
video/Qu4HdM0sAOM_000059/video.mp4,warbler chirping
video/pcbfKzW8zFI_000016/video.mp4,cow lowing
video/DaSr6mc6TM8_000140/video.mp4,printer printing
video/hDvi0lXcDKA_000055/video.mp4,magpie calling
video/0onKcFY1Tu0_000002/video.mp4,frog croaking
video/1sukRxLM77w_000021/video.mp4,hedge trimmer running
video/8kOQiGtnrOw_000180/video.mp4,vacuum cleaner cleaning floors
video/nUdUlJtyPcg_000233/video.mp4,chopping food
video/BJRg1SmxfLk_000044/video.mp4,footsteps on snow
video/9cYVBOJmXIw_000030/video.mp4,"male speech, man speaking"
video/NouxIkaUjNA_000060/video.mp4,playing hammond organ
video/L7wH_Co3RXY_000004/video.mp4,horse clip-clop
video/EQzSzKAPvCA_000030/video.mp4,goat bleating
video/C0CvQi7d4sU_000328/video.mp4,people finger snapping
video/10YXuv9Go0E_000140/video.mp4,skateboarding
video/qhK_b3hvbXg_000327/video.mp4,playing drum kit
video/chP180PR-9g_000041/video.mp4,cat growling
video/g8jDz8UVMH8_000030/video.mp4,tornado roaring
video/dNH6plDW4mo_000297/video.mp4,playing bongo
video/aP4t-BGt2O0_000033/video.mp4,eletric blender running
video/Xrwn7Zt3f10_000005/video.mp4,people slapping
video/NJWBq2eQzg0_000030/video.mp4,duck quacking
video/Roq8wcXrs4w_000053/video.mp4,people nose blowing
video/nfzZeT_liEQ_000130/video.mp4,hair dryer drying
video/MpxSOi79GOM_000024/video.mp4,ice cracking
video/OFze-0bugss_000033/video.mp4,sheep bleating
video/_HI4mqS81IA_000000/video.mp4,car engine idling
video/cqalBFm19UA_000221/video.mp4,tractor digging
video/_AadO6XA3OU_000030/video.mp4,people babbling
video/F20SKPMppQU_000030/video.mp4,goose honking
video/Wxup2o0w1kU_000030/video.mp4,printer printing
video/tzsrR_3zhnU_000051/video.mp4,warbler chirping
video/63jRsQ-gPZM_000020/video.mp4,eletric blender running
video/89t0486uIfo_000090/video.mp4,baby laughter
video/Q4REEz5wars_000073/video.mp4,mynah bird singing
video/68434cPXxmU_000580/video.mp4,eating with cutlery
video/vgrwGiSIY9U_000032/video.mp4,hail
video/5S9W9-nTgLE_000030/video.mp4,wind noise
video/1roSKWxidVo_000035/video.mp4,black capped chickadee calling
video/IuvZlJaF4Go_000030/video.mp4,goat bleating
video/R371djhXr9w_000070/video.mp4,people screaming
video/c3LAEOrcrrc_000150/video.mp4,playing steelpan
video/vJ29SrUu6n4_000036/video.mp4,lions roaring
video/ZSQLjxIsDYI_000026/video.mp4,hedge trimmer running
video/MTkvHwqj9v4_000305/video.mp4,wind noise
video/IlZZUe9pIcI_000214/video.mp4,opening or closing car electric windows
video/dIxfiXWmRJE_000260/video.mp4,people hiccup
video/PL9BvKpDa4Y_000043/video.mp4,playing tambourine
video/5UUgV7-Bg3c_000030/video.mp4,sliding door
video/1ZXe1qg_xeg_000125/video.mp4,cell phone buzzing
video/EWWyukVobq8_000009/video.mp4,people sniggering
video/LMfD-ZsuzOU_000030/video.mp4,playing clarinet
video/gGmWm1i6pVo_000030/video.mp4,driving motorcycle
video/VMbJTgzMhKE_000030/video.mp4,waterfall burbling
video/91oWey75sC8_000120/video.mp4,crow cawing
video/YYRdv32TJnc_000184/video.mp4,plastic bottle crushing
video/fNWjxc5K3Gw_000051/video.mp4,spraying water
video/aridgcppt0g_000038/video.mp4,playing oboe
video/XrjkzI6TVwc_000030/video.mp4,tapping guitar
video/xkMulvu3IVI_000010/video.mp4,playing darts
video/e2AaF6siR1A_000540/video.mp4,people screaming
video/qhTCG1xhCkE_000027/video.mp4,wood thrush calling
video/Ppqv5jc1wUw_000314/video.mp4,playing volleyball
video/cRCeYK81z_I_000013/video.mp4,people eating crisps
video/5YuUjP3HODY_000110/video.mp4,"vehicle horn, car horn, honking"
video/Dj9gyAoqmQ0_000030/video.mp4,machine gun shooting
video/6wPr-J7brE0_000068/video.mp4,snake hissing
video/meoZvdQ2qBs_000162/video.mp4,missile launch
video/jZ9mYtCAGf8_000150/video.mp4,fireworks banging
video/1RhYdQnZ_hw_000030/video.mp4,female singing
video/oD0Xp--xxjE_000030/video.mp4,playing drum kit
video/X0fdzmuGk7Y_000011/video.mp4,playing bassoon
video/P90rFZQFqWk_000030/video.mp4,playing electric guitar
video/jz60j4RgVfk_000315/video.mp4,warbler chirping
video/hp6DMIi3CNI_000054/video.mp4,writing on blackboard with chalk
video/vOzH8Cfagng_000054/video.mp4,chimpanzee pant-hooting
video/BoFlhQi81aQ_000089/video.mp4,dog growling
video/ZZDvShjLnAE_000030/video.mp4,people shuffling
video/z7q3Ym9hxlA_000108/video.mp4,train whistling
video/QeUxAl-USck_000230/video.mp4,singing bowl
video/CjuYza6dsvs_000030/video.mp4,crow cawing
video/WKBgoWKeWz4_000011/video.mp4,swimming
video/PUcsQijslE4_000080/video.mp4,"railroad car, train wagon"
video/tu3g4ZBt3o0_000030/video.mp4,typing on typewriter
video/C5O4ZDkOGXs_000340/video.mp4,door slamming
video/ZmFK3cZyM6k_000001/video.mp4,swimming
video/VM-U7MyZAck_000030/video.mp4,playing bass guitar
video/yJsjA4_54H4_000379/video.mp4,whale calling
video/dulZ4FPi7gg_000170/video.mp4,toilet flushing
video/Ct0DTSW4mvw_000181/video.mp4,firing muskets
video/D4Jb8jIl-2A_000378/video.mp4,lip smacking
video/GFiFgEOFl_k_000433/video.mp4,squishing water
video/xmTfE3F2huE_000854/video.mp4,chopping food
video/OkAT5LKBbIE_000113/video.mp4,dog bow-wow
video/x0fI4QXOz9M_000030/video.mp4,dog barking
video/8mOksvfiImI_000130/video.mp4,telephone bell ringing
video/QdcUajqXkvs_000006/video.mp4,"electric shaver, electric razor shaving"
video/ygT6GIGVVgI_000097/video.mp4,swimming
video/Tfj3_pJLdjM_000747/video.mp4,playing table tennis
video/eFueCoTecKY_000159/video.mp4,train wheels squealing
video/AHIiNsAzgKo_000024/video.mp4,eagle screaming
video/HvyXGNx_jYc_000030/video.mp4,raining
video/5Gu-I_I3I7Q_000029/video.mp4,smoke detector beeping
video/Hk8N0oXixHU_000270/video.mp4,car engine starting
video/oNyiXxPxENY_000196/video.mp4,ferret dooking
video/l59Gy1sqDSM_000003/video.mp4,people giggling
video/FllDQbpfpPM_000146/video.mp4,yodelling
video/m0GjXTf9Ls4_000171/video.mp4,playing bassoon
video/FONKpzlXUoc_000172/video.mp4,roller coaster running
video/1_yyvTRVoZQ_000209/video.mp4,"alligators, crocodiles hissing"
video/melKLfB6gjY_000024/video.mp4,firing muskets
video/WjPTF_rQ9K0_001236/video.mp4,scuba diving
video/a4McboobFR8_000475/video.mp4,police radio chatter
video/1FnA3w94zXI_000030/video.mp4,tapping guitar
video/JFiBXFFzT5c_000021/video.mp4,volcano explosion
video/Q6Iqev-E150_000263/video.mp4,cat caterwauling
video/Uyiq_U3Idso_000141/video.mp4,canary calling
video/SLQAve85lDU_000188/video.mp4,disc scratching
video/gYw7UgO2usI_000030/video.mp4,playing harpsichord
video/cIDVqtnnsvA_000470/video.mp4,playing clarinet
video/Rzhn9WfarrE_000030/video.mp4,playing bagpipes
video/HJGtRMubleU_000030/video.mp4,dog whimpering
video/1_xoCNmTn3Y_000023/video.mp4,coyote howling
video/k30kIpEiN1U_000150/video.mp4,stream burbling
video/iPEl8BYedYA_000107/video.mp4,playing washboard
video/mDtpxEQFyts_000018/video.mp4,cat caterwauling
video/psamoHEfoHg_000020/video.mp4,opening or closing drawers
video/0g_-KI5NZ-E_000030/video.mp4,people whistling
video/Ps_FhOvSmTM_000180/video.mp4,playing saxophone
video/rjYPJUBcoN8_000033/video.mp4,"donkey, ass braying"
video/3oYSlw6l0XA_000380/video.mp4,typing on computer keyboard
video/9VLCK2iTxhY_000240/video.mp4,pumping water
video/lJTpC9bjne0_000050/video.mp4,sailing
video/GZRZcKEtHzo_000010/video.mp4,playing harp
video/QRyTz1FCYuU_000030/video.mp4,cat purring
video/GmgaXjkHfk4_000164/video.mp4,playing bass drum
video/a0Hrvh4RS3o_000792/video.mp4,rope skipping
video/Ofjsr-iU7Vo_000000/video.mp4,lions roaring
video/lqeAf-DqE3I_000140/video.mp4,playing steelpan
video/j-JCj72-vCg_000060/video.mp4,train wheels squealing
video/wM9UMHourhM_000164/video.mp4,playing glockenspiel
video/7GZdzd_wcBg_000230/video.mp4,fireworks banging
video/-COelgvUEW4_000016/video.mp4,female singing
video/-OVb-UG8yJw_000030/video.mp4,"engine accelerating, revving, vroom"
video/kWPAWeNuBKc_000506/video.mp4,lathe spinning
video/cor2HckYTE8_000000/video.mp4,playing synthesizer
video/mWaz8lJKZe8_000140/video.mp4,playing trumpet
video/k_WVsQIocmI_000182/video.mp4,yodelling
video/Tf_mav3pAoc_000030/video.mp4,eating with cutlery
video/BL8zBkt6v3o_000030/video.mp4,dog bow-wow
video/KdioKgAO4cQ_000059/video.mp4,playing timbales
video/ZJHBBH9gh2Y_000000/video.mp4,playing french horn
video/z7rxl5KsPjs_000090/video.mp4,"playing violin, fiddle"
video/50Dv2-rYUaY_000045/video.mp4,golf driving
video/AScmP_vDPhs_000001/video.mp4,cuckoo bird calling
video/BJ1rHiaa590_000095/video.mp4,civil defense siren
video/fLZ5jPkCUOQ_000004/video.mp4,gibbon howling
video/HbKm3MFLDjQ_000000/video.mp4,opening or closing car electric windows
video/rVlc15B6v-s_000015/video.mp4,playing tuning fork
video/-Cv3gOXEoxA_000040/video.mp4,fox barking
video/m43Rs05JO6M_000018/video.mp4,people humming
video/VqBGj3jhiJ0_000030/video.mp4,fire crackling
video/yy0n-N17n04_000010/video.mp4,playing harmonica
video/fjiv34te9vc_000030/video.mp4,cat meowing
video/YxIScOdROZE_000090/video.mp4,dog growling
video/2UXH7NW9ae8_000030/video.mp4,sailing
video/uBLjl4cOQ5Q_000030/video.mp4,people humming
video/fgbeeAqRWsc_000030/video.mp4,people eating
video/YXaEM6goiU4_000040/video.mp4,goose honking
video/GS8dnIAHj2A_000013/video.mp4,smoke detector beeping
video/9uj350nZ-D4_000010/video.mp4,zebra braying
video/CWxZNhucY8o_000573/video.mp4,people eating apple
video/dlTE7W6vPJE_000022/video.mp4,tornado roaring
video/8Hye31i3cUI_000092/video.mp4,"alligators, crocodiles hissing"
video/2FrXzcm4YMc_000070/video.mp4,playing gong
video/6GHOpiH_d7c_000024/video.mp4,playing lacrosse
video/ABf_0EVfFR0_000040/video.mp4,mosquito buzzing
video/YSsLH9_cisM_000236/video.mp4,bull bellowing
video/PJmIra-c8cc_000173/video.mp4,"playing violin, fiddle"
video/BI4quuGz_zk_000030/video.mp4,"motorboat, speedboat acceleration"
video/gefp9ta8LTA_000030/video.mp4,playing accordion
video/MWWihdWE2FE_000060/video.mp4,typing on computer keyboard
video/6nN2e9Lmwns_000026/video.mp4,penguins braying
video/Z6P_3HWbrcM_000550/video.mp4,"playing marimba, xylophone"
video/aXV-yaFmQNk_000070/video.mp4,people babbling
video/tfhKYv0UNAY_000337/video.mp4,francolin calling
video/iBAOq-o8Y6c_000146/video.mp4,strike lighter
video/4GhWkUGlAS0_000010/video.mp4,playing gong
video/4liPv5npftg_000194/video.mp4,"heart sounds, heartbeat"
video/U7q-Z-vQImE_000277/video.mp4,whale calling
video/flLjMZMydXc_000030/video.mp4,playing banjo
video/M8izj_mKa-8_000080/video.mp4,playing piano
video/WuOZfWRwXY8_000030/video.mp4,playing acoustic guitar
video/5LjqQ8XRpSg_000023/video.mp4,metronome
video/HPhPfOyOguw_000240/video.mp4,people finger snapping
video/nhAiQyirHe0_000127/video.mp4,wood thrush calling
video/vFYyKpv9LfQ_000209/video.mp4,planing timber
video/h5vhADC8z3I_000168/video.mp4,underwater bubbling
video/mvIfkvitKyY_000026/video.mp4,zebra braying
video/7-P4s1CBsZo_000243/video.mp4,blowtorch igniting
video/A-gtqqzNIck_000039/video.mp4,tornado roaring
video/GX-QhoihLeI_000030/video.mp4,people running
video/S7tyzFdnDhA_000000/video.mp4,playing electronic organ
video/UGlqxl1oiJk_000130/video.mp4,people whistling
video/jf54mcvMGa4_000113/video.mp4,firing muskets
video/5zndga59TFk_000014/video.mp4,beat boxing
video/54bz5yqN2IA_000004/video.mp4,playing double bass
video/-lPXTBXa0tE_000030/video.mp4,tapping guitar
video/lpoMqe5RO_A_000002/video.mp4,cat growling
video/DyzH7KzpIMk_000013/video.mp4,beat boxing
video/nBuw_KZXT_k_000010/video.mp4,people coughing
video/RvOBWC1s28w_000015/video.mp4,mouse squeaking
video/b8fp8ZcYdG4_000036/video.mp4,sheep bleating
video/8iA4aHLx7mc_000014/video.mp4,strike lighter
video/tCgCW9Pk6cg_000042/video.mp4,"heart sounds, heartbeat"
video/0w9PLY1owzk_000108/video.mp4,airplane
video/eo4MuYGCoGI_000089/video.mp4,playing glockenspiel
video/kSjvt2Z_pBo_000030/video.mp4,ambulance siren
video/grfr3IrdlGA_000290/video.mp4,orchestra
video/Db0c4aAwUbY_000030/video.mp4,playing steelpan
video/-na-0NBG5Ow_000001/video.mp4,frog croaking
video/BLEthZXy35s_000250/video.mp4,"railroad car, train wagon"
video/0kQkVbOikzQ_000004/video.mp4,airplane flyby
video/GZkebn0ezfc_000000/video.mp4,zebra braying
video/VuXmHBFFkPw_000030/video.mp4,dog bow-wow
video/ChX3mPUgLok_000030/video.mp4,door slamming
video/1_yyvTRVoZQ_000002/video.mp4,"alligators, crocodiles hissing"
video/4BOmn7MItog_000156/video.mp4,playing darts
video/5AWSzMZZgCA_000077/video.mp4,bathroom ventilation fan running
video/oswEaAsFXDM_000170/video.mp4,car engine starting
video/BQpa8whzwAE_000030/video.mp4,train horning
video/oGvi_XmvwCA_000109/video.mp4,playing snare drum
video/CUMunjwsO2U_000020/video.mp4,playing piano
video/ydi-zdqd1aI_000120/video.mp4,people humming
video/9l0ZJENyWq0_000010/video.mp4,wind rustling leaves
video/W9CPGD_lR7g_000005/video.mp4,air horn
video/74j6uEsqh4M_000130/video.mp4,playing guiro
video/Jikk3-uCa8w_000260/video.mp4,wind rustling leaves
video/NLKSU4J1asA_000010/video.mp4,bird squawking
video/UOBs7M0hW2M_000031/video.mp4,skiing
video/q7mBpy_qgTk_000226/video.mp4,planing timber
video/axgPZWQgGfA_000030/video.mp4,duck quacking
video/-uGHAvfqs2I_000030/video.mp4,cat meowing
video/q7HMw2sZznc_000008/video.mp4,sea lion barking
video/IVZQRMQULlQ_000100/video.mp4,playing cello
video/wh1k5gFwumM_000334/video.mp4,police radio chatter
video/XVi3kxnZ9h4_000045/video.mp4,yodelling
video/mXhgTalUktk_000540/video.mp4,eating with cutlery
video/EScf6Anv-8E_000030/video.mp4,dog barking
video/fOc6JNNdLaQ_000030/video.mp4,people eating
video/dmOYEzKEWew_000158/video.mp4,train wheels squealing
video/CSn5FP1c1AQ_000017/video.mp4,tornado roaring
video/DSGMDArb1QI_000030/video.mp4,"motorboat, speedboat acceleration"
video/gwWVuexAvEs_000001/video.mp4,scuba diving
video/k3uGdspoVtg_000119/video.mp4,popping popcorn
video/7oHaG3Ez5-4_000030/video.mp4,people clapping
video/MnPRF4_N-LY_000043/video.mp4,warbler chirping
video/finB1G4B-Ic_000052/video.mp4,people nose blowing
video/A-odqVz9Oc4_000001/video.mp4,dog growling
video/kdbA6lP1bmU_000037/video.mp4,missile launch
video/ZV_ZbmjPpkw_000030/video.mp4,tapping guitar
video/o4SLkvEa8Mk_000184/video.mp4,popping popcorn
video/PyponzntqzM_000163/video.mp4,people booing
video/DQFC76IHiKs_000030/video.mp4,"bee, wasp, etc. buzzing"
video/dfrps0BtQQQ_000080/video.mp4,playing vibraphone
video/j233WrRShRY_000030/video.mp4,lighting firecrackers
video/yNqzpXyIB1o_000030/video.mp4,door slamming
video/nyWoGpyQD4A_000082/video.mp4,playing lacrosse
video/0DOFzYwOoPg_000133/video.mp4,people nose blowing
video/YvZNEcqWf0w_000040/video.mp4,"fly, housefly buzzing"
video/CyQ5KpFI5A4_000030/video.mp4,typing on typewriter
video/J9CVwkhvBWI_000001/video.mp4,fox barking
video/mCjsuxzcl2k_000030/video.mp4,playing timpani
video/U9PyY8Ldf9A_000005/video.mp4,people sneezing
video/3LLKsRSkAbE_000110/video.mp4,"subway, metro, underground"
video/_Cl9qjoLz2w_000049/video.mp4,golf driving
video/RrXvtCBYmFM_000051/video.mp4,magpie calling
video/k3AYfr6PIgs_000019/video.mp4,dog bow-wow
video/BUyHfzUvQX0_000005/video.mp4,cat purring
video/jMFh6go-mBk_000001/video.mp4,police radio chatter
video/z4HX8-du2nQ_000070/video.mp4,helicopter
video/aHx50zHbHbE_000013/video.mp4,"playing violin, fiddle"
video/vJP_nF_iH_k_000226/video.mp4,children shouting
video/ypOiMHz2Lz0_000000/video.mp4,bathroom ventilation fan running
video/cOgNXgF21u4_000030/video.mp4,playing acoustic guitar
video/JEbcpvPiz5s_000280/video.mp4,black capped chickadee calling
video/gMDf19Ad_qA_000058/video.mp4,people belly laughing
video/f8mOApBc_ao_000178/video.mp4,squishing water
video/2VuKP6zZDDc_000510/video.mp4,baby laughter
video/cIGTj5lSvQs_000024/video.mp4,black capped chickadee calling
video/2ozaPdNvgp8_000002/video.mp4,playing tuning fork
video/zPhuyMYy9EI_000130/video.mp4,playing theremin
video/CU72qSlceqM_000030/video.mp4,chicken crowing
video/ee-0JGvEIng_000030/video.mp4,driving motorcycle
video/H85puQUqrQY_000150/video.mp4,"male speech, man speaking"
video/DKeUDT-1d7U_000150/video.mp4,people farting
video/GteA5VsgA44_000070/video.mp4,pumping water
video/4uihL55gcWo_000028/video.mp4,elephant trumpeting
video/ce9zi0YdC00_000205/video.mp4,swimming
video/bNvp4y9WSGM_000030/video.mp4,"playing violin, fiddle"
video/IxBNSR_kcvI_000110/video.mp4,lawn mowing
video/KuOnJLFsdsA_000000/video.mp4,playing bugle
video/UNJswfXKJ3s_000030/video.mp4,playing steelpan
video/3sBIRZReSC0_000044/video.mp4,police radio chatter
video/ivrp8Nlp97I_000032/video.mp4,playing lacrosse
video/Xs69Hlo-fNY_000190/video.mp4,driving snowmobile
video/OvJJbbiz9y8_000042/video.mp4,cheetah chirrup
video/V-RJWk8ZtnI_000160/video.mp4,running electric fan
video/Y957XVX_GHg_000237/video.mp4,running electric fan
video/ddtqWAxjBI8_000049/video.mp4,elk bugling
video/9NqbHNzuV64_000090/video.mp4,cat purring
video/Rp37k5_Eci0_000030/video.mp4,lions roaring
video/AJVSqnsBf70_000080/video.mp4,eating with cutlery
video/xAJtCxlsvGg_000084/video.mp4,warbler chirping
video/rCRvOly0FY4_000045/video.mp4,firing muskets
video/ff68_2YIAvE_000329/video.mp4,striking bowling
video/K7M_LdZCx7Q_000035/video.mp4,chinchilla barking
video/12Sd9Aap5ww_000251/video.mp4,running electric fan
video/8AdDbRz0SrU_000028/video.mp4,door slamming
video/VlJHwd84GSo_000197/video.mp4,people humming
video/xIG97I7qRz8_000097/video.mp4,writing on blackboard with chalk
video/l6q7shFb8zs_000041/video.mp4,playing castanets
video/9mIDP_OT1uM_000030/video.mp4,door slamming
video/oaeHZx7mfng_000577/video.mp4,police radio chatter
video/TSpGd9p17n0_000202/video.mp4,elk bugling
video/9Cy3tjg1tVw_000030/video.mp4,playing french horn
video/TidMGBIjbd0_000060/video.mp4,scuba diving
video/JJJsGblfDO4_000068/video.mp4,bathroom ventilation fan running
video/JDO_04901m0_000062/video.mp4,playing tympani
video/HOm3GkVl8D8_000040/video.mp4,chinchilla barking
video/Lvcjl09Esns_000198/video.mp4,forging swords
video/CQ8oRAR8mVo_000014/video.mp4,warbler chirping
video/IlD0tieoMyY_000037/video.mp4,volcano explosion
video/a3_gdGLyCAw_000186/video.mp4,car engine idling
video/yUX0H5Kc91c_000074/video.mp4,electric grinder grinding
video/EhLPUSnX2_Q_000081/video.mp4,playing oboe
video/g8USMvt9np0_000010/video.mp4,playing vibraphone
video/V0zQHNmz0gU_000030/video.mp4,playing theremin
video/fXdrKhNxjCo_000030/video.mp4,fireworks banging
video/w7rYHuTG6qI_000030/video.mp4,fire crackling
video/ZylkgLeV-bU_000023/video.mp4,door slamming
video/NvzT72qSSIE_000030/video.mp4,ocean burbling
video/SObG51xihGc_000210/video.mp4,people running
video/9JwAddAl120_000310/video.mp4,people finger snapping
video/DhBqfQ72Im0_000087/video.mp4,people gargling
video/ACIG-myn6uA_000106/video.mp4,dinosaurs bellowing
video/wfRWvI16wxw_000086/video.mp4,lions growling
video/VBQPcmmUkkg_000010/video.mp4,playing harpsichord
video/DTkc7PSmJ90_000030/video.mp4,playing hammond organ
video/_XyxrZDZ36E_000034/video.mp4,hammering nails
video/wCQ1f3-d0wk_000030/video.mp4,people hiccup
video/aUx0xMF9pwU_000020/video.mp4,playing vibraphone
video/eBwcofimB3M_000165/video.mp4,spraying water
video/EB5rkiiHFw8_000030/video.mp4,hair dryer drying
video/RtsCVfcjlTo_000030/video.mp4,playing snare drum
video/2N2msWTHybg_000340/video.mp4,"child speech, kid speaking"
video/UaUwUrSyUDA_000172/video.mp4,eagle screaming
video/Zilhx0cSxfE_000030/video.mp4,playing electric guitar
video/HTGUvmdO8TI_000370/video.mp4,playing tabla
video/hsWx3U6etY8_000018/video.mp4,cricket chirping
video/C-aMG8XXWyE_000030/video.mp4,people running
video/dPcgzRPF_yA_000484/video.mp4,planing timber
video/JoRp-M_ZJ_k_000000/video.mp4,hail
video/eTUwICWlPb4_000086/video.mp4,barn swallow calling
video/PyZdYCL0s5c_000030/video.mp4,people farting
video/v7Jaa5ztvgs_000011/video.mp4,snake hissing
video/V0qdgPxgU2M_000023/video.mp4,playing volleyball
video/ThVGE9TjEjM_000136/video.mp4,magpie calling
video/WmDz7Q9_h6c_000170/video.mp4,printer printing
video/Tc9sb71px5I_000030/video.mp4,firing cannon
video/HMxxGXjfrpU_000085/video.mp4,rope skipping
video/Xk1q9sGZFfw_000013/video.mp4,cell phone buzzing
video/2QLjGVV5eDA_000065/video.mp4,mynah bird singing
video/V3Mh5k7AOxE_000063/video.mp4,playing bongo
video/6EwAjQDFHcs_000140/video.mp4,people eating crisps
video/k2qWgM1ZSQY_000001/video.mp4,hail
video/zz0fdUGTHWo_000045/video.mp4,chimpanzee pant-hooting
video/2qg5P9IJ_9U_000070/video.mp4,pumping water
video/d_CwI6yqE5k_000050/video.mp4,mynah bird singing
video/7ARVgI_wx5Y_000030/video.mp4,people screaming
video/UvgwelALqcs_000181/video.mp4,cuckoo bird calling
video/91vBzCaNTQ0_000079/video.mp4,"playing violin, fiddle"
video/D7BhU7lUtiE_000140/video.mp4,playing zither
video/7T5uQKw-DOg_000178/video.mp4,fox barking
video/xpNdK4BcIks_000043/video.mp4,mouse clicking
video/n4jf0RXGw7I_000019/video.mp4,canary calling
video/rLe9N0YyjqY_000006/video.mp4,beat boxing
video/xHnIZIPMRNg_000041/video.mp4,francolin calling
video/t9PEpPvVNzI_000310/video.mp4,machine gun shooting
video/iAKONxjm-Dw_000068/video.mp4,tornado roaring
video/Vf2KIuN4VOw_000013/video.mp4,eagle screaming
video/0Y8TTBlRKkQ_000330/video.mp4,waterfall burbling
video/xl31V1yQ2Dw_000059/video.mp4,driving snowmobile
video/8-54FDyd8dk_000382/video.mp4,car engine idling
video/Y9R6T5C1Pps_000030/video.mp4,firing cannon
video/WMZ3ZAMcE3s_000220/video.mp4,cat hissing
video/k6ROAVZxzqM_000017/video.mp4,sea lion barking
video/7bPuwR5a-lg_000075/video.mp4,swimming
video/2XR54m3kvn8_000370/video.mp4,mouse pattering
video/PU6NmaI_JOc_000030/video.mp4,people farting
video/8cYFxAASlKM_000112/video.mp4,people battle cry
video/Ewf64nhden0_000012/video.mp4,firing muskets
video/nfitcQXx-Y0_000020/video.mp4,gibbon howling
video/EeXa7TLnwJA_000067/video.mp4,cat purring
video/u2Nl7-qnStw_000026/video.mp4,cow lowing
video/JMVAOTC7hIU_000089/video.mp4,chopping food
video/1ACn3u5UnBw_000030/video.mp4,male singing
video/bLuhbrcpvEw_000025/video.mp4,writing on blackboard with chalk
video/-rTTPoBJNI4_000123/video.mp4,playing tambourine
video/q797zkZNePo_000206/video.mp4,sharpen knife
video/9aK2LBnTT2s_000030/video.mp4,skidding
video/z3YihIejSIA_000300/video.mp4,cattle mooing
video/rkaM1yOncZ4_000000/video.mp4,baby crying
video/cy7yYRlsmwA_000030/video.mp4,raining
video/ul3umTtB-Xo_000014/video.mp4,air conditioning noise
video/MYxmiVKdL3w_000150/video.mp4,bird squawking
video/e5sOqiyIhkc_000171/video.mp4,people humming
video/emKeqXN646s_000108/video.mp4,playing djembe
video/eWL_FVRkk8Q_000225/video.mp4,chimpanzee pant-hooting
video/I-gq3pYlyJY_000030/video.mp4,playing harmonica
video/IYllzXfvkmY_000020/video.mp4,people coughing
video/dufRvpDEZS8_000380/video.mp4,raining
video/Mwy5Y0S5jfM_000240/video.mp4,playing ukulele
video/ElgXgJjGZbQ_000110/video.mp4,people babbling
video/Snz2sQ5QxeE_000260/video.mp4,"railroad car, train wagon"
video/bbmnFurz1iA_000166/video.mp4,metronome
video/Tk2GV1Eo-gM_000037/video.mp4,air horn
video/Q19VErS2iH4_000020/video.mp4,basketball bounce
video/HylhATL_Sek_000030/video.mp4,wind rustling leaves
video/mTUsHkNjSWo_000020/video.mp4,splashing water
video/PwC9_vE_rqk_000120/video.mp4,dog growling
video/Ip6FptuXHyk_000030/video.mp4,playing electric guitar
video/OugiXVgs0tA_000069/video.mp4,blowtorch igniting
video/ggjbkDEZKXQ_000090/video.mp4,wood thrush calling
video/gM5DTduPHZA_000254/video.mp4,people eating apple
video/HRuuSVGbbns_000000/video.mp4,mouse squeaking
video/NyiNCt57BfE_000618/video.mp4,scuba diving
video/b_U7bnvkvOk_000095/video.mp4,sheep bleating
video/kZQkCqkUBVA_000168/video.mp4,people slurping
video/Osr4Sfb97xs_000060/video.mp4,people sneezing
video/KQGJCKwsFbA_000157/video.mp4,sharpen knife
video/A-IzSI1ysmc_000030/video.mp4,ambulance siren
video/rMwYBw7zMmY_000073/video.mp4,mynah bird singing
video/XaIep0xC8BA_000117/video.mp4,playing timbales
video/0NLXz4JgvcQ_000096/video.mp4,people eating crisps
video/CQNxQ_dD040_000005/video.mp4,horse clip-clop
video/r1am09HyMkA_000040/video.mp4,people booing
video/0LwSy-xZSPw_000112/video.mp4,male singing
video/0VW4nelMODc_000259/video.mp4,swimming
video/aajx_w7vgjA_000003/video.mp4,cat growling
video/zu2LE5amQ5g_000026/video.mp4,smoke detector beeping
video/K6vC7s5tmG4_000019/video.mp4,dog whimpering
video/nVf6lDcm_Z4_000100/video.mp4,bird squawking
video/qni67aUJbw4_000160/video.mp4,playing vibraphone
video/ZIIHbHQKgjo_000024/video.mp4,playing guiro
video/MW9rpgetBP0_000000/video.mp4,frog croaking
video/j6n_MNU52Ns_000030/video.mp4,lawn mowing
video/E81-l2bwh40_000190/video.mp4,toilet flushing
video/eIkUuCRE_0U_000030/video.mp4,reversing beeps
video/eA1dUOMkkvM_000000/video.mp4,smoke detector beeping
video/aYYPHq5eFeE_000014/video.mp4,whale calling
video/R77XPtKgvy4_000030/video.mp4,playing bass guitar
video/HLn-Q2t8NH8_000000/video.mp4,playing washboard
video/9TzyRdTYDvo_000024/video.mp4,dog growling
video/bxts5znycds_000067/video.mp4,otter growling
video/Bhsh62xI1Yg_000128/video.mp4,ferret dooking
video/pttd--gmIUY_000030/video.mp4,fire crackling
video/PEABLpVs3gg_000010/video.mp4,church bell ringing
video/SfoN3MJ1RCI_000030/video.mp4,owl hooting
video/fqZlpAZ4RkQ_000193/video.mp4,chimpanzee pant-hooting
video/jr1v6zC2ejk_000330/video.mp4,cupboard opening or closing
video/7EgbS-lbHWY_000005/video.mp4,chicken clucking
video/jhTQR8w9SYI_000057/video.mp4,playing timbales
video/Z8Yv_QKOS1E_000046/video.mp4,metronome
video/g_EQ7Ir1d_0_000000/video.mp4,gibbon howling
video/WKYOzgjKdqI_000030/video.mp4,pig oinking
video/CRdma6NINIw_000030/video.mp4,typing on typewriter
video/S5Tff1ohiJE_000030/video.mp4,chopping wood
video/xMCPVIiBrQo_000107/video.mp4,swimming
video/KiyyzCJy3Vk_000077/video.mp4,otter growling
video/Iu1k5XJoeXk_000000/video.mp4,dog bow-wow
video/-1EXhfqLLwQ_000150/video.mp4,pumping water
video/VpuNCFDYgnA_000070/video.mp4,playing trombone
video/hyNm8rXY2-g_000003/video.mp4,"alligators, crocodiles hissing"
video/cC0FeLVsg7c_000633/video.mp4,playing double bass
video/ujs4X9jAnuM_000368/video.mp4,squishing water
video/BfbrxdAWlWs_000030/video.mp4,church bell ringing
video/q8s1yCYp4Go_000015/video.mp4,arc welding
video/xM4p5pmRAxM_000030/video.mp4,playing harpsichord
video/qfwEfapK0go_000038/video.mp4,elk bugling
video/-hb5BJ9xxBQ_000062/video.mp4,striking bowling
video/ksHBqxzvbhM_000019/video.mp4,slot machine
video/UBg665RgDeQ_000018/video.mp4,people belly laughing
video/LYvgJX8p6YU_000030/video.mp4,owl hooting
video/feC0L9MtghM_000190/video.mp4,playing sitar
video/HU7oqkJeItQ_000000/video.mp4,playing ukulele
video/_c2DFDqOFwc_000030/video.mp4,people whispering
video/dfsvT5xImNg_000080/video.mp4,people screaming
video/Mr_ckcZH4c0_000023/video.mp4,air conditioning noise
video/iOQ1wlB0ZhM_000034/video.mp4,roller coaster running
video/W1qUHH6zeUA_000045/video.mp4,people humming
video/74RHxEBrxdw_000005/video.mp4,playing guiro
video/oqyY1c8C6-k_000101/video.mp4,beat boxing
video/RCfTxRhPoNE_000071/video.mp4,barn swallow calling
video/Rnf7M43L6NI_000195/video.mp4,train horning
video/YWf3I4jKusI_000030/video.mp4,people shuffling
video/rh_rFJsOmis_000340/video.mp4,singing bowl
video/FF9A0DTCFfY_000504/video.mp4,bowling impact
video/DZfYFhywhRs_000030/video.mp4,people screaming
video/9zWMaAO5U3k_000105/video.mp4,"donkey, ass braying"
video/GnyxoE5mCeQ_000030/video.mp4,playing saxophone
video/HYQ8F3qtKEA_000083/video.mp4,playing erhu
video/PM_SMJyrX7g_000030/video.mp4,wind noise
video/U95UReP4mdo_000030/video.mp4,"rowboat, canoe, kayak rowing"
video/-u-40BIU1HE_000003/video.mp4,cat hissing
video/eKMhRfdwwWI_000030/video.mp4,people sniggering
video/uroWqWuW97s_000011/video.mp4,people eating
video/WBYa_u20cVo_000000/video.mp4,skidding
video/FsVcCpJ6Gak_000030/video.mp4,church bell ringing
video/fowc2nadbvE_000000/video.mp4,playing trumpet
video/17L2VkXtcQ0_000030/video.mp4,chicken crowing
video/4Kc6fjIEV3s_000022/video.mp4,"bee, wasp, etc. buzzing"
video/Gh0gZF6SAFk_000192/video.mp4,air horn
video/2qO-OQtOBK0_000030/video.mp4,people running
video/4A5lud7-cJo_000021/video.mp4,fire truck siren
video/owZDBEq6WdU_000030/video.mp4,chainsawing trees
video/Op6UazVNEQg_000003/video.mp4,telephone bell ringing
video/4Jy3-_QlJ3w_000103/video.mp4,cat caterwauling
video/aO5LRQS08E4_000087/video.mp4,smoke detector beeping
video/XIW8Ai-YMdA_000210/video.mp4,people burping
video/OkMPd5IwM-w_000012/video.mp4,cuckoo bird calling
video/wlybajwoWlY_000226/video.mp4,train horning
video/h5NTDVXiTiI_000050/video.mp4,chainsawing trees
video/gqYkg6Y3MHg_000011/video.mp4,playing table tennis
video/yDgO-k3FFis_000395/video.mp4,arc welding
video/BX4o_mGWmfA_000160/video.mp4,people sobbing
video/QDqBJwoQcNY_000080/video.mp4,"bird chirping, tweeting"
video/nwT3Euwx7uU_000114/video.mp4,"heart sounds, heartbeat"
video/Lrw6FUoD2Bc_000006/video.mp4,magpie calling
video/XG8XxiINpaI_000070/video.mp4,playing gong
video/NqFVTvBlxPw_000023/video.mp4,smoke detector beeping
video/FpSHaK68ch8_000000/video.mp4,goat bleating
video/0eA2QcSRgh0_000053/video.mp4,dog baying
video/m7MHKIn35Fw_000080/video.mp4,playing bagpipes
video/ALcCb2HJmG8_000070/video.mp4,rapping
video/5uRkBz98fCk_000024/video.mp4,wind chime
video/qShzBJddv_s_000027/video.mp4,warbler chirping
video/cdusG_Hpa9g_000090/video.mp4,people whistling
video/ov4fdnGwzWU_000520/video.mp4,playing trumpet
video/E9ulxBBGUVc_000350/video.mp4,thunder
video/foCxXd7nev4_000268/video.mp4,spraying water
video/pHRXdVtfLLg_000149/video.mp4,eletric blender running
video/CUJ1MnvyKOw_000040/video.mp4,dog growling
video/0ju5RWqEwGQ_000033/video.mp4,playing darts
video/zjDpx3YU7mU_000270/video.mp4,shot football
video/N9C2AYVnas4_000130/video.mp4,people sniggering
video/8TWtLCjUI5I_000000/video.mp4,dog barking
video/T7ZSZhcsfjA_000009/video.mp4,male singing
video/2eYaXTKSpMI_000004/video.mp4,cat meowing
video/F9Dbcxr-lAI_000030/video.mp4,ambulance siren
video/_kkdAGTlhn0_000102/video.mp4,playing bugle
video/shiPEqY22PY_000082/video.mp4,dog howling
video/2QKJuc_Hscc_000050/video.mp4,dog barking
video/HXq7yu1jWJE_000035/video.mp4,sheep bleating
video/0jiu0RNizU8_000160/video.mp4,"playing violin, fiddle"
video/4-SlE4qtKvw_000222/video.mp4,fox barking
video/z6pCw302VWc_000098/video.mp4,alarm clock ringing
video/_AhsSM_70wg_000029/video.mp4,parrot talking
video/Wr44Q8MQHL0_000030/video.mp4,helicopter
video/UPJO0UCBmPU_000246/video.mp4,playing timbales
video/0ZxpQ87jdgQ_000037/video.mp4,cow lowing
video/3sQrJVyxju0_000065/video.mp4,playing mandolin
video/PjMpv9k5MhA_000210/video.mp4,"cattle, bovinae cowbell"
video/JesyktMT-Dk_000010/video.mp4,playing cymbal
video/UeEMaZqMRp0_000030/video.mp4,people shuffling
video/L1znjiyEMKc_000215/video.mp4,playing shofar
video/T1rrvpQtj-U_000004/video.mp4,lathe spinning
video/w6mVxso5NOo_000002/video.mp4,zebra braying
video/cIriwVhRPVA_000031/video.mp4,female singing
video/hMRiqTGvxHc_000193/video.mp4,playing volleyball
video/7761uBKNpd8_000030/video.mp4,"female speech, woman speaking"
video/gWUiWpxDBH0_000000/video.mp4,baltimore oriole calling
video/K5DXRUo2ujw_000020/video.mp4,telephone bell ringing
video/bX8TQimHigU_000066/video.mp4,tornado roaring
video/ZtCwrMvS6Eg_000020/video.mp4,eating with cutlery
video/MaaPWkNBhR8_000044/video.mp4,car engine idling
video/muxjFOPvR1I_000320/video.mp4,chicken clucking
video/HEBbCfH6xME_000003/video.mp4,telephone bell ringing
video/Xb7lSqbJYog_000490/video.mp4,helicopter
video/JOlFa2qjPig_000053/video.mp4,wind chime
video/jejadhR_m9w_000030/video.mp4,playing hammond organ
video/0BCkxfdk6fk_000761/video.mp4,striking pool
video/WzIeJ_yU9ys_000030/video.mp4,people sneezing
video/vY2m4W8pUFA_000015/video.mp4,people eating crisps
video/KZoSQEDgZG4_000001/video.mp4,"child speech, kid speaking"
video/ocsV6Tit_9E_000200/video.mp4,volcano explosion
video/0n56ajMNoMA_000118/video.mp4,driving snowmobile
video/wPoeFpD3gUQ_000358/video.mp4,ripping paper
video/d3gMwtMK6Gs_000030/video.mp4,skidding
video/qu3cJGVvvWs_000237/video.mp4,playing timbales
video/t5xJ9pkdX-0_000530/video.mp4,train whistling
video/IjOKUlm9OYo_000012/video.mp4,playing tennis
video/lzXvsIeFtDI_000327/video.mp4,people slapping
video/YSgzZEeYOms_000030/video.mp4,orchestra
video/5QI6qaX5DNg_000238/video.mp4,chopping wood
video/IQszXcU_OBI_000147/video.mp4,air conditioning noise
video/FAm2fNxtHOw_000000/video.mp4,lions roaring
video/0vg9qxNKXOw_000030/video.mp4,skateboarding
video/ncVm9aZPbHg_000095/video.mp4,missile launch
video/i39ZIS_58UY_000000/video.mp4,lighting firecrackers
video/vUn1NaMwqjg_000047/video.mp4,underwater bubbling
video/n-tBbgUkFxo_000032/video.mp4,woodpecker pecking tree
video/XZ5oHxjfHKY_000030/video.mp4,people sobbing
video/X9sAp8zwYbQ_000174/video.mp4,bouncing on trampoline
video/DA-XLk-aikM_000776/video.mp4,bouncing on trampoline
video/cqCnU2AqzPA_000030/video.mp4,people eating
video/4HQuCx9RyC4_000070/video.mp4,lathe spinning
video/bu2JMRlDl94_000150/video.mp4,playing french horn
video/eC2QpruaH0g_000040/video.mp4,cheetah chirrup
video/zCf_CNCvEvk_000007/video.mp4,civil defense siren
video/SOP4zO5Tk3w_000161/video.mp4,striking bowling
video/9NYsJxa4wjA_000040/video.mp4,frog croaking
video/6xdUjauOQaA_000112/video.mp4,foghorn
video/23HYypV2gcM_000590/video.mp4,"child speech, kid speaking"
video/ksfpCXlY-hA_000100/video.mp4,popping popcorn
video/opuHiPsyay0_000030/video.mp4,missile launch
video/J_ZRXchuwNA_000030/video.mp4,horse clip-clop
video/Cm6yI1OrbzM_000010/video.mp4,playing french horn
video/d-qCd8Src3E_000072/video.mp4,striking pool
video/OmvNQtdaX1A_000040/video.mp4,orchestra
video/YJ-mcQU75Nk_000011/video.mp4,air conditioning noise
video/ZQ6q-mvWhKk_000116/video.mp4,shot football
video/n_k5FKt3X64_000030/video.mp4,sloshing water
video/4isHCjOrIIk_000031/video.mp4,chopping wood
video/LC4vDpnkDtM_000063/video.mp4,bull bellowing
video/ryWnOaICR80_000014/video.mp4,cat hissing
video/TsJkj3BotEo_000580/video.mp4,thunder
video/CudxWnS7ukw_000030/video.mp4,playing banjo
video/EyEVKlDZtrw_000025/video.mp4,tap dancing
video/hR6PtBiWneE_000030/video.mp4,playing squash
video/V4RmD_obUBo_000125/video.mp4,"race car, auto racing"
video/v6A7Iggebm4_000180/video.mp4,female singing
video/9oeGmqm6g8E_000080/video.mp4,"railroad car, train wagon"
video/hjupHk9jpCE_000180/video.mp4,people burping
video/MYtq46rNsCA_000030/video.mp4,baby crying
video/Upq4yFKwiTM_000024/video.mp4,woodpecker pecking tree
video/VViXFIbJNbk_000130/video.mp4,people finger snapping
video/keVZ4cpnWXU_000490/video.mp4,"bee, wasp, etc. buzzing"
video/mQITX62D_3s_000010/video.mp4,people coughing
video/1vy-ZxTMQf4_000377/video.mp4,people marching
video/0lPcHRhXlWk_000030/video.mp4,driving buses
video/7QTCtJkc2NQ_000021/video.mp4,singing choir
video/fHCVGpMGkrA_000097/video.mp4,cat purring
video/vKjtxUDSxCA_000010/video.mp4,door slamming
video/davLHMXIHDM_000320/video.mp4,reversing beeps
video/sXQ41sxfPa8_000296/video.mp4,lathe spinning
video/98xglJB2PQI_000003/video.mp4,forging swords
video/Rm2XQrio0QE_000099/video.mp4,playing bongo
video/Bp6GfJajhF0_000036/video.mp4,snake hissing
video/b6867WvTgOk_000080/video.mp4,driving motorcycle
video/9sJU5MALkgg_000068/video.mp4,"motorboat, speedboat acceleration"
video/IgiaGUeiVe4_000411/video.mp4,bowling impact
video/_WCpjcXIYzA_000010/video.mp4,people sobbing
video/xwrpD8jQupw_000081/video.mp4,chopping food
video/fK39zLd_OrM_000706/video.mp4,train horning
video/kbCh5HrmgN0_000080/video.mp4,playing steelpan
video/MPW-geOjDG4_000197/video.mp4,tap dancing
video/jH3dF48ULng_000011/video.mp4,planing timber
video/bcBixpb5TdI_000098/video.mp4,pheasant crowing
video/fHD5X6Uw1Gw_000032/video.mp4,playing snare drum
video/9XfmOHbHniE_000003/video.mp4,snake rattling
video/HZ-XFC5qzyM_000450/video.mp4,people running
video/UtZofZjccBs_000290/video.mp4,skateboarding
video/FK1DCWrW02s_000030/video.mp4,people whistling
video/nC1p4WWdMgY_000267/video.mp4,lip smacking
video/kK4aLN6sn0A_000056/video.mp4,civil defense siren
video/tB67geb0fVg_000063/video.mp4,forging swords
video/3pV7d32BfBQ_000050/video.mp4,lions roaring
video/4IJCSuJoo9o_000002/video.mp4,people shuffling
video/iNeJ1Olo1fo_000262/video.mp4,bouncing on trampoline
video/HeLV1buhzpI_000030/video.mp4,people belly laughing
video/WUJXiIqMhCs_000036/video.mp4,playing shofar
video/3IdazIWh2Ew_000022/video.mp4,dog howling
video/oJbeLScZK1o_000049/video.mp4,cat growling
video/6RDnl3NFgsY_000054/video.mp4,"male speech, man speaking"
video/8zIpoSKNOgA_000018/video.mp4,warbler chirping
video/SdtxQcBJjBs_000060/video.mp4,playing saxophone
video/QBMDnMRwQCc_000070/video.mp4,helicopter
video/nup1eVraTqE_000152/video.mp4,sharpen knife
video/MD5zAkNrOls_000000/video.mp4,people running
video/G5LqrMcq1QE_000280/video.mp4,playing trombone
video/aqRi6eFKBcc_000264/video.mp4,eletric blender running
video/lQNWx4KRlz0_000450/video.mp4,"subway, metro, underground"
video/XMWD4ECxcNk_000029/video.mp4,"alligators, crocodiles hissing"
video/xwaoejkBDe0_000009/video.mp4,chipmunk chirping
video/6ayVxYbKBe0_000030/video.mp4,playing bass guitar
video/ULZ6auGvLAw_000311/video.mp4,sharpen knife
video/ktxdNOu2P4E_000011/video.mp4,lions growling
video/VtpsRl91doo_000064/video.mp4,electric grinder grinding
video/oAOD7KIvkMk_000012/video.mp4,missile launch
video/pfteERYuKuA_000060/video.mp4,penguins braying
video/KXkPJ_xgPZg_000004/video.mp4,cat hissing
video/dpTKSxH3asA_000030/video.mp4,playing electronic organ
video/eaYJfcK4R-o_000030/video.mp4,"pigeon, dove cooing"
video/Ni_RNKhQ47k_000118/video.mp4,magpie calling
video/70SeDyvtqi8_000205/video.mp4,eletric blender running
video/dYL0n0ZJxkA_000039/video.mp4,train whistling
video/exFt4zkc75o_000012/video.mp4,chinchilla barking
video/2wsp3s4hIKs_000008/video.mp4,francolin calling
video/jlmyAZSidOQ_000290/video.mp4,toilet flushing
video/buJRhrg6l2E_000030/video.mp4,playing zither
video/J8s8gIg1UFw_000103/video.mp4,civil defense siren
video/2VptepDtAZ4_000058/video.mp4,pheasant crowing
video/dyz5v3kxF3Y_000001/video.mp4,mosquito buzzing
video/rIReA3dk0EA_000296/video.mp4,baltimore oriole calling
video/7fRaV39Y-2o_000050/video.mp4,waterfall burbling
video/B_tbkQYT9N0_000030/video.mp4,door slamming
video/_uZaiX3Awog_000002/video.mp4,people giggling
video/BSe5J0KlN3k_000500/video.mp4,playing sitar
video/j3slcVPwhPU_000023/video.mp4,woodpecker pecking tree
video/byqu6vJWCIY_000513/video.mp4,striking bowling
video/nYt4AoZTVFE_000013/video.mp4,playing castanets
video/MA4zjfLf-zE_000171/video.mp4,playing timbales
video/hBrcjmbJq0k_000044/video.mp4,thunder
video/MHykFW1zgoA_000121/video.mp4,lathe spinning
video/YgB5LH01wk4_000028/video.mp4,barn swallow calling
video/7MT92mDKdKU_000106/video.mp4,yodelling
video/-K1BRF6qng8_000030/video.mp4,female singing
video/itAOGRiYRLI_000000/video.mp4,playing snare drum
video/V2CS8ToddTE_000030/video.mp4,singing choir
video/fg2xsB3kWHA_000087/video.mp4,francolin calling
video/GVg8Oz2xqe4_000030/video.mp4,playing harpsichord
video/mdC78ZNupCE_000128/video.mp4,playing cornet
video/D1KdCkSFmnk_000000/video.mp4,people shuffling
video/a07aflJnWEs_000249/video.mp4,cuckoo bird calling
video/MsXvOWXDlOI_000012/video.mp4,people hiccup
video/Nuyu78uZcVE_000058/video.mp4,playing djembe
video/4KEmXh9FmmI_000030/video.mp4,"rowboat, canoe, kayak rowing"
video/okb2W6wlTeg_000017/video.mp4,pig oinking
video/TyMZJqYmrwE_000490/video.mp4,playing ukulele
video/eM4nDN84gNc_000107/video.mp4,child singing
video/7yk8XI5q7go_000030/video.mp4,orchestra
video/3NGZcpAZcl0_000030/video.mp4,"pigeon, dove cooing"
video/nCztCv5Ebrk_000274/video.mp4,people giggling
video/zrd5rRF4Jkg_000011/video.mp4,pig oinking
video/ALU-1AILj1c_000220/video.mp4,playing tabla
video/t_36kmJA8f4_000020/video.mp4,sharpen knife
video/MxxJWqd5948_000030/video.mp4,playing clarinet
video/A458iJLZGvg_000080/video.mp4,"child speech, kid speaking"
video/mi6DQRlrD7g_000030/video.mp4,"playing steel guitar, slide guitar"
video/FpFwKojx3ls_000086/video.mp4,squishing water
video/DaRjeE5PW80_000039/video.mp4,sea waves
video/cLpDBj--as0_000008/video.mp4,people sneezing
video/qK24rhShDUI_000098/video.mp4,gibbon howling
video/lcRSwt2-uhA_000030/video.mp4,wind rustling leaves
video/P1QoN7IyNiI_000030/video.mp4,pumping water
video/rNQ0EBdxPvM_000030/video.mp4,using sewing machines
video/yDxndKJfFfE_000078/video.mp4,dinosaurs bellowing
video/5rWRFrImmHA_000000/video.mp4,footsteps on snow
video/6agTJDB5lno_000020/video.mp4,wind noise
video/E9CrHaJJ8I8_000130/video.mp4,playing timpani
video/yUi5HXpdh7s_000103/video.mp4,people slapping
video/j5_x1BgTo1Y_000437/video.mp4,people eating apple
video/3uz_ZrGsIaA_000030/video.mp4,playing electric guitar
video/0OFlTh2_Obo_000030/video.mp4,dog bow-wow
video/DcMUa81JfBE_000010/video.mp4,dog baying
video/LwypJxIZ31w_000001/video.mp4,opening or closing car electric windows
video/ZFS_SPkhO30_000015/video.mp4,cutting hair with electric trimmers
video/9ZBaKqh-Bmk_000131/video.mp4,"alligators, crocodiles hissing"
video/VSf-6xznJyk_000240/video.mp4,people sobbing
video/-7sg--aJdrc_000049/video.mp4,gibbon howling
video/AHIV0RMwnN8_000150/video.mp4,tap dancing
video/eb1X3b1x25I_000105/video.mp4,people eating crisps
video/mJOGqViXauo_000100/video.mp4,popping popcorn
video/wv7lLolLuo0_000055/video.mp4,dog baying
video/14lBeX_dOHU_000234/video.mp4,canary calling
video/DpdjtEEqTIQ_000003/video.mp4,playing bongo
video/8h_-FrApEwU_000242/video.mp4,playing bongo
video/7nQxWCn_dBg_000160/video.mp4,"child speech, kid speaking"
video/tMeM2z6NCL4_000030/video.mp4,lions roaring
video/fkJM0danKK4_000030/video.mp4,playing zither
video/IeapE3z-v3Q_000129/video.mp4,playing bass drum
video/QS31Gm9tIig_000000/video.mp4,machine gun shooting
video/0W1sNicXboU_000060/video.mp4,splashing water
video/Y6w2drYRvg8_000037/video.mp4,shot football
video/53UdZyM9MyE_000252/video.mp4,ripping paper
video/N68rDUSvx9Y_000030/video.mp4,turkey gobbling
video/gksGyZQWxgw_000090/video.mp4,printer printing
video/iBH5X5SKirU_000080/video.mp4,playing ukulele
video/ETbXNJxQrQU_000030/video.mp4,train horning
video/E4eSlsn2OtQ_000030/video.mp4,mosquito buzzing
video/h2f_CKjQQg8_000070/video.mp4,people clapping
video/bFTkrENAIzk_000237/video.mp4,popping popcorn
video/UkO0Xiqpx5A_000080/video.mp4,people burping
video/BkkQH_d7i6A_000030/video.mp4,horse clip-clop
video/EzHAfVNaf1o_000052/video.mp4,arc welding
video/4wIXqVgtFSw_000621/video.mp4,playing lacrosse
video/1DrrBnFlylU_000000/video.mp4,people eating apple
video/an8sNYncBao_000450/video.mp4,people babbling
video/5iL201ao6fI_000044/video.mp4,playing table tennis
video/WWkwE6vhGwY_000030/video.mp4,"playing steel guitar, slide guitar"
video/Hu1OmW6Glaw_000030/video.mp4,chopping wood
video/2PokKRlQ3tI_000043/video.mp4,yodelling
video/KQAR_64a35I_000011/video.mp4,lions roaring
video/BGtTepVOst4_000252/video.mp4,warbler chirping
video/Amd-OLa3tMI_000030/video.mp4,"subway, metro, underground"
video/zra3SOgAsyg_000031/video.mp4,chicken clucking
video/bzHZ7yvmVMk_000138/video.mp4,dinosaurs bellowing
video/DIp98lL45Q4_000147/video.mp4,sea waves
video/6ZrhRQItpiI_000028/video.mp4,car passing by
video/f-3r6Pou7UM_000015/video.mp4,magpie calling
video/w8naAN5Sgic_000136/video.mp4,strike lighter
video/c1Zpqc-fISI_000015/video.mp4,opening or closing car doors
video/4xDESfgdqoI_000040/video.mp4,warbler chirping
video/StFCmHcBNko_000120/video.mp4,playing lacrosse
video/oR4pWUTh4Ns_000029/video.mp4,wood thrush calling
video/eUZdeewHwhw_000030/video.mp4,chicken crowing
video/0K92tp-4GEk_000108/video.mp4,bathroom ventilation fan running
video/cocA3THl4S0_000057/video.mp4,eagle screaming
video/hHb0Eq1I7Fk_000000/video.mp4,skateboarding
video/rhgBTv9bDQk_000030/video.mp4,"pigeon, dove cooing"
video/zguk_hYrBY4_000041/video.mp4,cat growling
video/LphmNfEyJho_000008/video.mp4,penguins braying
video/w8wqxVdgAxA_000039/video.mp4,lathe spinning
video/5YrFCAsnhJM_000460/video.mp4,cap gun shooting
video/8aZFjhn4U-A_000021/video.mp4,people battle cry
video/mx2J7tKL66w_000050/video.mp4,playing snare drum
video/Yx5pH0S0Clc_000062/video.mp4,black capped chickadee calling
video/U_RBTwYagwk_000053/video.mp4,playing badminton
video/ZBABHoxc0SE_000023/video.mp4,playing squash
video/MosOtH1imQA_000030/video.mp4,"female speech, woman speaking"
video/SjpIXXfSEBE_000011/video.mp4,playing volleyball
video/LaBLXBBiCw4_000075/video.mp4,metronome
video/g-ZGr5uUJO8_000030/video.mp4,helicopter
video/eRL3fZeTQe8_000001/video.mp4,striking bowling
video/LXZNhyX5SkE_000206/video.mp4,train wheels squealing
video/fymM6VcMwoI_000183/video.mp4,chopping food
video/zk4YZ_mbx2c_000012/video.mp4,playing tennis
video/bTFB6JC2sIM_000000/video.mp4,mosquito buzzing
video/ChYU7ABCcq0_000089/video.mp4,sheep bleating
video/LnVxCibEqko_000053/video.mp4,chopping food
video/OaSK8a6BbWg_000020/video.mp4,people belly laughing
video/BEKeSHBu9qI_000340/video.mp4,playing saxophone
video/RDCeLCJp7NM_000040/video.mp4,coyote howling
video/0mNvPaqfwUI_000220/video.mp4,"railroad car, train wagon"
video/BjYsesK0GQw_000030/video.mp4,people babbling
video/liZ8HrN_mKQ_000190/video.mp4,dog bow-wow
video/9ytPHkPCXgA_000050/video.mp4,playing tambourine
video/84uy3xSw9H0_000030/video.mp4,cat caterwauling
video/sGL9JGlIRog_000104/video.mp4,"heart sounds, heartbeat"
video/_GoMg7oF7Ww_000074/video.mp4,train whistling
video/TS7NsVkl3P4_000261/video.mp4,mynah bird singing
video/nGqzNDdhGrk_000030/video.mp4,"vehicle horn, car horn, honking"
video/nhxCeq3sg2U_000153/video.mp4,police radio chatter
video/td4T1Yl0lB0_000050/video.mp4,splashing water
video/xqhQTB860Lc_000036/video.mp4,people hiccup
video/VeiJYltEZFc_000034/video.mp4,playing tympani
video/GYZPCfnQpGU_000095/video.mp4,people marching
video/bkIBHUh7LrE_000126/video.mp4,cricket chirping
video/gPw-sP3px30_000002/video.mp4,wind chime
video/iDvva_WCo-I_000030/video.mp4,playing didgeridoo
video/4Q1DDOpej1o_000000/video.mp4,male singing
video/pNrnDUg0dng_000030/video.mp4,fire truck siren
video/BFqHyCoypfM_000016/video.mp4,people screaming
video/1hKSlZZ5T50_000002/video.mp4,chopping wood
video/xcATi4rdSu8_000002/video.mp4,wood thrush calling
video/VAqgpoyD2jc_000030/video.mp4,playing banjo
video/QjGD_BNFt58_000084/video.mp4,swimming
video/7-Ly3ICovLE_000030/video.mp4,people shuffling
video/VkYB3Fw4bLw_000030/video.mp4,frog croaking
video/YFmO4K_mdTo_000181/video.mp4,hedge trimmer running
video/2xQuWif8axE_000030/video.mp4,playing electric guitar
video/-qxw8nbLj_0_000000/video.mp4,waterfall burbling
video/ORaz32CQ29k_000130/video.mp4,coyote howling
video/McBsb7uCLVI_000550/video.mp4,people farting
video/49WpWcOnPs4_000200/video.mp4,church bell ringing
video/hC7sSMWLwDo_000016/video.mp4,baby crying
video/KAdUPttkyIs_000285/video.mp4,francolin calling
video/gh4oE_5g4YY_000439/video.mp4,people slurping
video/W5kJAQ_RI0M_000000/video.mp4,"playing marimba, xylophone"
video/f64wLONhecI_000066/video.mp4,sea waves
video/4onH3sBeVdU_000042/video.mp4,car engine idling
video/hgG_Gci8op0_000030/video.mp4,hair dryer drying
video/9LCxd1wjCQk_000276/video.mp4,turkey gobbling
video/4h550TCCd9w_000153/video.mp4,playing congas
video/dMAp3dvs3kE_000170/video.mp4,male singing
video/9nL1XhKm9q8_000030/video.mp4,pumping water
video/v5IM8bUpeP8_000030/video.mp4,dog barking
video/FzzboZDObbs_000041/video.mp4,car engine starting
video/3O7CzEL0pXA_000421/video.mp4,people marching
video/xmN86_ght1M_000030/video.mp4,people finger snapping
video/RKOMrjtplik_000006/video.mp4,foghorn
video/60pjQAHIQeU_000034/video.mp4,lip smacking
video/mA5glWD2sVk_000028/video.mp4,rope skipping
video/9TkW1M_ZRr0_000030/video.mp4,rapping
video/HJhFxiKjBoo_000030/video.mp4,horse clip-clop
video/AYhduTuI_zM_000102/video.mp4,playing flute
video/63rqIYPHvlc_000030/video.mp4,people finger snapping
video/9nmXhr76EkI_000230/video.mp4,playing table tennis
video/AKdT8WAIGmk_000030/video.mp4,basketball bounce
video/V-Kl0SDidHI_000020/video.mp4,door slamming
video/-5z9IXBJefc_000227/video.mp4,playing djembe
video/MYxhRD4RVmQ_000010/video.mp4,vacuum cleaner cleaning floors
video/VyGTIJZajCM_000005/video.mp4,snake hissing
video/f5RrGFBbbSY_000020/video.mp4,chicken clucking
video/6b2ZMMrLTz8_000005/video.mp4,"engine accelerating, revving, vroom"
video/6pkpzyWM35U_000020/video.mp4,bouncing on trampoline
video/HA0eZ_FDVUg_000050/video.mp4,tractor digging
video/c8j3tDbIeuk_000030/video.mp4,printer printing
video/RSXUYIi95wo_000030/video.mp4,people whispering
video/CFRfL0fmAOU_000140/video.mp4,people running
video/RJFdWGEdzP4_000111/video.mp4,fox barking
video/HQ8eR2lvjSE_000030/video.mp4,driving motorcycle
video/08Cm_RuvHmk_000000/video.mp4,playing zither
video/4--05CAaDsg_000460/video.mp4,splashing water
video/6-XEA0zqo8M_000050/video.mp4,playing synthesizer
video/C00BpiE52mM_000270/video.mp4,playing cymbal
video/Jr2XqXub28A_000030/video.mp4,sloshing water
video/sI5ZziqZ9jI_000030/video.mp4,playing trombone
video/PZkS9IVg0e4_000030/video.mp4,chopping wood
video/OBwh-KGukE8_000030/video.mp4,"engine accelerating, revving, vroom"
video/f1MZbxQ9qgg_000390/video.mp4,stream burbling
video/iPuIoRYYBfk_000030/video.mp4,people whistling
video/bS_1Sv24jso_000000/video.mp4,people finger snapping
video/1bSLrOlRIB4_000050/video.mp4,people slapping
video/jJRbB0Oahls_000000/video.mp4,church bell ringing
video/Mqlg9NYMidw_000011/video.mp4,air conditioning noise
video/CZZNrpHh3UM_000000/video.mp4,people sneezing
video/NAVsBfOjc4c_000590/video.mp4,"playing marimba, xylophone"
video/AcLX-YyZE08_000167/video.mp4,car engine starting
video/nB7FX1TBv34_000030/video.mp4,playing french horn
video/d2g3eW0EoNM_000001/video.mp4,chinchilla barking
video/yQWGYlXiqXk_000002/video.mp4,swimming
video/ObV0Fz5rJHQ_000035/video.mp4,cuckoo bird calling
video/CY6xP2-6e3Q_000030/video.mp4,goat bleating
video/ckIK43SCbkw_000036/video.mp4,"alligators, crocodiles hissing"
video/xdcjFp3L0FE_000003/video.mp4,baltimore oriole calling
video/6JSG4mGEDO0_000106/video.mp4,playing tennis
video/lI3P985JB7k_000149/video.mp4,playing double bass
video/Yj4i4C-CZ7M_000000/video.mp4,"bee, wasp, etc. buzzing"
video/iAK8xAOUob8_000297/video.mp4,playing snare drum
video/bPvol3UhlNs_000087/video.mp4,smoke detector beeping
video/2y7aiiaJPf8_000240/video.mp4,eating with cutlery
video/fMRkwcjjozw_000250/video.mp4,playing steelpan
video/R1zoAMguO3A_000150/video.mp4,helicopter
video/BWnhWNwnshk_000015/video.mp4,cupboard opening or closing
video/5hLkSi3BcWA_000021/video.mp4,cat growling
video/mSHxFybELNY_000030/video.mp4,playing cornet
video/nGrCh32C42w_000560/video.mp4,ice cracking
video/-nQ9a0P1TlY_000023/video.mp4,child singing
video/CWHD3CxFWkQ_000043/video.mp4,people humming
video/WEROVWDp3n0_000009/video.mp4,"race car, auto racing"
video/zZQXakb7WSM_000009/video.mp4,francolin calling
video/x7R2Pen7kM0_000016/video.mp4,mouse clicking
video/3qtnbifHKXU_000064/video.mp4,playing tuning fork
video/5iTVbHhYhC4_000030/video.mp4,crow cawing
video/aWhDSs4bqyE_000095/video.mp4,playing squash
video/-BmjFZ1xu5Q_000263/video.mp4,disc scratching
video/I-XYm2Ck2r8_000030/video.mp4,tapping guitar
video/DKH0HIZP284_000070/video.mp4,playing cymbal
video/a9pHOcjfDg8_001353/video.mp4,playing hockey
video/V3aaPyUdIyo_000254/video.mp4,playing double bass
video/pRwaEwxraWw_000130/video.mp4,playing accordion
video/a4i04UFWMw0_000310/video.mp4,lions roaring
video/Do5DfkHBhtg_000400/video.mp4,chainsawing trees
video/wGJljLdNCag_000005/video.mp4,cutting hair with electric trimmers
video/JXMyZ929lpY_000173/video.mp4,"race car, auto racing"
video/MKXeCiPtZwo_000280/video.mp4,child singing
video/Bh-o_G4wNZU_000010/video.mp4,people babbling
video/dT4dvRrlBL0_000321/video.mp4,ice cracking
video/Pi_2255ToZg_000111/video.mp4,playing squash
video/LF-5BAUGvWI_000030/video.mp4,rapping
video/b_RtXz277T0_000030/video.mp4,door slamming
video/dLWfam3rWy0_000052/video.mp4,writing on blackboard with chalk
video/ZJKJWpW9BJI_000067/video.mp4,playing darts
video/yv0ZPP2fP9g_000180/video.mp4,police radio chatter
video/exd1pvWXbfU_000009/video.mp4,mouse clicking
video/hCJ5hEnQo4s_000030/video.mp4,lawn mowing
video/LkAq2n1VC4M_000026/video.mp4,coyote howling
video/oPzAaB7LoqU_000030/video.mp4,baby crying
video/6dgTnGDYiZc_000009/video.mp4,cat meowing
video/NMQiKrTkl10_000039/video.mp4,volcano explosion
video/Tr9Xd0qwVrU_000320/video.mp4,playing steelpan
video/41-B5Y2iF9A_000023/video.mp4,pheasant crowing
video/yzG0xXcCRJA_000055/video.mp4,cow lowing
video/LU1CGfgJXfM_000080/video.mp4,"cattle, bovinae cowbell"
video/Ys9Tvftkin0_000070/video.mp4,people hiccup
video/Gsvye6sfO88_000570/video.mp4,opening or closing drawers
video/c4mDnV5pqC8_000044/video.mp4,playing glockenspiel
video/I2KxGucsrHw_000030/video.mp4,"rowboat, canoe, kayak rowing"
video/GCVw4MarbJE_000470/video.mp4,wind noise
video/kyWb3ON16R0_000000/video.mp4,volcano explosion
video/P4ocWEaK3eg_000200/video.mp4,playing tabla
video/-hA3ZkfDz30_000500/video.mp4,vacuum cleaner cleaning floors
video/YeOcx1ox5gQ_000330/video.mp4,playing tabla
video/5YfCTKbsuHQ_000030/video.mp4,orchestra
video/LoSomwPzdGE_000121/video.mp4,writing on blackboard with chalk
video/ZMZHRrtBZ6w_000108/video.mp4,people humming
video/EvzXps-qqO8_000040/video.mp4,basketball bounce
video/3b0W6CnqYHc_000031/video.mp4,people battle cry
video/pt67dyEbwGY_000039/video.mp4,playing snare drum
video/k45PjHhGXbo_000129/video.mp4,dinosaurs bellowing
video/mQWht9mv7sE_000010/video.mp4,playing synthesizer
video/BB3CCG8SD54_000000/video.mp4,dog growling
video/LDzb6mVK4nk_000127/video.mp4,playing volleyball
video/8rMlNbKlp_s_000000/video.mp4,"engine accelerating, revving, vroom"
video/gu1K5iQTrCQ_000003/video.mp4,cattle mooing
video/E4a3s8NRqUM_000070/video.mp4,playing synthesizer
video/R2jQmn99gME_000260/video.mp4,church bell ringing
video/lHP0q2sQzPQ_000030/video.mp4,driving buses
video/Jw-ugqr4GXk_000370/video.mp4,people whispering
video/yJEK4JjftUo_000053/video.mp4,hedge trimmer running
video/Dj3kmG8E1Ng_000030/video.mp4,people whispering
video/OoUncWICg-s_000110/video.mp4,playing banjo
video/TsqbxwQLeEE_000030/video.mp4,people farting
video/4Tpy1lsfcSM_000030/video.mp4,reversing beeps
video/EIjtY0lfbUE_000029/video.mp4,playing badminton
video/2uRe-e8RVEM_000190/video.mp4,dog bow-wow
video/cTrxMjSFgB4_000043/video.mp4,playing cornet
video/IoaLYFNwUdc_000283/video.mp4,hammering nails
video/8HZz1PzZcGE_000101/video.mp4,playing lacrosse
video/kh77cZfsDvc_000037/video.mp4,bull bellowing
video/wKMnausIyzM_000030/video.mp4,dog whimpering
video/2SchRwpsT7s_000048/video.mp4,people battle cry
video/VZRQd3d6jjA_000050/video.mp4,bird wings flapping
video/P15JhIEHVHg_000030/video.mp4,dog barking
video/e1QHcaaO4IA_000049/video.mp4,tornado roaring
video/Awxvsh2tM48_000500/video.mp4,cricket chirping
video/IEVVHo9nr7g_000030/video.mp4,rapping
video/ML8ZVFSC5I0_000335/video.mp4,people giggling
video/u28qJcl_5aI_000004/video.mp4,playing cornet
video/DhfdRzT2AP4_000132/video.mp4,metronome
video/lA3KGYqG5rQ_000484/video.mp4,bull bellowing
video/HpDgnUgkNTo_000120/video.mp4,"railroad car, train wagon"
video/ZZk09BLi2mU_000020/video.mp4,playing sitar
video/CEWvYJiAxgg_000069/video.mp4,bouncing on trampoline
video/VH-0wYC3_lQ_000070/video.mp4,spraying water
video/Nqb7nw58q08_000030/video.mp4,tapping guitar
video/IGaF7wK8hvM_000098/video.mp4,playing bassoon
video/3E9KoMSZ_pw_000201/video.mp4,bathroom ventilation fan running
video/JgKD-nqKTlQ_000021/video.mp4,striking pool
video/iW4pt41OuA0_000030/video.mp4,crow cawing
video/Fgsn0aqrCgU_000028/video.mp4,spraying water
video/Y3OH9qZb0V0_000000/video.mp4,wind rustling leaves
video/IIKc_1iCxMQ_000014/video.mp4,playing bassoon
video/iDs0Tv7ldss_000022/video.mp4,people humming
video/BBE88kG16j8_000030/video.mp4,"engine accelerating, revving, vroom"
video/A5RP_P_aFsk_000010/video.mp4,playing vibraphone
video/sx3mEMFomNw_000000/video.mp4,chicken clucking
video/GsQBMnuI5Ls_000008/video.mp4,volcano explosion
video/EU0Vrwxs7pU_000170/video.mp4,playing vibraphone
video/13ITCsFeMJU_000017/video.mp4,cutting hair with electric trimmers
video/toEK_StoaPI_000030/video.mp4,goose honking
video/KrAPRaQI9cE_000386/video.mp4,train whistling
video/OTZDYafhtKY_000634/video.mp4,playing lacrosse
video/AGDQXlgdzhA_000285/video.mp4,sheep bleating
video/_2hXtglCsD8_000016/video.mp4,snake rattling
video/J1-Qvl7u2TI_000000/video.mp4,crow cawing
video/y1orCLNC7bw_000245/video.mp4,people slurping
video/emAtRpVf2_A_000270/video.mp4,vacuum cleaner cleaning floors
video/Q1yfkoqvz_Q_000000/video.mp4,bull bellowing
video/z6oqPB07X3o_000030/video.mp4,people sniggering
video/Mr87MY9Vdiw_000002/video.mp4,sea lion barking
video/6wO8ORMfyFI_000430/video.mp4,"railroad car, train wagon"
video/DjqOjkoVu3M_000153/video.mp4,alarm clock ringing
video/8BQgOfXaBa4_000125/video.mp4,snake rattling
video/lu52106QS6E_000025/video.mp4,playing trumpet
video/QIgtulpStxA_000030/video.mp4,playing flute
video/UuBSbvH6ql8_000029/video.mp4,wood thrush calling
video/ncHAOlb2wgw_000068/video.mp4,coyote howling
video/3_A0AP3Xh9s_000290/video.mp4,playing cymbal
video/nZAkDZIEVlY_000294/video.mp4,air conditioning noise
video/1hIg-Lsvc7Q_000030/video.mp4,driving buses
video/dFcVaitADW8_000130/video.mp4,playing hammond organ
video/I-HlrcP6Qg4_000030/video.mp4,"engine accelerating, revving, vroom"
video/mRbMJiXlfOs_000300/video.mp4,"rowboat, canoe, kayak rowing"
video/63Wmu5s4e88_000162/video.mp4,tractor digging
video/qdT69XNRl4w_000016/video.mp4,skiing
video/kKPQ2keMp-4_000193/video.mp4,playing timbales
video/-E5o64ACjm0_000017/video.mp4,lathe spinning
video/REjC6sK5Msk_000156/video.mp4,airplane
video/gBHlKMGENc0_000551/video.mp4,people slurping
video/uAl_7AUPI2Q_000036/video.mp4,playing shofar
video/kprADc7y-rE_000002/video.mp4,playing tuning fork
video/gkaTHw410NA_000011/video.mp4,playing cornet
video/KaAMIcVOC9s_000408/video.mp4,scuba diving
video/HQr1YvLzoZo_000146/video.mp4,disc scratching
video/h6zc38gOkA4_000130/video.mp4,playing clarinet
video/eaLHv2zcQMw_000038/video.mp4,black capped chickadee calling
video/TVUT7DgoCCc_000170/video.mp4,chimpanzee pant-hooting
video/goUSbvvuRt8_000097/video.mp4,opening or closing car doors
video/RRAw_ogOfrk_000000/video.mp4,people farting
video/PM5BCjNswd0_000133/video.mp4,cat growling
video/1yWGmdevTuM_000030/video.mp4,playing didgeridoo
video/R6hwadNOJcg_000156/video.mp4,playing oboe
video/cG6OF9vcGPE_000081/video.mp4,people humming
video/D8BQyUNbIps_000116/video.mp4,running electric fan
video/pOxG6h1okWY_000275/video.mp4,metronome
video/2T1P9ovsl4A_000030/video.mp4,playing bass guitar
video/foQ8lV0bsb4_000013/video.mp4,"fly, housefly buzzing"
video/18aaA2efGng_000370/video.mp4,"bee, wasp, etc. buzzing"
video/ddySWSpptVo_000122/video.mp4,wood thrush calling
video/9STauy5DsC8_000030/video.mp4,rapping
video/P7EZVAVSCtc_000175/video.mp4,playing hockey
video/_i-fFlNB99k_000088/video.mp4,striking bowling
video/iD68IBqYQV4_000030/video.mp4,playing sitar
video/IiCNAp2sR9c_000030/video.mp4,singing choir
video/NwWdqtapeqM_000230/video.mp4,typing on typewriter
video/OAyewg0sAeY_000000/video.mp4,snake hissing
video/R_EnlXwBvtA_000078/video.mp4,playing squash
video/7nCe_iDT0NA_000000/video.mp4,horse neighing
video/DqEpvRDVDEI_000076/video.mp4,metronome
video/ep5lN_jtf8o_000062/video.mp4,hedge trimmer running
video/1qbJxEdgEZs_000054/video.mp4,chicken clucking
video/KPlEhcc8gF8_000048/video.mp4,playing bugle
video/xX_x4lBDBVU_000042/video.mp4,cat growling
video/53KoRxxr1jc_000030/video.mp4,goat bleating
video/uGgSgK2Jy68_000246/video.mp4,train wheels squealing
video/kwPl5Nrc1zs_000279/video.mp4,cutting hair with electric trimmers
video/XmiArfDbvsU_000030/video.mp4,people whispering
video/vcLmtZ7--iI_000217/video.mp4,people marching
video/kpNBSTCVEx4_000082/video.mp4,"playing violin, fiddle"
video/QmYk9LxD_JE_000000/video.mp4,cell phone buzzing
video/3TCAgDf9LNk_000030/video.mp4,people running
video/oE64sF3UtfU_000010/video.mp4,people hiccup
video/_3kxB2-MfWI_000030/video.mp4,people whistling
video/xAmYnybedFw_000117/video.mp4,snake rattling
video/fakJJOOLBhw_000083/video.mp4,elk bugling
video/5kYUTCJSmAU_000191/video.mp4,spraying water
video/KGXwmVakzjQ_000340/video.mp4,skateboarding
video/UO5UJJWJ6ps_000066/video.mp4,planing timber
video/6iwE6_Q7Mi8_000166/video.mp4,chicken clucking
video/xiTI9orA7SA_000021/video.mp4,playing timbales
video/TF5OXDXtTu8_000022/video.mp4,fireworks banging
video/3gLaidU3lHs_000027/video.mp4,playing oboe
video/6S7dV98ty_w_000422/video.mp4,opening or closing car doors
video/Tb2KyzcQoJE_000000/video.mp4,door slamming
video/HHYa8yc6qv8_000009/video.mp4,cutting hair with electric trimmers
video/Sp9bKDHRfsM_000065/video.mp4,tornado roaring
video/GD8aF9jc1C8_000019/video.mp4,running electric fan
video/Xiq8VRgHs1Y_000161/video.mp4,arc welding
video/jucJMIMABN8_000010/video.mp4,people babbling
video/J30XVELrIEM_000580/video.mp4,baby crying
video/-M7ZNV6gLo0_000310/video.mp4,bird squawking
video/ejwXH7ztxpE_000135/video.mp4,parrot talking
video/8Fut6ZU85Fs_000060/video.mp4,car engine knocking
video/0XSNrKgA94g_000030/video.mp4,thunder
video/n6SvDBZaCUQ_000000/video.mp4,ambulance siren
video/KAuoWt8dTJs_000087/video.mp4,playing guiro
video/EGR7EIz9JQ4_000030/video.mp4,fire truck siren
video/gTylPieYBcI_000384/video.mp4,fox barking
video/EgpsSwHlXqA_000000/video.mp4,splashing water
video/boPZxCznYbc_000030/video.mp4,crow cawing
video/srGhXnefH8k_000041/video.mp4,scuba diving
video/g9MeGil2Kys_000057/video.mp4,ice cracking
video/I2S72eajLzw_000030/video.mp4,playing hammond organ
video/CSn5FP1c1AQ_000055/video.mp4,tornado roaring
video/QKhVI1l78Uc_000014/video.mp4,missile launch
video/Hezt6_2Iu2g_000052/video.mp4,"electric shaver, electric razor shaving"
video/K082-sINKZI_000223/video.mp4,yodelling
video/58OaIktDh_s_000009/video.mp4,people battle cry
video/_eLVrgvrVBQ_000020/video.mp4,vacuum cleaner cleaning floors
video/plboimUNc4o_000100/video.mp4,playing washboard
video/VxE7Fi6jH54_000000/video.mp4,people eating crisps
video/oWr0gGzyG98_000090/video.mp4,baby laughter
video/qO0AFguYcww_000030/video.mp4,woodpecker pecking tree
video/ZAUxnrvNTIw_000520/video.mp4,lighting firecrackers
video/HQAaW-5IwHo_000002/video.mp4,cricket chirping
video/jOezpKDolRQ_000221/video.mp4,golf driving
video/UfMr4FFsS28_000021/video.mp4,cat meowing
video/QBMM1ocXkhY_000030/video.mp4,rapping
video/JGqBknP7CG8_000062/video.mp4,volcano explosion
video/1wqJ9KDfcME_000060/video.mp4,playing cymbal
video/RObYRwt7b8U_000189/video.mp4,playing tambourine
video/aIKqoPShvNs_000070/video.mp4,air horn
video/PQjd22yZhNg_000030/video.mp4,mouse pattering
video/UPrYFfu-EXs_000130/video.mp4,people farting
video/dFKYXLU3hWg_000098/video.mp4,police car (siren)
video/WMxMPVft4HE_000016/video.mp4,car engine idling
video/t7NFJjYWpwo_000000/video.mp4,otter growling
video/Ur5ce8KvhYs_000002/video.mp4,driving snowmobile
video/mYZyXIYEJAQ_000095/video.mp4,yodelling
video/JebRsHS1xic_000113/video.mp4,playing bassoon
video/gkH_Zxasn8o_000040/video.mp4,"subway, metro, underground"
video/xy9rQMXfKBE_000146/video.mp4,electric grinder grinding
video/M7rGKqfZh6k_000030/video.mp4,machine gun shooting
video/gTFCK9TuLOQ_000023/video.mp4,train whistling
video/BUREX8aFbMs_000030/video.mp4,ocean burbling
video/9rXAmXuAOw8_000000/video.mp4,crow cawing
video/6l5RWxeju8U_000020/video.mp4,air horn
video/jtfG2FbwINE_000121/video.mp4,people giggling
video/MfT9SrYQ8_Q_000304/video.mp4,police radio chatter
video/LaGXHHzobMA_000012/video.mp4,crow cawing
video/kHum8R_CcR0_000091/video.mp4,airplane
video/OZ9ti0RBfr8_000029/video.mp4,playing tambourine
video/O3DrKE6qUT0_000001/video.mp4,people slapping
video/x_i_FLv7pNA_000021/video.mp4,cow lowing
video/bgl8r_eRI1I_000000/video.mp4,people belly laughing
video/d0Uz_RnRV88_000460/video.mp4,playing acoustic guitar
video/Gdo_f-4odEY_000037/video.mp4,playing squash
video/kQ2cRYlbdMc_000029/video.mp4,elk bugling
video/fFKL_Njts_U_000371/video.mp4,playing drum kit
video/wMi_0eEIpcM_000220/video.mp4,playing drum kit
video/vr18I1PCECg_000000/video.mp4,playing french horn
video/SaWJzUJASIw_000347/video.mp4,rope skipping
video/Ckr_j4ajrx0_000007/video.mp4,playing guiro
video/SRjsxeOWFnw_000030/video.mp4,"motorboat, speedboat acceleration"
video/p6LLoRUj0nw_000145/video.mp4,playing bass drum
video/FjRjHKz1kU0_000030/video.mp4,turkey gobbling
video/g8ATSr0C6K8_000013/video.mp4,bull bellowing
video/oclGXBsr6S8_000077/video.mp4,people eating apple
video/MZFo739aKwI_000109/video.mp4,cow lowing
video/9WWZUjBE5HA_000183/video.mp4,striking pool
video/gyW4t5ogLyE_000030/video.mp4,crow cawing
video/GU7mq8uZgJo_000431/video.mp4,playing tennis
video/JH7pyZNuk0A_000380/video.mp4,playing flute
video/XZJcJHXOku8_000288/video.mp4,people booing
video/dTlAkkMLPDg_000030/video.mp4,"playing marimba, xylophone"
video/CWi_968aD3M_000017/video.mp4,rope skipping
video/0Iy18mslB4A_000170/video.mp4,playing flute
video/lkLg1kI06UM_000406/video.mp4,slot machine
video/NGG0Iosv8Lo_000108/video.mp4,playing squash
video/-0jeONf82dE_000021/video.mp4,horse neighing
video/DrlmLvPFdg8_000030/video.mp4,people running
video/vaFi4gE92i8_000150/video.mp4,singing bowl
video/ZS7bf3avohU_000001/video.mp4,civil defense siren
video/VaUPKq37xU4_000075/video.mp4,playing lacrosse
video/1cxvg7qu0G0_000070/video.mp4,lighting firecrackers
video/-hfAbHHlj44_000030/video.mp4,people crowd
video/hnuwVonqIwU_000114/video.mp4,playing double bass
video/hLkYXlhG224_000300/video.mp4,splashing water
video/KBAW9bg6tPk_000020/video.mp4,people crowd
video/umrpCv0-Ii4_000030/video.mp4,people whispering
video/W7EC4nQ6Qqk_000068/video.mp4,"donkey, ass braying"
video/qpfYxxh8Pqk_000463/video.mp4,squishing water
video/bHeeVi0fgv8_000180/video.mp4,bird squawking
video/ULEv1rbzqIU_000768/video.mp4,people slurping
video/RgyqhpOJFM4_000030/video.mp4,playing cello
video/H8GHEQR7iH4_000332/video.mp4,bouncing on trampoline
video/WG_CMZAkpCI_000148/video.mp4,otter growling
video/NfDUkR3DOFw_000024/video.mp4,airplane
video/aLL-B4ul-Dg_000620/video.mp4,people eating noodle
video/RHYNFIUe7H8_000001/video.mp4,canary calling
video/3eaA8bsLJBA_000042/video.mp4,playing cornet
video/DlAnJVkaHn0_000311/video.mp4,playing darts
video/Ii5LaYj2il4_000341/video.mp4,playing cornet
video/q-lVsfgGuq4_000826/video.mp4,foghorn
video/LS6efNeNaFs_000187/video.mp4,wind chime
video/LK8NpgU9EZE_000030/video.mp4,people whispering
video/495u-1lHHSc_000002/video.mp4,sailing
video/yXsDunJ63Hs_000066/video.mp4,chinchilla barking
video/18r-Vtspi8g_000030/video.mp4,splashing water
video/rW0Vwotvx3s_000119/video.mp4,playing glockenspiel
video/4DjXq2Tqr2k_000144/video.mp4,playing tympani
video/FMfZWfpusVk_000130/video.mp4,people crowd
video/bF1I8cLBTK8_000058/video.mp4,air horn
video/gaHt8mT4u9U_000030/video.mp4,canary calling
video/_e4_mvCMlkk_000001/video.mp4,playing tuning fork
video/OSlYn9hTRFA_000030/video.mp4,people coughing
video/dEZKBTNubi8_000365/video.mp4,whale calling
video/zFP9f-2upTE_000008/video.mp4,civil defense siren
video/OlKY56Mdn4s_000386/video.mp4,ripping paper
video/bltHehYBdy8_000070/video.mp4,dog howling
video/b5TTBG2d8p8_000054/video.mp4,plastic bottle crushing
video/N4SfahxM8Z4_000004/video.mp4,airplane flyby
video/Mdwn6x9edFI_000530/video.mp4,sea lion barking
video/FF0VaBxb27w_000030/video.mp4,playing ukulele
video/dIIiaO12I5Q_000006/video.mp4,baby crying
video/GmGTkftrkYk_000206/video.mp4,chopping wood
video/D_GfvnDbRJk_000060/video.mp4,ocean burbling
video/Dv7T_V-7ERg_000038/video.mp4,playing badminton
video/JFG4YvcJ3bo_000228/video.mp4,playing bongo
video/j1d0rmakDN4_000361/video.mp4,mouse clicking
video/ScQ2F8LTkuY_000021/video.mp4,goat bleating
video/4TGgt6ER9Ic_000307/video.mp4,bowling impact
video/5JHMkSN2rdc_000074/video.mp4,black capped chickadee calling
video/4rEd0ZR3EJM_000126/video.mp4,tornado roaring
video/YKJHjUUb3ZE_000053/video.mp4,"heart sounds, heartbeat"
video/OH8urnIthoQ_000060/video.mp4,playing electric guitar
video/hK3V1i7MSHY_000020/video.mp4,baby babbling
video/iSZc5I90ddA_000030/video.mp4,printer printing
video/7KDz6dGQ5RE_000058/video.mp4,tornado roaring
video/TRvyzeR1xzI_000190/video.mp4,playing congas
video/QzOb1K4wyvw_000142/video.mp4,elephant trumpeting
video/2eWobSpugTw_000017/video.mp4,baby crying
video/ipx_reb1Kfc_000000/video.mp4,baby babbling
video/w9IrUp87_UQ_000120/video.mp4,"donkey, ass braying"
video/pFIDYtC0abw_000002/video.mp4,car engine idling
video/nfdEqi5YMjk_000210/video.mp4,playing drum kit
video/nmRMfbrXwt0_000001/video.mp4,"electric shaver, electric razor shaving"
video/jbaZyROpitQ_000010/video.mp4,people hiccup
video/x9gE-IPfg3M_000080/video.mp4,fireworks banging
video/OJm4HM0or14_000001/video.mp4,playing double bass
video/uAgizG1hYw0_000060/video.mp4,playing bass guitar
video/ZvieGMGE-Ec_000043/video.mp4,cell phone buzzing
video/E9Xbw70cul8_000037/video.mp4,eletric blender running
video/LataVY-O5FA_000063/video.mp4,disc scratching
video/UX7R8WWJLoI_000160/video.mp4,playing harp
video/0LY5zuRlIac_000000/video.mp4,playing cymbal
video/pSVtqy6NzH0_000030/video.mp4,"pigeon, dove cooing"
video/X39unEA6Aas_000063/video.mp4,sharpen knife
video/NAdLwXCxpS0_000162/video.mp4,planing timber
video/DaQTSw0g6t4_000020/video.mp4,people hiccup
video/o_ruuyYruBU_000138/video.mp4,sailing
video/glLssX4biLE_000094/video.mp4,playing washboard
video/RLC6BxdpsqM_000150/video.mp4,church bell ringing
video/b6RkOuPoVWU_000130/video.mp4,playing harmonica
video/zShgXCOA8hQ_000276/video.mp4,electric grinder grinding
video/Rg-vGSWc0sk_000458/video.mp4,people marching
video/MoWyfzqzZrk_000019/video.mp4,black capped chickadee calling
video/4YAjFV2nEI0_000198/video.mp4,children shouting
video/8ONN7XhqNGY_000230/video.mp4,playing guiro
video/gd77_8KaHc8_000000/video.mp4,pig oinking
video/vuYE5G1C9MQ_000025/video.mp4,playing bassoon
video/68_o_B0C4pI_000030/video.mp4,wind rustling leaves
video/I7QODcpToew_000080/video.mp4,playing bagpipes
video/1pViEqMXJH0_000030/video.mp4,printer printing
video/pignXMaONpY_000411/video.mp4,playing bongo
video/IZ51tUuibq8_000030/video.mp4,owl hooting
video/oegvawJduKE_000081/video.mp4,people gargling
video/AMLJZImQ5Xk_000030/video.mp4,mouse squeaking
video/a_xgmS6wZKo_000000/video.mp4,police car (siren)
video/MeF_9KT_T8k_000040/video.mp4,lions growling
video/in34xQXdiPA_000280/video.mp4,cattle mooing
video/3zRatdumh0M_000090/video.mp4,playing trumpet
video/LxnIUtOAsCs_000030/video.mp4,playing harp
video/tlovZjft0Gw_000245/video.mp4,tractor digging
video/PUzk3WmMteU_000292/video.mp4,roller coaster running
video/m-UoC__UpT8_000030/video.mp4,cricket chirping
video/B-Ua2uzRwu4_000148/video.mp4,playing badminton
video/1EH6atYydBc_000090/video.mp4,lawn mowing
video/N1IM3f-TN4o_000000/video.mp4,smoke detector beeping
video/IvPbQdbsQUI_000331/video.mp4,sharpen knife
video/69n9pAfDPTc_000018/video.mp4,air horn
video/QoffZQFqxkQ_000003/video.mp4,"ice cream truck, ice cream van"
video/uH926Sn1pYE_000044/video.mp4,cutting hair with electric trimmers
video/DexDu4FDEWM_000031/video.mp4,driving snowmobile
video/VrimREPrM_o_000030/video.mp4,typing on typewriter
video/SkFx45lxlvA_000060/video.mp4,lions roaring
video/vIeKjpPFnGk_000150/video.mp4,playing french horn
video/betIn2CIoDw_000000/video.mp4,basketball bounce
video/kZ3KwoFNklY_000063/video.mp4,people slapping
video/XkyKliH1X3c_000025/video.mp4,snake rattling
video/MW0ZTvRCS1o_000220/video.mp4,"male speech, man speaking"
video/VPhcuvPn6L4_000250/video.mp4,people finger snapping
video/tqDYOAy5K7s_000030/video.mp4,frog croaking
video/3p3A4QDXw-g_000030/video.mp4,male singing
video/khC7ed0_Kvs_000190/video.mp4,people coughing
video/jBv48uOrgbs_000320/video.mp4,"rowboat, canoe, kayak rowing"
video/U37ysgI02r8_000020/video.mp4,playing glockenspiel
video/M2Xd3b0-rAI_000190/video.mp4,printer printing
video/YY3DY_U9oBk_000049/video.mp4,warbler chirping
video/fxUSMBlLOso_000012/video.mp4,train wheels squealing
video/-p-pVVp0Ibo_000020/video.mp4,baby babbling
video/6azSzS5ZjN0_000051/video.mp4,disc scratching
video/joVUa4PjmhU_000200/video.mp4,playing steelpan
video/bO9-u7AH8B8_000030/video.mp4,cattle mooing
video/fjWN2sQcR2s_000030/video.mp4,ambulance siren
video/UEjPRKwLvZ0_000170/video.mp4,playing sitar
video/cN5WLE0XTsE_000185/video.mp4,playing timbales
video/mx_t1glv_uE_000000/video.mp4,train horning
video/dLZEZTNhFwM_000032/video.mp4,bull bellowing
video/E3JEJG6IzYA_000140/video.mp4,lighting firecrackers
video/xdlRZfywYdc_000000/video.mp4,singing bowl
video/iZxPrZAZeXY_000400/video.mp4,sailing
video/DkAeTKwWXs8_000065/video.mp4,scuba diving
video/q-mib8XkZDo_000338/video.mp4,airplane
video/1TvSxv6aql8_000430/video.mp4,splashing water
video/bVPLdRReUZ8_000013/video.mp4,firing cannon
video/ZfSlWX1C8yY_000030/video.mp4,playing didgeridoo
video/7uK5ctEget0_000020/video.mp4,people babbling
video/D1tajOObltQ_000015/video.mp4,fire truck siren
video/X3Ukm37HbE0_000030/video.mp4,playing zither
video/j-UGe1kz-HY_000003/video.mp4,parrot talking
video/4WH0ZxvF9Nw_000016/video.mp4,otter growling
video/3QVNpLUQsAk_000040/video.mp4,people farting
video/eJ2AKzgNkyA_000120/video.mp4,playing vibraphone
video/-86gl1hp1Aw_000105/video.mp4,parrot talking
video/eXkDr7HlT0k_000000/video.mp4,baby crying
video/VfXA05MLTn4_000036/video.mp4,roller coaster running
video/R1CqlyLZl28_000005/video.mp4,playing lacrosse
video/l0LSwtnLCsY_000081/video.mp4,shot football
video/10Y5oGN2J30_000142/video.mp4,skiing
video/n8CFjM_yauA_000430/video.mp4,people whistling
video/9HcahqYUVoc_000090/video.mp4,chainsawing trees
video/FGEcmA0EFpI_000000/video.mp4,whale calling
video/PD7RisfbHqI_000000/video.mp4,people shuffling
video/DZFP5hm7iKg_000161/video.mp4,playing djembe
video/gMBz6lX9HNQ_000202/video.mp4,"electric shaver, electric razor shaving"
video/-r3nM90RCNs_000161/video.mp4,sharpen knife
video/BookISwJRqQ_000019/video.mp4,pig oinking
video/RfLGBTAXx_E_000060/video.mp4,"bee, wasp, etc. buzzing"
video/rOMU791E9zg_000230/video.mp4,bird wings flapping
video/t_UXhBi6ZGQ_000021/video.mp4,people cheering
video/kps82JmgoVg_000074/video.mp4,airplane
video/G93_g41lh7U_000032/video.mp4,dog growling
video/DkwFXd5nYLE_000040/video.mp4,driving buses
video/98ZM90poqNE_000164/video.mp4,people slapping
video/ZvOrojEQueY_000101/video.mp4,otter growling
video/BbedVdUH4LA_000030/video.mp4,"rowboat, canoe, kayak rowing"
video/I2IYACECpWM_000031/video.mp4,spraying water
video/4tT0QpiWrhY_000150/video.mp4,playing harpsichord
video/GYDqNjRzkKM_000145/video.mp4,car engine idling
video/46T9h0qV75g_000088/video.mp4,roller coaster running
video/Tgb2q9H8Qok_000298/video.mp4,"heart sounds, heartbeat"
video/rKByT8fOXpk_000007/video.mp4,footsteps on snow
video/9q8N_KgH8SI_000250/video.mp4,eating with cutlery
video/5AHCpL6ZZEg_000013/video.mp4,hair dryer drying
video/1O-WeYTRS4w_000370/video.mp4,"cattle, bovinae cowbell"
video/uAB0hA7zxKI_000030/video.mp4,"pigeon, dove cooing"
video/_51Fwp7Ns_s_000020/video.mp4,lighting firecrackers
video/9S69B4UvI-M_000000/video.mp4,playing cymbal
video/kZAwXjidHmM_000001/video.mp4,people sneezing
video/uwoOyOAsbY4_000004/video.mp4,playing tuning fork
video/gItGfthUf8E_000203/video.mp4,playing bass drum
video/tI5h94hKdVs_000005/video.mp4,tractor digging
video/ItLto4yUbN8_000024/video.mp4,people humming
video/w2bAs3lug3c_000030/video.mp4,goat bleating
video/rkMa9cC-zDQ_000022/video.mp4,playing guiro
video/V4I4dNkN1xs_000064/video.mp4,wood thrush calling
video/GDpUS5fvvq0_000210/video.mp4,people crowd
video/yfQCVtm-1F8_000151/video.mp4,cat growling
video/asc4LJtsRxg_000386/video.mp4,people slapping
video/33HgpYCs6cI_000058/video.mp4,smoke detector beeping
video/lWG8SRZKUhk_000060/video.mp4,driving buses
video/s3R9GaX6XrA_000000/video.mp4,people burping
video/PudSFQQxa-I_000030/video.mp4,goose honking
video/0OY8XXZ98rw_000030/video.mp4,male singing
video/3O7CzEL0pXA_000496/video.mp4,people marching
video/BTnTqJ-m_Io_000050/video.mp4,chicken crowing
video/HrvdzCGjbzw_000030/video.mp4,cat meowing
video/lZcbXVXdVF4_000010/video.mp4,"vehicle horn, car horn, honking"
video/tFfqWnybHEM_000040/video.mp4,playing bass guitar
video/ixrRVADA0Jk_000104/video.mp4,female singing
video/yEHITWk2vrs_000068/video.mp4,bouncing on trampoline
video/w-5phSpjv8E_000018/video.mp4,people booing
video/1jq7zSF_v7s_000140/video.mp4,opening or closing drawers
video/rHD9heHSUoQ_000200/video.mp4,playing harpsichord
video/sWvd4QtHZTI_000030/video.mp4,people whispering
video/495u-1lHHSc_000228/video.mp4,sailing
video/90-yhRr5p1g_000000/video.mp4,people clapping
video/44wxFq7DWFg_000612/video.mp4,playing hockey
video/JIy2No-Xg8A_000370/video.mp4,playing tabla
video/zkcM-cg52is_000008/video.mp4,ferret dooking
video/7kxpD5UzNpU_000170/video.mp4,striking pool
video/jqqjc0XrU58_000092/video.mp4,playing djembe
video/Rz7RBslEAG0_000030/video.mp4,playing accordion
video/sg_uyXvNPAw_000047/video.mp4,canary calling
video/hkvmrojwrzU_000040/video.mp4,playing harmonica
video/OrZNGml0csQ_000022/video.mp4,car engine starting
video/q4ITKvMFseA_000023/video.mp4,"pigeon, dove cooing"
video/2k6_k7K_ixg_000030/video.mp4,people farting
video/hH6thMA3640_000120/video.mp4,playing banjo
video/7mPAAZP8SIk_000429/video.mp4,people eating noodle
video/0dUL0EweBEY_000387/video.mp4,plastic bottle crushing
video/CE_cEThCA1M_000099/video.mp4,pheasant crowing
video/cscwHKeJ9n4_000000/video.mp4,"playing violin, fiddle"
video/bDpowdWB7lk_000021/video.mp4,dog bow-wow
video/9omaijBLqrg_000060/video.mp4,playing guiro
video/N6jQ2uP0fcw_000080/video.mp4,bowling impact
video/Ia6C4k0o2hc_000020/video.mp4,ambulance siren
video/KHdiD8unGsg_000030/video.mp4,horse neighing
video/kSE2Lav5ZCs_000120/video.mp4,goose honking
video/-cA9HsnV1ao_000030/video.mp4,hair dryer drying
video/SxI3Lnzzmkw_000110/video.mp4,people screaming
video/448X3t13rlk_000325/video.mp4,driving snowmobile
video/2ehbByOUJjM_000016/video.mp4,francolin calling
video/Msl9dI5yweA_000000/video.mp4,"playing marimba, xylophone"
video/ztn3BA42BO0_000017/video.mp4,orchestra
video/KwOlMltUALs_000036/video.mp4,playing hockey
video/2BuuLRDcgmY_000333/video.mp4,hedge trimmer running
video/6dJz3c-z_EM_000011/video.mp4,car engine idling
video/RnXiQh8x--c_000126/video.mp4,telephone bell ringing
video/MfavlJej70A_000030/video.mp4,"female speech, woman speaking"
video/0SnjS2w_c80_000520/video.mp4,playing didgeridoo
video/-sbrgNGuWXE_000270/video.mp4,playing flute
video/AJw-x30L46E_000080/video.mp4,playing acoustic guitar
video/JDtPwO8xuX4_000076/video.mp4,roller coaster running
video/mkVcFFOe3LI_000030/video.mp4,fire crackling
video/l8huGsnYzus_000023/video.mp4,wind chime
video/mWKasr_0CbU_000228/video.mp4,playing darts
video/zC5hRueMwVY_000348/video.mp4,bowling impact
video/qllcpbpZyqg_000012/video.mp4,playing glockenspiel
video/RLnAIkBccZk_000006/video.mp4,penguins braying
video/lfmfjfLlKB0_000010/video.mp4,playing french horn
video/ycjnLHuYx7U_000035/video.mp4,playing mandolin
video/8xpT2UQhzqE_000084/video.mp4,playing tennis
video/0Zzt2Tf_0Os_000139/video.mp4,ice cracking
video/8X0W6KSpWn4_000099/video.mp4,"electric shaver, electric razor shaving"
video/qCUcATSMC9M_000048/video.mp4,woodpecker pecking tree
video/IThCRPbXPMI_000017/video.mp4,whale calling
video/7SLiFO2MoHc_000017/video.mp4,people giggling
video/iSu2BRhUcLQ_000490/video.mp4,"playing marimba, xylophone"
video/FO0u1akOwOM_000000/video.mp4,playing badminton
video/4bKwpOl8-34_000239/video.mp4,tornado roaring
video/Cih7zp6KJac_000060/video.mp4,people eating noodle
video/LEn3f97acaw_000030/video.mp4,people clapping
video/I5yMAPfZsBQ_000360/video.mp4,vacuum cleaner cleaning floors
video/JWK-arpzfMo_000020/video.mp4,splashing water
video/f1t07gkcfR8_000110/video.mp4,toilet flushing
video/JKUSKYdYo9w_000000/video.mp4,people coughing
video/c1Qp3gEj0OY_000465/video.mp4,squishing water
video/dIloYYVJIO4_000124/video.mp4,sheep bleating
video/Cer1un9vciI_000030/video.mp4,singing choir
video/mgihmWi364U_000080/video.mp4,typing on computer keyboard
video/N9o9qiAQv_U_000020/video.mp4,goat bleating
video/TKZIwdxeQIQ_000209/video.mp4,underwater bubbling
video/NC6fdGYuHh4_000083/video.mp4,hail
video/BR5NGmkK8w4_000056/video.mp4,police car (siren)
video/J3SVckp6Gvk_000001/video.mp4,cupboard opening or closing
video/3i0GlkevMuQ_000024/video.mp4,cattle mooing
video/96QelZi4wN8_000070/video.mp4,foghorn
video/C31iMozaMEA_000010/video.mp4,"child speech, kid speaking"
video/S6-B6QfvS-I_000200/video.mp4,waterfall burbling
video/noN35nW5gl4_000000/video.mp4,cattle mooing
video/nBM7eqh4C0Q_000055/video.mp4,whale calling
video/rpkGCytpKzg_000042/video.mp4,cutting hair with electric trimmers
video/c8iV3QIK574_000406/video.mp4,playing hockey
video/FgzVC4jxtxg_000100/video.mp4,playing clarinet
video/MiQZ0dGQuIA_000170/video.mp4,people screaming
video/C7CObE387j8_000044/video.mp4,ferret dooking
video/UHFViYh6h6A_000114/video.mp4,woodpecker pecking tree
video/XAgX4QEV9Ts_000021/video.mp4,cattle mooing
video/zoo7FpCz7F0_000332/video.mp4,playing snare drum
video/Fd6btl9L0Ns_000182/video.mp4,car engine idling
video/-fP3n8D3sD4_000020/video.mp4,hair dryer drying
video/j_cywbssn70_000115/video.mp4,child singing
video/1obzCbmFpa8_000410/video.mp4,people giggling
video/0xPWkrfjMu0_000178/video.mp4,lip smacking
video/Flnwq0YuoAU_000100/video.mp4,bird squawking
video/8kbHA22EWd0_000330/video.mp4,skateboarding
video/A-AoGf9gIW8_000521/video.mp4,people battle cry
video/UapBvuAH7p0_000110/video.mp4,opening or closing drawers
video/8kFXbwqrVLU_000027/video.mp4,"heart sounds, heartbeat"
video/1gSwLBNvEWE_000034/video.mp4,playing oboe
video/XfjpzOUNu4E_000030/video.mp4,owl hooting
video/8tnY9KIxKBo_000140/video.mp4,orchestra
video/m2ezw2M40jo_000030/video.mp4,playing theremin
video/DVDQyIt56nQ_000200/video.mp4,child singing
video/TO7d2wx7Cq8_000058/video.mp4,lathe spinning
video/Mmq9YFHY_80_000000/video.mp4,ripping paper
video/7I2yJgXKncw_000021/video.mp4,crow cawing
video/peM5etsoQhY_000093/video.mp4,ice cracking
video/GYZPCfnQpGU_000226/video.mp4,people marching
video/1DlGh4su-Ms_000025/video.mp4,running electric fan
video/_Q-g-HiVEGU_000000/video.mp4,horse neighing
video/3otUlQ4wvLY_000030/video.mp4,male singing
video/NOZsDTFLm7M_000000/video.mp4,"vehicle horn, car horn, honking"
video/hcOkk03PnZE_000110/video.mp4,playing electronic organ
video/6A9tDfvsZC0_000030/video.mp4,dog howling
video/hQ4oiJEIugg_000014/video.mp4,underwater bubbling
video/HvtN3RsF85E_000030/video.mp4,sloshing water
video/UFcUTwPlFAU_000019/video.mp4,baby crying
video/UeRUivHxW3c_000020/video.mp4,opening or closing drawers
video/M0Iwz8p-3XU_000030/video.mp4,typing on typewriter
video/VazP0kjlliA_000034/video.mp4,hammering nails
video/aOGvHTXY2Us_000849/video.mp4,playing oboe
video/WetKCilV0Zc_000230/video.mp4,chopping wood
video/KbIIrQtBjk8_000070/video.mp4,owl hooting
video/lv-3GZqy_Mc_000003/video.mp4,foghorn
video/rhAwhUVsWRo_000005/video.mp4,goat bleating
video/VbPkC6aRKc8_000151/video.mp4,snake hissing
video/CZf-yC8pkwk_000204/video.mp4,people gargling
video/TsWy5u8dCtU_000253/video.mp4,firing muskets
video/7u_bcHSt_8Q_000044/video.mp4,electric grinder grinding
video/OKsOk8558gs_000380/video.mp4,people babbling
video/0NZLG7HMiLg_000590/video.mp4,wind noise
video/A_uldWErog4_000040/video.mp4,playing washboard
video/WV-t-cB6K-8_000030/video.mp4,chicken crowing
video/FHhZzDbLmw0_000016/video.mp4,snake hissing
video/LDDOczcTYxI_000147/video.mp4,bull bellowing
video/HtDjOm1Iolw_000030/video.mp4,sliding door
video/WsG_Mg0VDn8_000025/video.mp4,car engine starting
video/WluvjqG4fdw_000120/video.mp4,playing synthesizer
video/SVoLykPMwAs_000030/video.mp4,"bird chirping, tweeting"
video/cpLm-Yaay2k_000018/video.mp4,"donkey, ass braying"
video/HQOb1LjygAU_000030/video.mp4,sloshing water
video/V7WHQs_3HJ0_000003/video.mp4,whale calling
video/Ubd5GQAZMEo_000373/video.mp4,slot machine
video/W2aR6tTqGx0_000090/video.mp4,skidding
video/VfquVEoPZq8_000040/video.mp4,lions growling
video/wgY59Dh8XMo_000141/video.mp4,francolin calling
video/xlDCxKFtteE_000090/video.mp4,baby laughter
video/Elxd9uvd86M_000113/video.mp4,chimpanzee pant-hooting
video/Dmy4EjohxxU_000060/video.mp4,baby babbling
video/YjScrri_F7U_000000/video.mp4,skateboarding
video/rLRi-RsRTcI_000025/video.mp4,air horn
video/rglibN33aks_000012/video.mp4,opening or closing car electric windows
video/3gCD4JFbxuo_000090/video.mp4,baby laughter
video/LMv4Vt9otVg_000030/video.mp4,playing hammond organ
video/Kp3BH28CB0U_000199/video.mp4,playing congas
video/7l_TPfOhh5c_000570/video.mp4,chicken crowing
video/YIPcA-V0wcg_000070/video.mp4,people burping
video/zpWuikVorYg_000032/video.mp4,elk bugling
video/p0NU0nB-uks_000013/video.mp4,black capped chickadee calling
video/au036eve4s4_000030/video.mp4,raining
video/mNkqURQhM0c_000041/video.mp4,writing on blackboard with chalk
video/jLymf_Nx_9o_000140/video.mp4,playing clarinet
video/LbWDdMprV5k_000175/video.mp4,chicken clucking
video/W58kioYp1Ms_000030/video.mp4,playing electric guitar
video/X50vQ1-1Z3g_000060/video.mp4,playing saxophone
video/UCtiIWMRy-M_000004/video.mp4,sea lion barking
video/dxN1J8CvLdE_000000/video.mp4,playing trumpet
video/_6uZ1HyHSQY_000110/video.mp4,chainsawing trees
video/eUYJISxmAfo_000163/video.mp4,people slapping
video/q4Z8j3IalYs_000100/video.mp4,fire truck siren
video/dm0UmJcbAGM_000185/video.mp4,"playing steel guitar, slide guitar"
video/nmyh0HX45EY_000155/video.mp4,smoke detector beeping
video/c1prFYuA4LM_000416/video.mp4,ripping paper
video/8S-R5p17_IE_000160/video.mp4,playing saxophone
video/UHTpbtmXze0_000553/video.mp4,smoke detector beeping
video/u_Nxu8TvonA_000580/video.mp4,machine gun shooting
video/2Bljhdt61Y4_000038/video.mp4,playing bassoon
video/xez6gH4HbNY_000123/video.mp4,scuba diving
video/gqE8fkrtBjc_000212/video.mp4,air conditioning noise
video/fvQeqBqqcVw_000030/video.mp4,raining
video/oD4bkJ2Suyo_000103/video.mp4,train horning
video/bO6gUBBcniY_000030/video.mp4,people clapping
video/AI-nr0guriE_000093/video.mp4,spraying water
video/6dFyXSkUu14_000000/video.mp4,car passing by
video/GI7JterGTP0_000738/video.mp4,arc welding
video/0TV9zvfwFhs_000030/video.mp4,male singing
video/BilI7w8Am28_000017/video.mp4,warbler chirping
video/evgIG3ctDv8_000030/video.mp4,tapping guitar
video/4y_lQGqPzxk_000017/video.mp4,spraying water
video/Daqv2F6SEmQ_000030/video.mp4,fire truck siren
video/K0EiS8UsJPg_000030/video.mp4,people eating
video/VT-rnRYiNdo_000412/video.mp4,"race car, auto racing"
video/4nlB8qkQJ9s_000020/video.mp4,people whistling
video/DQC78JSBJoo_000000/video.mp4,slot machine
video/2U-4QHS0QBc_000040/video.mp4,playing tabla
video/n4SP34zUHu8_000388/video.mp4,elk bugling
video/Ms-M0gM_Sy8_000030/video.mp4,"race car, auto racing"
video/cRTOP_vJihU_000273/video.mp4,strike lighter
video/pIHQ5U7YtVs_000000/video.mp4,baby babbling
video/HXj5NUoTohs_000130/video.mp4,playing didgeridoo
video/xcpTytjZNoQ_000135/video.mp4,train whistling
video/jFumbdalT2g_000022/video.mp4,shot football
video/AGoxtfIvAmo_000152/video.mp4,ripping paper
video/XNXzqocOTVU_000170/video.mp4,otter growling
video/VHMrs4fni58_000100/video.mp4,forging swords
video/j50SGKJ0MQI_000160/video.mp4,hedge trimmer running
video/4bJeisLGFuA_000000/video.mp4,playing cymbal
video/4Jc8UZHaqHw_000019/video.mp4,dog bow-wow
video/ZcBBqKA-dKE_000030/video.mp4,"vehicle horn, car horn, honking"
video/t-yy7v7P0IE_000100/video.mp4,playing bass guitar
video/YrheeLTG-5U_000002/video.mp4,plastic bottle crushing
video/R63TQ4aEGYA_000410/video.mp4,firing muskets
video/XZbFXz54Suo_000000/video.mp4,"playing steel guitar, slide guitar"
video/mHiOGhxbmdo_000030/video.mp4,firing cannon
video/kiA86HI-GLU_000140/video.mp4,playing zither
video/cRvAv1Nn-WQ_000085/video.mp4,ferret dooking
video/Rj8hpFBBSi0_000092/video.mp4,snake rattling
video/g1B7AXhFQ1I_000060/video.mp4,slot machine
video/bLhhZhAg-5k_000131/video.mp4,playing washboard
video/-JTbHL7OKf0_000052/video.mp4,coyote howling
video/x_v89ZU2Zsk_000083/video.mp4,electric grinder grinding
video/FMr1WHtXJbc_000030/video.mp4,tapping guitar
video/5VElNpaNPoo_000000/video.mp4,police car (siren)
video/y6jT3Q3gyvs_000012/video.mp4,baby crying
video/Q6CqAFnP2Fg_000010/video.mp4,ambulance siren
video/89PzuqeWWYQ_000024/video.mp4,people battle cry
video/SsloEIMVDmk_000016/video.mp4,mouse clicking
video/Rj0cmUyZfR4_000030/video.mp4,mouse squeaking
video/RQvbm3l3wmA_000110/video.mp4,playing drum kit
video/H7cajTyrLq4_000046/video.mp4,people humming
video/v7oPFEXawRU_000177/video.mp4,firing muskets
video/weC_DJ-hxx8_000187/video.mp4,people humming
video/RVKBNv4mc6Y_000107/video.mp4,volcano explosion
video/6PPu1C_00po_000030/video.mp4,child singing
video/foQ8lV0bsb4_000071/video.mp4,"fly, housefly buzzing"
video/dQfQGU2qF2w_000117/video.mp4,people gargling
video/60TUirEXrow_000070/video.mp4,people running
video/nsNtEAfJfd0_000055/video.mp4,playing castanets
video/zzFdhaiG_Hk_000095/video.mp4,popping popcorn
video/ff7CHJ9kvnk_000003/video.mp4,playing djembe
video/Vbc-veezx0w_000030/video.mp4,goat bleating
video/B0TIfxXf4t0_000100/video.mp4,playing hammond organ
video/F-p8xsDSjnw_000030/video.mp4,lions roaring
video/xgXd06kKFIQ_000000/video.mp4,playing vibraphone
video/oFloholTZJY_000012/video.mp4,scuba diving
video/YPiV6baoR8A_000037/video.mp4,elephant trumpeting
video/l9J1v5htrHs_000050/video.mp4,chopping food
video/3tK7PpCo0PQ_000080/video.mp4,male singing
video/_bkX5VkZg8U_000189/video.mp4,"race car, auto racing"
video/7JqR7JlgRlE_000030/video.mp4,turkey gobbling
video/-yI3BN2OrO4_000352/video.mp4,mouse clicking
video/vmBkZflwViA_000010/video.mp4,playing piano
video/4U4KzdRI3Gk_000000/video.mp4,foghorn
video/tagcgGVNKZo_000023/video.mp4,airplane flyby
video/Cd4YOq17N6w_000062/video.mp4,ferret dooking
video/E2DcawleYIY_000030/video.mp4,playing electronic organ
video/pTRiK6Cc9fo_000000/video.mp4,wind noise
video/JWa9P_jRsCw_000321/video.mp4,people eating crisps
video/f4OtYKdU1Mo_000130/video.mp4,bowling impact
video/Pb1AZvbd0Jc_000111/video.mp4,bull bellowing
video/AWjnZX_5v-4_000034/video.mp4,chopping food
video/VWA6xncGMFQ_000007/video.mp4,people eating apple
video/k81ocZGxQ4c_000110/video.mp4,bathroom ventilation fan running
video/FGPx2E089VU_000019/video.mp4,frog croaking
video/eWsnTX9zkHI_000530/video.mp4,playing drum kit
video/9a3zqFrIeGI_000076/video.mp4,swimming
video/ymF7hj_J3Yw_000168/video.mp4,playing snare drum
video/HTPHilkU_BY_000010/video.mp4,playing zither
video/U8rWZXjH2cU_000040/video.mp4,female singing
video/emzhoSCRtL0_000051/video.mp4,cow lowing
video/qUnSjSA4kK0_000526/video.mp4,people eating crisps
video/jRaUjtDSHBM_000020/video.mp4,electric grinder grinding
video/2GuH1UJxQOk_000019/video.mp4,female singing
video/EmzF73RnFV4_000065/video.mp4,snake hissing
video/fuEoJnJwm4M_000000/video.mp4,thunder
video/3adOb4Wns_k_000124/video.mp4,civil defense siren
video/-RBs9pPhHY8_000030/video.mp4,fire truck siren
video/fqCbR15OlVM_000078/video.mp4,lathe spinning
video/akQlvzH1Gek_000112/video.mp4,people battle cry
video/NmvQNiQZ28U_000030/video.mp4,"rowboat, canoe, kayak rowing"
video/IDfaiqtHiEw_000080/video.mp4,chimpanzee pant-hooting
video/xKu5tjZMqaY_000427/video.mp4,playing castanets
video/DPcGzqHoo7Y_000030/video.mp4,turkey gobbling
video/jJp1gPilmxs_000009/video.mp4,playing harmonica
video/hGMrZZaTRSE_000450/video.mp4,vacuum cleaner cleaning floors
video/UC_LgGxdMH4_000034/video.mp4,wood thrush calling
video/DHXgiZqSoTg_000270/video.mp4,playing gong
video/2uHcWdkV4W4_000120/video.mp4,"subway, metro, underground"
video/WMbdMQ7rdFs_000030/video.mp4,sliding door
video/38F6eeIR-s0_000030/video.mp4,reversing beeps
video/3sDUymEIwJw_000029/video.mp4,eletric blender running
video/TOJwVO7qO-4_000384/video.mp4,strike lighter
video/4eqRyB5mMlI_000006/video.mp4,mosquito buzzing
video/codJp5NQYy0_000000/video.mp4,dog growling
video/3bpNobGQeqg_000216/video.mp4,people battle cry
video/BT2JPFpMrzM_000018/video.mp4,lions growling
video/-tm7JvKYFcE_000042/video.mp4,bowling impact
video/Rx_RzJ4-Jbg_000070/video.mp4,people marching
video/QtEtP5Vb_3o_000340/video.mp4,bird wings flapping
video/KG4T5A7hfRc_000170/video.mp4,playing hammond organ
video/7j8DS1YoQwQ_000169/video.mp4,tap dancing
video/MQkJJiM1n58_000020/video.mp4,scuba diving
video/n51vOkMOXdQ_000039/video.mp4,yodelling
video/Yz1-jzPpQJE_000006/video.mp4,elk bugling
video/WAUn8kFhvZw_000000/video.mp4,owl hooting
video/ehMAmSwqiaA_000075/video.mp4,people battle cry
video/L9nIN8KrWfQ_000061/video.mp4,opening or closing car electric windows
video/YUcV-grp898_000009/video.mp4,typing on computer keyboard
video/uGm1isE8Apg_000011/video.mp4,people cheering
video/V8sGSG45U14_000030/video.mp4,"pigeon, dove cooing"
video/5aEBWi9H0rg_000460/video.mp4,church bell ringing
video/5jZ91X-828c_000170/video.mp4,footsteps on snow
video/_ecMZXO_JEo_000030/video.mp4,duck quacking
video/JxFZzqUCzoI_000454/video.mp4,playing castanets
video/OFDV6HQ5bho_000030/video.mp4,forging swords
video/oSqoyk9FenQ_000000/video.mp4,playing gong
video/25ZuFwyx_bs_000030/video.mp4,people running
video/2qh8jLGVaYk_000038/video.mp4,playing lacrosse
video/x1MfwUhQQW8_000069/video.mp4,wind chime
video/7P_SwPV1FcU_000000/video.mp4,barn swallow calling
video/HXqj_9oZReQ_000014/video.mp4,disc scratching
video/Ci3-0HPWSa8_000070/video.mp4,mouse pattering
video/3P0TaRKQPbE_000400/video.mp4,playing clarinet
video/BIFzpJ9D6-w_000063/video.mp4,people eating crisps
video/viYxkl1BW9U_000100/video.mp4,playing drum kit
video/hykPnezhLZs_000020/video.mp4,toilet flushing
video/aJNiSRqdCco_000011/video.mp4,people booing
video/D1NDNFZGY7k_000040/video.mp4,playing cymbal
video/nkVbTjlB0rs_000080/video.mp4,playing washboard
video/mxy5qcJckDQ_000195/video.mp4,playing bass drum
video/3JZbfcbZaoM_000030/video.mp4,car engine knocking
video/IbSYTVRyOLw_000160/video.mp4,people whistling
video/aQaa8WckFQQ_000537/video.mp4,ripping paper
video/KSOxq1eovtw_000030/video.mp4,"child speech, kid speaking"
video/tw3R0zsmGho_000003/video.mp4,magpie calling
video/nLyeNi7WnrY_000010/video.mp4,playing flute
video/io3WpjWTMc8_000019/video.mp4,zebra braying
video/Xyc8fFVR-ck_000057/video.mp4,cat caterwauling
video/IEwX4HhetxM_000030/video.mp4,"rowboat, canoe, kayak rowing"
video/WhD232bSL3w_000253/video.mp4,people cheering
video/EF_X0Ri1S3U_000030/video.mp4,"playing steel guitar, slide guitar"
video/97aoiaWwRVk_000020/video.mp4,"vehicle horn, car horn, honking"
video/PHeH8KxBDic_000045/video.mp4,playing castanets
video/nH9Ezr_B9no_000073/video.mp4,playing timbales
video/61d0zvVfnVA_000140/video.mp4,tap dancing
video/awn0pAyJJYk_000030/video.mp4,goat bleating
video/CAbXVOWLYps_000030/video.mp4,dog howling
video/pIfeBL7vUcw_000420/video.mp4,playing harp
video/nbdm5Cs2ug4_000006/video.mp4,bathroom ventilation fan running
video/MRnpKEhDQNE_000010/video.mp4,dog howling
video/3YEd-09cIzc_000000/video.mp4,owl hooting
video/hgiPphyUS7I_000030/video.mp4,basketball bounce
video/XC-QWABOjcg_000030/video.mp4,ambulance siren
video/JQ1Z5-4HHK4_000040/video.mp4,"subway, metro, underground"
video/INBx8CrIWcg_000030/video.mp4,playing synthesizer
video/7Ma67n3TbwI_000000/video.mp4,fire crackling
video/b-5nX20MGoE_000058/video.mp4,lathe spinning
video/zZgNyJ4eQwk_000022/video.mp4,chopping food
video/FWm0H1oyVwE_000180/video.mp4,scuba diving
video/Kqw--nmhaRw_000931/video.mp4,playing badminton
video/r41G-3d83z0_000095/video.mp4,scuba diving
video/1rZMNdoEZzw_000078/video.mp4,warbler chirping
video/Jm5Qj05pMDQ_000250/video.mp4,raining
video/8BWEY-CvafE_000067/video.mp4,air conditioning noise
video/mFuekXaEKXo_000330/video.mp4,playing vibraphone
video/koUiidVz8-E_000061/video.mp4,sheep bleating
video/97I9DusMgLY_000150/video.mp4,"subway, metro, underground"
video/JG9kAyMn8hM_000187/video.mp4,spraying water
video/J5wBPfpzJgE_000000/video.mp4,mouse clicking
video/z-9YXwiNsiQ_000103/video.mp4,hail
video/frCqvzJkCUQ_000053/video.mp4,playing tambourine
video/O0yF1zdqpIc_000030/video.mp4,playing synthesizer
video/fB_tldbRb28_000220/video.mp4,cap gun shooting
video/6FVA4hqp1Ro_000030/video.mp4,people eating
video/RhzsxX39VMU_000030/video.mp4,"rowboat, canoe, kayak rowing"
video/C4m1KHjp03M_000030/video.mp4,playing cello
video/XAWZhJzZhBU_000003/video.mp4,civil defense siren
video/LbpVMYJZHKw_000011/video.mp4,pig oinking
video/92k_81uqMSM_000070/video.mp4,using sewing machines
video/YlpOZqnLeEs_000125/video.mp4,alarm clock ringing
video/pAfIutmME04_000115/video.mp4,people cheering
video/0YTieIiZNN4_000010/video.mp4,machine gun shooting
video/PVlHAhDRc78_000288/video.mp4,skiing
video/GkStiQ3hR5g_000220/video.mp4,chicken crowing
video/mtDk6wtKp8Q_000000/video.mp4,"rowboat, canoe, kayak rowing"
video/uv2H2Z95VQ4_000011/video.mp4,"heart sounds, heartbeat"
video/AA0N8XMqx9s_000030/video.mp4,"rowboat, canoe, kayak rowing"
video/NeXdn9yUhOw_000410/video.mp4,playing steelpan
video/Uml273ueGDE_000080/video.mp4,wind noise
video/iwC1fRH9Pck_000015/video.mp4,eagle screaming
video/Y-Ysf3BK5zs_000560/video.mp4,playing electronic organ
video/BAyIKuqSSsY_000030/video.mp4,"rowboat, canoe, kayak rowing"
video/dqJSTTS7HTY_000030/video.mp4,playing acoustic guitar
video/3uHd7_jU2gE_000031/video.mp4,wind noise
video/PkkdzlUjIS8_000490/video.mp4,singing bowl
video/tJJ8UdNSDqc_000021/video.mp4,playing hockey
video/2ffgd7k0vI8_000040/video.mp4,cap gun shooting
video/CEWnNoK8LVQ_000090/video.mp4,playing volleyball
video/UxZYiE92UYQ_000152/video.mp4,footsteps on snow
video/MQtUV_cFcm8_000020/video.mp4,typing on computer keyboard
video/ByMWTSOGXA8_000030/video.mp4,owl hooting
video/rajXrf_Dzfw_000029/video.mp4,cattle mooing
video/S-rvkcb7xv8_000080/video.mp4,church bell ringing
video/HN_mjGAWjJ4_000171/video.mp4,playing timbales
video/ZA7N3eCfSX8_000264/video.mp4,"race car, auto racing"
video/jpvK6ACozAY_000030/video.mp4,chainsawing trees
video/SkQb0gnQg6s_000218/video.mp4,magpie calling
video/ZaVSw-V89HE_000040/video.mp4,orchestra
video/XDWakm0T8fY_000519/video.mp4,dog baying
video/6IrUbLLmkoY_000008/video.mp4,playing guiro
video/1zIoNTdug0U_000000/video.mp4,people running
video/aBdVKMFpgDo_000196/video.mp4,playing washboard
video/JoE9F2eO_jE_000080/video.mp4,using sewing machines
video/GaUw6QjaYPY_000093/video.mp4,ice cracking
video/4CCErQFp018_000030/video.mp4,people whispering
video/iY6gP4y8Shk_000010/video.mp4,people hiccup
video/IYiHhVWrh0w_000030/video.mp4,tapping guitar
video/lDrPt18E7Rs_000118/video.mp4,popping popcorn
video/ixJyYMKAtgQ_000060/video.mp4,playing gong
video/LjTQA8G6hoQ_000130/video.mp4,using sewing machines
video/INlc_zD_CKE_000150/video.mp4,people hiccup
video/WzHoMY7YQeU_000644/video.mp4,canary calling
video/2CEb1hYM3EA_000240/video.mp4,people eating
video/JcZCmvfiwro_000030/video.mp4,car engine idling
video/BaZGT-2NhEA_000157/video.mp4,playing cornet
video/_WepUW63bsQ_000030/video.mp4,playing electric guitar
video/-nDPmlHReow_000060/video.mp4,people crowd
video/jumOmcu8cts_000071/video.mp4,people gargling
video/5DsudOczidE_000100/video.mp4,mouse pattering
video/h9vUucEhRN4_000090/video.mp4,cat caterwauling
video/SR1a5VJqF8w_000080/video.mp4,playing cello
video/4eBNP-EPpgk_000074/video.mp4,people eating apple
video/GBifExKnaWI_000001/video.mp4,opening or closing car electric windows
video/C7KFeOJhIZw_000159/video.mp4,foghorn
video/NxP9CfxfJxg_000040/video.mp4,turkey gobbling
video/kx25bJyyzMw_000410/video.mp4,singing bowl
video/ovgelLpt148_000030/video.mp4,firing cannon
video/qMMhRUyckDE_000000/video.mp4,"cattle, bovinae cowbell"
video/b5UyxIoRWww_000070/video.mp4,playing hockey
video/wY33vzHzTko_000001/video.mp4,skiing
video/ao-TFiShaWU_000120/video.mp4,playing acoustic guitar
video/ODVjNjz3JYU_000000/video.mp4,penguins braying
video/W_UE04p_tYY_000094/video.mp4,playing glockenspiel
video/sJ326Rmzhuk_000030/video.mp4,sloshing water
video/f6Ab1-dnFVY_000227/video.mp4,skiing
video/l7bje9Ay9Ig_000020/video.mp4,train wheels squealing
video/0fsFWLev-q4_000257/video.mp4,running electric fan
video/EQ91XVsmq-I_000030/video.mp4,"female speech, woman speaking"
video/LgEdRFbdjH4_000004/video.mp4,dog baying
video/8XMRqVKcojU_000347/video.mp4,forging swords
video/6gAQiZDRvXI_000011/video.mp4,magpie calling
video/e6Apd0uUxkY_000012/video.mp4,roller coaster running
video/9uTzThSwQ80_000580/video.mp4,"railroad car, train wagon"
video/tcZ7hytrOO4_000319/video.mp4,tractor digging
video/B23bjt_wJy8_000119/video.mp4,playing volleyball
video/PFQ2jBACRGg_000000/video.mp4,playing harpsichord
video/zmVhTFChkWI_000072/video.mp4,disc scratching
video/ItsHQv62xTs_000114/video.mp4,strike lighter
video/A0Jgjdcys6U_000084/video.mp4,skiing
video/aISujlXZako_000027/video.mp4,gibbon howling
video/6iZZQvXNBnI_000009/video.mp4,lions growling
video/AraV2kvytIY_000024/video.mp4,airplane flyby
video/2wGvpfAkly0_000030/video.mp4,child singing
video/FJmnucB-Wik_000030/video.mp4,"bird chirping, tweeting"
video/qC9C5ejBrzg_000126/video.mp4,air conditioning noise
video/qeTDQnAZ81w_000067/video.mp4,underwater bubbling
video/E4kSn6knAZE_000103/video.mp4,striking pool
video/R60qQ3ag8y8_000100/video.mp4,playing piano
video/mg2EyWA0Jxc_000030/video.mp4,playing drum kit
video/2W27eT4HqtE_000010/video.mp4,people screaming
video/y3JdZVAV_9I_000122/video.mp4,whale calling
video/-z4OZ7ls5Bo_000540/video.mp4,playing ukulele
video/bxts5znycds_000012/video.mp4,otter growling
video/MFm2C-ve7qw_000030/video.mp4,playing french horn
video/Pf4C7fuB9hM_000090/video.mp4,playing guiro
video/IlDRFxrDWw8_000090/video.mp4,baby laughter
video/HN4KMLVaT74_000061/video.mp4,magpie calling
video/9R6XN9-Z27U_000030/video.mp4,goat bleating
video/F0AtWOUItaQ_000060/video.mp4,singing bowl
video/ZsReGl3e9jc_000069/video.mp4,eagle screaming
video/VrljAMqy9dA_000420/video.mp4,playing saxophone
video/BBfh0v1KH2Y_000030/video.mp4,playing harp
video/azBQiZ6wCWM_000030/video.mp4,"female speech, woman speaking"
video/pXxTz9z4t8w_000210/video.mp4,skiing
video/VpCCJy5atYU_000144/video.mp4,"ice cream truck, ice cream van"
video/OT1XkHtyZbQ_000220/video.mp4,people whistling
video/Q1CMSV81_ws_000030/video.mp4,reversing beeps
video/5qVc9y3TNnY_000030/video.mp4,female singing
video/GxqqrBIQPM8_000635/video.mp4,golf driving
video/DRC7KTs-BLc_000008/video.mp4,using sewing machines
video/rpoClsGXZWA_000000/video.mp4,warbler chirping
video/8F8HvVMwXyw_000090/video.mp4,people babbling
video/1YFa9CpH7Kc_000180/video.mp4,"cattle, bovinae cowbell"
video/Q4T6urZF_HA_000000/video.mp4,civil defense siren
video/71T8pe3yPTQ_000047/video.mp4,scuba diving
video/63kQB4vuuHU_000010/video.mp4,playing cymbal
video/GmWaI27ivf4_000030/video.mp4,bouncing on trampoline
video/2GGNgvdRcAs_000060/video.mp4,sliding door
video/6OQicO6A-io_000000/video.mp4,zebra braying
video/nEYrJNAXS3E_000057/video.mp4,playing bassoon
video/B1va1NqaA4o_000030/video.mp4,rapping
video/sdLmwKPEBLg_000057/video.mp4,female singing
video/eIxOyj3LfJM_000007/video.mp4,police car (siren)
video/XUnO2dPb7aw_000177/video.mp4,roller coaster running
video/JQ4RalNSjJk_000150/video.mp4,orchestra
video/6Y8wSI1l-Lw_000030/video.mp4,driving buses
video/AL7eCaqpzLk_000569/video.mp4,swimming
video/lF1C6JSDZJU_000209/video.mp4,disc scratching
video/x4ZrSaH6hTY_000156/video.mp4,cow lowing
video/iNO40OBUgGM_000590/video.mp4,bird squawking
video/RBNdYzLHx5Q_000270/video.mp4,pumping water
video/aESAKt3teu0_000030/video.mp4,cat caterwauling
video/kwJKOXT5XR8_000255/video.mp4,train wheels squealing
video/_yH2zKXrXWg_000000/video.mp4,playing shofar
video/sUktuuWltHc_000010/video.mp4,"donkey, ass braying"
video/eaCEhB62Tzo_000277/video.mp4,car engine idling
video/HJrYNAIm1AY_000110/video.mp4,dog baying
video/Hm6hH83SFGk_000010/video.mp4,people belly laughing
video/37q4lM63WoQ_000428/video.mp4,chopping food
video/3FHOJZpzHIU_000080/video.mp4,mouse clicking
video/b2WRAN0PRCQ_000260/video.mp4,cell phone buzzing
video/9tLzTdRhTrI_000180/video.mp4,playing theremin
video/-3YWuPXHknk_000030/video.mp4,car engine starting
video/nG8nq9UVWX8_000351/video.mp4,people slurping
video/5G-00T0zJ14_000030/video.mp4,female singing
video/lVye-L3oq6A_000030/video.mp4,people finger snapping
video/aWhDSs4bqyE_000057/video.mp4,playing squash
video/7tkFQDldcnM_000110/video.mp4,playing accordion
video/XvXsYOMYa0k_000112/video.mp4,elk bugling
video/VOWGbyg4KZY_000030/video.mp4,playing acoustic guitar
video/40sAH2ZB0Pg_000030/video.mp4,playing banjo
video/fdxlA8UoNB0_000030/video.mp4,playing banjo
video/ir-oBeMltLY_000260/video.mp4,playing gong
video/gmy8czZ3uLc_000030/video.mp4,car passing by
video/V2_U4WLNC9c_000025/video.mp4,police car (siren)
video/pIhCGGAsoaA_000097/video.mp4,mouse clicking
video/2vzUFWykARU_000020/video.mp4,toilet flushing
video/885LO4H7I5M_000014/video.mp4,swimming
video/nvvXOfLs-ng_000150/video.mp4,playing ukulele
video/1Ny5ZlcBlcQ_000030/video.mp4,"rowboat, canoe, kayak rowing"
video/bha-d3HXdMI_000060/video.mp4,playing bass guitar
video/YMq4wE6KxmQ_000030/video.mp4,people running
video/1_Yd3NwpP7M_000210/video.mp4,singing bowl
video/zD9Kgrva0RU_000013/video.mp4,tapping guitar
video/UsdoUjuczY4_000030/video.mp4,playing cymbal
video/D2ISzNuhtxE_000009/video.mp4,cat caterwauling
video/LtAJfCIUofQ_000069/video.mp4,metronome
video/DAubFydKLOE_000008/video.mp4,police radio chatter
video/fi_Z6DdOqwU_000030/video.mp4,rapping
video/4PBiWEM8oRE_000049/video.mp4,volcano explosion
video/oWYHKdf6N0E_000010/video.mp4,frog croaking
video/IWYbTgMqixk_000012/video.mp4,alarm clock ringing
video/vS5cYNOFeBs_000036/video.mp4,chicken clucking
video/_w8u8H6TP_o_000000/video.mp4,reversing beeps
video/UjUxNykTQYo_000052/video.mp4,chipmunk chirping
video/36N7eP8_GPE_000050/video.mp4,missile launch
video/qaKNCtImO9Q_000242/video.mp4,rope skipping
video/eskqejEOXyU_000102/video.mp4,train wheels squealing
video/Xq4IS3_9rQA_000390/video.mp4,alarm clock ringing
video/y3l39BAMaRY_000034/video.mp4,wind noise
video/momJJOUPFzU_000017/video.mp4,wood thrush calling
video/TJmkBfkJGsQ_000077/video.mp4,"heart sounds, heartbeat"
video/RGbFZcXDZJw_000008/video.mp4,slot machine
video/b93GiuJ3KpY_000030/video.mp4,people burping
video/eGheWZgpYqs_000060/video.mp4,people hiccup
video/oBxeVm_9GXY_000000/video.mp4,playing drum kit
video/Yol_xoBFoQY_000155/video.mp4,chopping food
video/bXZduPL_O60_001056/video.mp4,blowtorch igniting
video/XaZsJ4O9riw_000030/video.mp4,goat bleating
video/B-K7y3QUkkw_000030/video.mp4,people babbling
video/2Ssh4YWMroo_000030/video.mp4,cat caterwauling
video/T7aPB5yvDs0_000013/video.mp4,pig oinking
video/5CfWc8wJ68E_000015/video.mp4,alarm clock ringing
video/EQKs1YLMUuI_000004/video.mp4,playing oboe
video/mFnSuE0zskc_000000/video.mp4,black capped chickadee calling
video/axzMyhAbU4I_000030/video.mp4,pig oinking
video/5BLIgNC4-4w_000160/video.mp4,"rowboat, canoe, kayak rowing"
video/BqmRiPZgeVY_000296/video.mp4,playing table tennis
video/7tMPoaU2oL4_000000/video.mp4,people cheering
video/YP5NMmYsHt0_000180/video.mp4,"vehicle horn, car horn, honking"
video/i8bt6Mb0rUc_000010/video.mp4,playing timpani
video/xBYBFs9n_-k_000083/video.mp4,cupboard opening or closing
video/YIvbFqkLIgA_000070/video.mp4,parrot talking
video/lIvNNndi03c_000081/video.mp4,playing glockenspiel
video/6sAJzjJ6ujE_000592/video.mp4,bathroom ventilation fan running
video/gWU-e1qUrls_000030/video.mp4,car engine knocking
video/_YKcu33kXIo_000010/video.mp4,fireworks banging
video/Az8NdAwKHzo_000008/video.mp4,lions growling
video/NMVPs3h0hNw_000110/video.mp4,printer printing
video/AKxHQn994OI_000140/video.mp4,skateboarding
video/AbXauqq9ayY_000120/video.mp4,playing saxophone
video/2SgGaIe_5vw_000000/video.mp4,underwater bubbling
video/N-kdCENmuAs_000039/video.mp4,penguins braying
video/c5jByWm1IaU_000216/video.mp4,firing muskets
video/KBOdG9xNLaA_000006/video.mp4,dog baying
video/in8NNzwFa-s_000096/video.mp4,people humming
video/0Jq6WJLLSIk_000004/video.mp4,pig oinking
video/dNdmkIq2h5Q_000011/video.mp4,cow lowing
video/aDs6cPt4Zi4_000030/video.mp4,mouse pattering
video/B1vY4Y0MTq8_000074/video.mp4,cat hissing
video/en7ybq9REPA_000030/video.mp4,playing accordion
video/IMTv4Ym0p6A_000023/video.mp4,"vehicle horn, car horn, honking"
video/S8i_PSyGgYk_000061/video.mp4,playing shofar
video/lkY156QX-Ic_000010/video.mp4,playing electronic organ
video/BR3U7WaCP-4_000005/video.mp4,people nose blowing
video/d0sfQ41wx6c_000300/video.mp4,playing tabla
video/hIYihNrwF2Q_000440/video.mp4,cap gun shooting
video/0-jDld11jhw_000164/video.mp4,playing cornet
video/25PvbXDbZO8_000035/video.mp4,otter growling
video/2E31rvMg-rE_000542/video.mp4,sloshing water
video/AFGcqc-gfiw_000030/video.mp4,printer printing
video/Fot4v0DdGyE_000020/video.mp4,driving snowmobile
video/H4o97PEXzBA_000040/video.mp4,playing theremin
video/OPXoyT08GvQ_000017/video.mp4,children shouting
video/-Ii-kc3ufho_000106/video.mp4,police radio chatter
video/WrGIzNUwz2Y_000067/video.mp4,cell phone buzzing
video/ccCzbG5FcZI_000038/video.mp4,tractor digging
video/10rH37YYvKU_000030/video.mp4,thunder
video/qMbGFWz9who_000020/video.mp4,people sobbing
video/xZaR5-UdJtA_000030/video.mp4,people running
video/5cVTzbGJGlY_000249/video.mp4,underwater bubbling
video/8q8JrJNAa-Q_000030/video.mp4,"engine accelerating, revving, vroom"
video/3TNHCrBWLMQ_000450/video.mp4,people gargling
video/ExniUt3ptMk_000174/video.mp4,hammering nails
video/BB2BL3kWxVA_000043/video.mp4,cell phone buzzing
video/JHi0b3OtazQ_000001/video.mp4,cuckoo bird calling
video/ba43-gH05H4_000040/video.mp4,"motorboat, speedboat acceleration"
video/WkHiRBvutiw_000415/video.mp4,striking pool
video/WVfrcJWnOXs_000030/video.mp4,people sniggering
video/ZRC7nfJChUc_000007/video.mp4,"electric shaver, electric razor shaving"
video/q-bOXZszzkw_000030/video.mp4,"pigeon, dove cooing"
video/NebVdva9eyg_000029/video.mp4,people marching
video/0J5LtHU3F9Q_000010/video.mp4,snake rattling
video/UkQRD1PBszA_000454/video.mp4,playing darts
video/eiyyoUt64Zc_000100/video.mp4,playing trumpet
video/UsTk4M-U7-4_000246/video.mp4,fire crackling
video/ZPO1zpDqQ8I_000080/video.mp4,ocean burbling
video/d8bhrEHxJsA_000344/video.mp4,lathe spinning
video/MeW9OdcWP3M_000002/video.mp4,people nose blowing
video/0ryt1DPirB0_000020/video.mp4,playing gong
video/r-5NCjm4GlQ_000053/video.mp4,tap dancing
video/a7g3P1HGV4E_000000/video.mp4,wind rustling leaves
video/pSzTPGlNa5U_000030/video.mp4,playing theremin
video/h-Vk4f8pz-o_000580/video.mp4,cap gun shooting
video/kO6CR2aAM3I_000024/video.mp4,hair dryer drying
video/hVG4p9QJHk0_000030/video.mp4,sliding door
video/NZH_tmf9kRM_000000/video.mp4,dog bow-wow
video/QbZlxKxp4Dw_000000/video.mp4,people nose blowing
video/5bHACxteut8_000242/video.mp4,eletric blender running
video/7TmKzUgWiRU_000000/video.mp4,chainsawing trees
video/4cgDBRTdmq0_000221/video.mp4,air horn
video/IM88gSXv2e8_000310/video.mp4,people humming
video/i-L8ZreRItY_000009/video.mp4,chipmunk chirping
video/VzrRMzQIt4I_000142/video.mp4,playing tennis
video/2rciuzaEEWo_000025/video.mp4,chimpanzee pant-hooting
video/ujryzdkUYb4_000217/video.mp4,forging swords
video/J1SB5arXFf4_000006/video.mp4,snake hissing
video/AY0jDdFbBZQ_000025/video.mp4,using sewing machines
video/ZmEbS0p3Hio_000590/video.mp4,writing on blackboard with chalk
video/NboCft3LZAg_000140/video.mp4,playing saxophone
video/cLi55MV04a8_000100/video.mp4,playing cymbal
video/ocuutA4r4os_000680/video.mp4,"heart sounds, heartbeat"
video/LhRNnXaSsCk_000030/video.mp4,driving buses
video/HIQ63_WoKwg_000030/video.mp4,playing trombone
video/idS-vH-vTw0_000111/video.mp4,people slapping
video/T0S4-E8BE0A_000060/video.mp4,playing electronic organ
video/k0Z95PrMVOI_000064/video.mp4,mynah bird singing
video/HQb2jhmw1BE_000310/video.mp4,playing timpani
video/TeUgb183cGM_000024/video.mp4,pheasant crowing
video/2ro_sQ7_vUM_000024/video.mp4,cat hissing
video/neDB4I93EZI_000030/video.mp4,"female speech, woman speaking"
video/evXPsJ-9Rwo_000074/video.mp4,firing muskets
video/Go4ivzlG818_000030/video.mp4,people whispering
video/qVTw_uOFmZQ_000015/video.mp4,scuba diving
video/KZ1j9f31yN4_000030/video.mp4,duck quacking
video/hSV8LmYR6TY_000010/video.mp4,"pigeon, dove cooing"
video/B_Kfb4_-6Kw_000009/video.mp4,playing tuning fork
video/5KeG0Q_mzgg_000300/video.mp4,playing electronic organ
video/IodeRr1vIgE_000010/video.mp4,baby babbling
video/6mdJY-GVdvs_000030/video.mp4,male singing
video/IC4Rpl0_dW8_000020/video.mp4,lighting firecrackers
video/_-_U21mzk40_000030/video.mp4,"female speech, woman speaking"
video/Pyt8O3N6-wk_000110/video.mp4,dog growling
video/oHg0VLFSvJ8_000390/video.mp4,singing bowl
video/KRKX_UtYV9c_000030/video.mp4,playing didgeridoo
video/ZD86LBLgawc_000658/video.mp4,"race car, auto racing"
video/aKZ3NJi8GVU_000000/video.mp4,baltimore oriole calling
video/3ogvpIfTlhY_000000/video.mp4,hail
video/qRW1-q1SU5U_000043/video.mp4,snake rattling
video/Ml6KsMRQz1g_000000/video.mp4,ferret dooking
video/K5ChYCNCkvM_000030/video.mp4,playing hammond organ
video/45IkbUGPyzQ_000311/video.mp4,playing darts
video/-fJsZm3YRc0_000030/video.mp4,reversing beeps
video/H8CZG1Yu74Y_000040/video.mp4,splashing water
video/ZwU142gcENM_000110/video.mp4,dog baying
video/dV_7-zHqOfs_000040/video.mp4,black capped chickadee calling
video/gE-0JxMtUh0_000020/video.mp4,people screaming
video/ihuAByGN8HQ_000480/video.mp4,playing cymbal
video/xgIHNLQdsNQ_000027/video.mp4,yodelling
video/bUW928MqrnU_000230/video.mp4,playing steelpan
video/G6sxdejGOqw_000100/video.mp4,eating with cutlery
video/Kc9mICcGqp8_000076/video.mp4,arc welding
video/KqDVIt2T5q0_000013/video.mp4,cell phone buzzing
video/MLxttVd-Jc4_000210/video.mp4,bird squawking
video/OFOHNgpDS38_000091/video.mp4,firing muskets
video/WHjnZmvc3So_000114/video.mp4,sea lion barking
video/mWPDNirjVQ8_000040/video.mp4,baby babbling
video/NEUZUB2K1aI_000078/video.mp4,sea lion barking
video/v8BrCMdc5zg_000049/video.mp4,police radio chatter
video/XUOtJ05Zg7E_000120/video.mp4,playing tympani
video/Lw2nl4ytizY_000186/video.mp4,cell phone buzzing
video/h1QxsOmXVCE_000187/video.mp4,airplane flyby
video/FrLkQovl2Ok_000000/video.mp4,pheasant crowing
video/ZGubbE6cRL0_000040/video.mp4,people burping
video/VYQfSG_FUjY_000080/video.mp4,people hiccup
video/LMcCvGwYIS4_000022/video.mp4,gibbon howling
video/MhgCbObAHZg_000030/video.mp4,people eating
video/dF4XD6bFsWY_000290/video.mp4,cap gun shooting
video/P5F3YrbVe1M_000087/video.mp4,wind noise
video/ikkKlW18s1E_000070/video.mp4,fire crackling
video/WHjnZmvc3So_000125/video.mp4,sea lion barking
video/hl6DOlVU-CQ_000024/video.mp4,telephone bell ringing
video/SU1SxRAbW2E_000029/video.mp4,forging swords
video/GbwEtN1P54M_000019/video.mp4,hail
video/cK5aT07gOis_000151/video.mp4,"playing steel guitar, slide guitar"
video/gLifHKl6khE_000034/video.mp4,wood thrush calling
video/1tC7bTilFWk_000030/video.mp4,cat caterwauling
video/F4JohaJr23s_000072/video.mp4,civil defense siren
video/YBR_3yrDwsw_000044/video.mp4,planing timber
video/B41C6UU5r80_000324/video.mp4,eletric blender running
video/TU7DNkZtG1I_000109/video.mp4,train whistling
video/jYpWKzPjIYM_000153/video.mp4,opening or closing car doors
video/to7dq-F5xQM_000064/video.mp4,playing darts
video/bV8qnp-Vos8_000330/video.mp4,baby laughter
video/LH08k5Kf4AI_000130/video.mp4,chainsawing trees
video/D0Vk5yjzXB0_000017/video.mp4,magpie calling
video/XBMeUqtyXpM_000030/video.mp4,singing choir
video/CNWRE8HnSmU_000023/video.mp4,opening or closing car doors
video/xrXgoZHnDko_000057/video.mp4,telephone bell ringing
video/SHuQTeX-3Ms_000209/video.mp4,wind chime
video/8je0jX-O_Eg_000057/video.mp4,cupboard opening or closing
video/Ic-T5M7LAaI_000147/video.mp4,people eating apple
video/9R4qwSl7u2A_000480/video.mp4,turkey gobbling
video/SHTh_ewgLsY_000059/video.mp4,playing trombone
video/TdGJdqDxrNc_000091/video.mp4,baltimore oriole calling
video/LeKSh68pvMQ_000030/video.mp4,horse clip-clop
video/9bcic5mk4xc_000147/video.mp4,shot football
video/fVI4zUDeZww_000094/video.mp4,playing tympani
video/ULLJMxwt8Jc_000150/video.mp4,people babbling
video/eiXotzZ1hBI_000037/video.mp4,playing mandolin
video/5-x2pk3YYAs_000011/video.mp4,reversing beeps
video/d6np1zhRar0_000240/video.mp4,playing saxophone
video/IcHFJykCIro_000030/video.mp4,dog howling
video/T29-jYwTQ9A_000056/video.mp4,squishing water
video/hfewjg0CTQM_000060/video.mp4,church bell ringing
video/C-fRZcWsRYM_000010/video.mp4,playing harp
video/x1x54MgStxQ_000130/video.mp4,playing ukulele
video/do1y1bkL14M_000300/video.mp4,"bee, wasp, etc. buzzing"
video/5lw-BHt_rXY_000030/video.mp4,dog bow-wow
video/5DW8WjxxCag_000030/video.mp4,reversing beeps
video/zktc6NQrZ_8_000130/video.mp4,playing flute
video/bJGv9bWBwYI_000001/video.mp4,coyote howling
video/Jf1fRu9YgfE_000064/video.mp4,hammering nails
video/KG3ODTw7hM4_000090/video.mp4,mouse pattering
video/XS-3djsJWTA_000360/video.mp4,playing acoustic guitar
video/ewm9cpk6GmY_000030/video.mp4,people sniggering
video/m8k1bgqCc-Y_000237/video.mp4,people slapping
video/XI8dx3Qd-rQ_000000/video.mp4,zebra braying
video/qaIHN7Wutxc_000824/video.mp4,forging swords
video/amunlTZVHo8_000003/video.mp4,strike lighter
video/37Vxf0Wz-3o_000001/video.mp4,sea lion barking
video/7C_jcD_FOQI_000030/video.mp4,goat bleating
video/ScCa7fZ-xPA_000010/video.mp4,goat bleating
video/hQyI4uLmrig_000050/video.mp4,playing timpani
video/j32gZWkBHUw_000000/video.mp4,playing cello
video/IKdDjrqrzoY_000160/video.mp4,squishing water
video/RmdvTlx9C0k_000030/video.mp4,people shuffling
video/7OhXiEHalAk_000047/video.mp4,elephant trumpeting
video/SAFlijpaj0Q_000024/video.mp4,people shuffling
video/KJMpCjosdu4_000051/video.mp4,lathe spinning
video/0PHUQku2P5I_000050/video.mp4,singing choir
video/pQsPEY4MjWk_000003/video.mp4,zebra braying
video/NnrKbNzRNhY_000230/video.mp4,lions roaring
video/QgoTM4RZF7o_000017/video.mp4,chipmunk chirping
video/cZbAbLDhtOw_000020/video.mp4,lawn mowing
video/njpsToHDHN0_000045/video.mp4,"heart sounds, heartbeat"
video/a4HgsaaMErU_000000/video.mp4,driving motorcycle
video/Vux4c-4LtVU_000059/video.mp4,sheep bleating
video/sH_nDqYVq5E_000270/video.mp4,playing steelpan
video/IF-77lLlMzE_000030/video.mp4,duck quacking
video/cSAIhmcH4oY_000081/video.mp4,footsteps on snow
video/p4Afdx0SuXg_000214/video.mp4,sharpen knife
video/0hjqlmdPT6g_000050/video.mp4,car engine starting
video/qFW6oa3jgg8_000210/video.mp4,playing hammond organ
video/hgchjfiQz1Q_000038/video.mp4,tractor digging
video/u1oEm_n2C5U_000023/video.mp4,spraying water
video/gg_wdPHtU7Y_000001/video.mp4,hair dryer drying
video/7xkj4XqaynU_000002/video.mp4,crow cawing
video/r7svIn81sG8_000234/video.mp4,warbler chirping
video/c5_FYMwxnPc_000051/video.mp4,sea lion barking
video/bqMgL5qmZ-k_000030/video.mp4,playing didgeridoo
video/AV2CQDExqaM_000220/video.mp4,"playing marimba, xylophone"
video/5HNkrBKV83c_000220/video.mp4,playing vibraphone
video/BHDhHO7J-Oo_000030/video.mp4,skateboarding
video/cRT5SWbyA54_000004/video.mp4,lions roaring
video/zNbF006Y5x4_000000/video.mp4,playing vibraphone
video/qdoVrbfM588_000346/video.mp4,chopping wood
video/JMpqsef4w8g_000018/video.mp4,chopping wood
video/I2N51CtFxxo_000212/video.mp4,eagle screaming
video/UHIUogTtx68_000000/video.mp4,playing tabla
video/f3r8brZT6n8_000189/video.mp4,hedge trimmer running
video/9RB54_fJZyw_000030/video.mp4,playing bagpipes
video/RJFdWGEdzP4_000160/video.mp4,fox barking
video/jeu-pldGAdw_000030/video.mp4,typing on computer keyboard
video/Rhl5nDCU0u0_000060/video.mp4,playing harp
video/GKPDhTCffNw_000468/video.mp4,train wheels squealing
video/-ugSeFtSqhU_000134/video.mp4,playing shofar
video/17Ne52PWgsI_000093/video.mp4,electric grinder grinding
video/A7Q9tTUxNO8_000189/video.mp4,tornado roaring
video/wuz0curb_hg_000180/video.mp4,cap gun shooting
video/_WJFzZwYgoQ_000000/video.mp4,chicken crowing
video/hSAVR0LcQp8_000280/video.mp4,police car (siren)
video/SPXhFGrgAoc_000091/video.mp4,hedge trimmer running
video/Vp4lOXVBQzQ_000010/video.mp4,owl hooting
video/0Dt2-TtqvJU_000030/video.mp4,child singing
video/vWKefG-sIrU_000000/video.mp4,dog baying
video/zAZUSBVc300_000097/video.mp4,arc welding
video/570I4k7PIAQ_000023/video.mp4,"cattle, bovinae cowbell"
video/HKN2548Ts6A_000030/video.mp4,typing on computer keyboard
video/IwQFUAPEk70_000140/video.mp4,people coughing
video/pkFxWAshbWE_000022/video.mp4,people running
video/0g4SlqjORM4_000080/video.mp4,playing french horn
video/NyQLtzRw9-0_000046/video.mp4,air conditioning noise
video/3Vpt-gR-8Lk_000030/video.mp4,cat purring
video/R2LpN5yc8DA_000271/video.mp4,blowtorch igniting
video/O4kAF1fFCik_000030/video.mp4,people farting
video/Aclv9drugo0_000050/video.mp4,people burping
video/ax7iCns3xz8_000090/video.mp4,people whistling
video/dtGl5xh6g0g_000138/video.mp4,tractor digging
video/W-LNBuU1e-M_000170/video.mp4,people eating apple
video/AuvFmMpgj70_000030/video.mp4,playing didgeridoo
video/npcdmOfFZis_000050/video.mp4,playing harmonica
video/ZOTPrbPDynk_000055/video.mp4,writing on blackboard with chalk
video/kpBkoalXnXM_000228/video.mp4,people gargling
video/qNRlfoUJ15A_000069/video.mp4,cupboard opening or closing
video/rCfU5yBlw7U_000108/video.mp4,airplane flyby
video/bSpAlQLisrI_000030/video.mp4,"pigeon, dove cooing"
video/F-c6oa091zo_000150/video.mp4,airplane
video/MahMdrjlbUk_000042/video.mp4,playing castanets
video/krghmEqeJtU_000122/video.mp4,tap dancing
video/-7IhwezUrUA_000590/video.mp4,eating with cutlery
video/rFwJ2L-geWw_000030/video.mp4,people finger snapping
video/00z0M1DJyAw_000090/video.mp4,turkey gobbling
video/OD54eF2XKJA_000010/video.mp4,basketball bounce
video/TxXjcJo7Q2I_000531/video.mp4,turkey gobbling
video/f1YFrUS19Og_000032/video.mp4,blowtorch igniting
video/-KqXcm-I2zY_000162/video.mp4,playing tennis
video/3ymgPYkdSIg_000040/video.mp4,mosquito buzzing
video/eEn3IreUkas_000000/video.mp4,sliding door
video/qAQuljp-atA_000030/video.mp4,driving motorcycle
video/44Nt8WOHyyU_000040/video.mp4,playing accordion
video/7Mk0viMENd0_000178/video.mp4,lathe spinning
video/PSt0xAYgf4g_000000/video.mp4,reversing beeps
video/PsfcOZvBcQk_000024/video.mp4,playing guiro
video/NcIt4xNctkA_000050/video.mp4,frog croaking
video/twOKVLUzZLQ_000000/video.mp4,frog croaking
video/7T5uQKw-DOg_000338/video.mp4,fox barking
video/AdWWI5m-9u4_000342/video.mp4,people marching
video/yM959r1bnBQ_000123/video.mp4,"heart sounds, heartbeat"
video/zcrQlstpqUI_000131/video.mp4,playing castanets
video/IOA_DhIDXi8_000007/video.mp4,lions growling
video/tg0KFj-fkfs_000000/video.mp4,people burping
video/oYYd7duzdBY_000030/video.mp4,mouse pattering
video/xVOO1rp-yuk_000200/video.mp4,planing timber
video/VZjoa-5wTEo_000050/video.mp4,ferret dooking
video/JIG2w-yhwDk_000030/video.mp4,printer printing
video/UDSjSpHKu1I_000462/video.mp4,magpie calling
video/2zO-nlygkFo_000030/video.mp4,people clapping
video/flj3t61PIKk_000014/video.mp4,ferret dooking
video/-Y-UegG9tLw_000043/video.mp4,playing cornet
video/H_-2X4LNDH0_000001/video.mp4,typing on typewriter
video/w-EbQnMNuyw_000427/video.mp4,roller coaster running
video/raIIQCRNwu0_000080/video.mp4,playing accordion
video/CT7CrLxIuQI_000030/video.mp4,people belly laughing
video/rOolowH8rI4_000023/video.mp4,chimpanzee pant-hooting
video/BMAruFZo5NM_000088/video.mp4,playing bugle
video/4GsJe7tvsl0_000030/video.mp4,raining
video/OxbHUMFOxnk_000030/video.mp4,baby laughter
video/4vfWdTvX7qc_000030/video.mp4,people whispering
video/JBTEFp-SiAA_000171/video.mp4,playing tambourine
video/i60n18w2JLQ_000030/video.mp4,people gargling
video/_j62xxyQbzo_000084/video.mp4,skiing
video/REDLY6m3Muw_000042/video.mp4,civil defense siren
video/a_tTA5W6FAo_000047/video.mp4,people cheering
video/Y02VBGoTi9w_000240/video.mp4,playing vibraphone
video/yLazKv68TeA_000078/video.mp4,people eating crisps
video/f1mXMVWFLiA_000183/video.mp4,people eating apple
video/68yGxMsldpY_000003/video.mp4,canary calling
video/Iy47-2ecO1g_000250/video.mp4,playing congas
video/DTNQt1qO8xA_000030/video.mp4,cricket chirping
video/Ph2SI18iz7o_000010/video.mp4,people sneezing
video/IOpMfRxQdrs_000014/video.mp4,baby crying
video/oEFUBoCTThI_000459/video.mp4,bull bellowing
video/wWmC4NS6hvk_000185/video.mp4,"heart sounds, heartbeat"
video/24E8nk18LB0_000075/video.mp4,running electric fan
video/qkmZcE3ECqk_000066/video.mp4,black capped chickadee calling
video/1_Q80fDGLRM_000010/video.mp4,dog barking
video/Ht3h4-eNQCU_000005/video.mp4,people eating
video/GGqC1H9BeTg_000180/video.mp4,electric grinder grinding
video/Znm0wokuwgA_000107/video.mp4,playing darts
video/__uEjp7_UDw_000100/video.mp4,playing piano
video/IqnDeca2-Zw_000030/video.mp4,dog howling
video/krr95aiOUh8_000090/video.mp4,splashing water
video/uouMndiZtDc_000120/video.mp4,people sobbing
video/gZ7snULupqE_000000/video.mp4,playing didgeridoo
video/A-Mg-FwSkiU_000030/video.mp4,stream burbling
video/sgO17DWwtoY_000280/video.mp4,playing cymbal
video/-7tYmeOmsRg_000058/video.mp4,people eating crisps
video/W3u2hj1x7gY_000350/video.mp4,helicopter
video/uLdRi__nG2c_000030/video.mp4,typing on computer keyboard
video/ylKvglDzBU4_000070/video.mp4,playing vibraphone
video/txuBsNcWF4s_000030/video.mp4,playing flute
video/ZSqKAFe326w_000063/video.mp4,dinosaurs bellowing
video/k3E5jX1UvIQ_000419/video.mp4,roller coaster running
video/4ByUnyBjmSs_000080/video.mp4,vacuum cleaner cleaning floors
video/z9yN3i-Pa8k_000173/video.mp4,car engine idling
video/WY73T0xaY0A_000180/video.mp4,playing theremin
video/054iiUoKoyo_000010/video.mp4,playing synthesizer
video/Vlj9AOEP6_c_000026/video.mp4,playing squash
video/usAbPEHJsdI_000080/video.mp4,fireworks banging
video/Adwb_rxQRXI_000590/video.mp4,cap gun shooting
video/Jh-upSoOqTc_000270/video.mp4,raining
video/GHowpWCU9Lo_000030/video.mp4,ocean burbling
video/GFkB9Par4M8_000580/video.mp4,chainsawing trees
video/7qfxCvwyxms_000010/video.mp4,playing piano
video/h4IhBsi2dcw_000170/video.mp4,mouse squeaking
video/DIKZP8-TnOQ_000020/video.mp4,cap gun shooting
video/Qvx5f7jfMdw_000030/video.mp4,"rowboat, canoe, kayak rowing"
video/2HZcxlRs-hg_000030/video.mp4,reversing beeps
video/IbKggh9a0iE_000258/video.mp4,playing snare drum
video/favWHteInt0_000448/video.mp4,wind chime
video/L5UDz2PJ9sk_000030/video.mp4,playing didgeridoo
video/e0VpiSzf57Y_000006/video.mp4,mosquito buzzing
video/L3FlG2uJgY8_000250/video.mp4,playing acoustic guitar
video/2kdJKmgMcxU_000000/video.mp4,cow lowing
video/Bq10zG74Wc0_000040/video.mp4,playing drum kit
video/ABL8jtrfZ3E_000167/video.mp4,playing tuning fork
video/c40hgtfiYm0_000010/video.mp4,typing on typewriter
video/1kiR-BU9Fik_000071/video.mp4,lip smacking
video/MYv6qs-tjFY_000260/video.mp4,people hiccup
video/bizmBpWUwFk_000130/video.mp4,"electric shaver, electric razor shaving"
video/B-vU0V48gL0_000030/video.mp4,pumping water
video/QZAkBSjlkgI_000333/video.mp4,bowling impact
video/MqJra27MtFc_000000/video.mp4,wind chime
video/DUWeKLvfrwc_000080/video.mp4,eating with cutlery
video/-zwjoyBo2s8_000285/video.mp4,mynah bird singing
video/lH6ym1UrlnE_000120/video.mp4,people coughing
video/IphL7mUqZ6A_000400/video.mp4,car engine starting
video/9QIxNSbVBuc_000058/video.mp4,fox barking
video/sm7eBFHtdeA_000030/video.mp4,wind rustling leaves
video/1BivKH8w7Fo_000082/video.mp4,people cheering
video/wqUdoAuKyDY_000027/video.mp4,playing squash
video/wPYSL2zAFww_000026/video.mp4,airplane
video/EXEYAlExz_o_000067/video.mp4,hedge trimmer running
video/u-VdtPI08UM_000004/video.mp4,hedge trimmer running
video/svzPm8lT36o_000010/video.mp4,typing on typewriter
video/wlPhqJjBWLE_000267/video.mp4,rope skipping
video/s2aPuCFHNKg_000015/video.mp4,bowling impact
video/abkHKDE-IDc_000030/video.mp4,playing ukulele
video/L2SI789JKPQ_000020/video.mp4,train horning
video/4arad6my08E_000025/video.mp4,ambulance siren
video/aP3YC0i0yyY_000082/video.mp4,hedge trimmer running
video/eQlET5JeEnc_000031/video.mp4,people eating crisps
video/aAXnk3w39Ow_000020/video.mp4,wind rustling leaves
video/HChruX6Mhaw_000509/video.mp4,air horn
video/nDPkfJP0yp0_000391/video.mp4,playing bongo
video/NpBQ1NpljTQ_000410/video.mp4,"subway, metro, underground"
video/4tHvsHkl8L0_000027/video.mp4,snake hissing
video/hKcSZfv9gms_000001/video.mp4,playing trumpet
video/MEqcDyFnqSM_000185/video.mp4,playing bongo
video/ThLQka_yZNY_000261/video.mp4,beat boxing
video/8OXOwCahOOU_000089/video.mp4,playing ukulele
video/LAeWwMC2EaI_000030/video.mp4,playing electric guitar
video/9WWZUjBE5HA_000079/video.mp4,striking pool
video/PzS_cNwa4xM_000000/video.mp4,bird wings flapping
video/0q1zNZNjzaA_000001/video.mp4,whale calling
video/Ind-moQb3tc_000006/video.mp4,turkey gobbling
video/6HvJzsvx8Io_000120/video.mp4,"child speech, kid speaking"
video/2pHfgh_G1yo_000010/video.mp4,ambulance siren
video/W9DxMx9ZF8A_000271/video.mp4,cow lowing
video/rNHbhgnEskY_000030/video.mp4,playing bagpipes
video/rmQhPCwioJw_000000/video.mp4,dog howling
video/lIEnbqr3O34_000130/video.mp4,playing sitar
video/fsXfBoNcLeM_000030/video.mp4,rapping
video/H5rRqioLDxY_000030/video.mp4,baby laughter
video/ez0LZnySWE4_000030/video.mp4,people farting
video/2s1nykhFpIE_000588/video.mp4,bouncing on trampoline
video/6hQ0OxTGMP0_000020/video.mp4,smoke detector beeping
video/IBYer_XIT9Q_000030/video.mp4,sliding door
video/bnlkXcONaBs_000236/video.mp4,playing tuning fork
video/ER1c1h89GjA_000030/video.mp4,horse neighing
video/6zTszR6wgys_000200/video.mp4,"railroad car, train wagon"
video/QDPrQohgg6E_000075/video.mp4,people eating apple
video/_L2Y9ftYKKU_000130/video.mp4,pumping water
video/1pMMz2vm6JE_000002/video.mp4,running electric fan
video/NZX4gl4kGRY_000504/video.mp4,playing shofar
video/IiDtJLfrD9E_000003/video.mp4,"fly, housefly buzzing"
video/Tgqb1VUysMM_000490/video.mp4,chicken crowing
video/asrePkOXpU0_000049/video.mp4,sea lion barking
video/_1JbWsHuATo_000414/video.mp4,volcano explosion
video/1NV87x_JYnQ_000368/video.mp4,strike lighter
video/pMYaAyjyR5w_000044/video.mp4,woodpecker pecking tree
video/G2jq2X-00n4_000000/video.mp4,car engine starting
video/vcspniRIpNk_000023/video.mp4,arc welding
video/HSGejM8DhX4_000093/video.mp4,cupboard opening or closing
video/-ocADGlyaHc_000030/video.mp4,helicopter
video/Fic2Go84_k0_000116/video.mp4,bouncing on trampoline
video/-1pRmoJIGQc_000010/video.mp4,car engine knocking
video/0R85JknaH-w_000090/video.mp4,splashing water
video/LX45Unyyosw_000108/video.mp4,playing badminton
video/KhxVbkznUNI_000030/video.mp4,ambulance siren
video/E67DLGqXPMo_000200/video.mp4,eletric blender running
video/oSUCIMc3Vp8_000055/video.mp4,people belly laughing
video/yUo3x9A--fI_000039/video.mp4,people nose blowing
video/jUjEZr4O6fU_000030/video.mp4,chainsawing trees
video/NpGTa9fRvUU_000030/video.mp4,lawn mowing
video/2LMxs_P1EhY_000100/video.mp4,firing muskets
video/AWcZq1PRcII_000020/video.mp4,chicken crowing
video/7gTiMEazgmE_000030/video.mp4,"playing violin, fiddle"
video/06si40RVDco_000030/video.mp4,driving motorcycle
video/bDN1mAaexyE_000180/video.mp4,people babbling
video/U_bYlL9ap-o_000060/video.mp4,owl hooting
video/hQqM8iNebYw_000070/video.mp4,playing hammond organ
video/1FU5odlgLmo_000030/video.mp4,playing mandolin
video/A0dHhG6Y8C0_000030/video.mp4,"electric shaver, electric razor shaving"
video/Y5t8KSDEeOs_000000/video.mp4,opening or closing car electric windows
video/5YRATI__jKU_000010/video.mp4,playing accordion
video/ytp3JX5BKAg_000273/video.mp4,striking pool
video/R3mcZxi-r9U_000030/video.mp4,people running
video/emMPlK_7bdY_000003/video.mp4,bull bellowing
video/L0DtxpwfacQ_000047/video.mp4,underwater bubbling
video/MDx46d28I20_000026/video.mp4,playing darts
video/d203T66G1lk_000093/video.mp4,rope skipping
video/AKzmNMyyMms_000030/video.mp4,ambulance siren
video/M5MnBiYMZ9k_000030/video.mp4,people shuffling
video/wn0eOX4NW2w_000092/video.mp4,whale calling
video/SQPQBndxiB4_000087/video.mp4,disc scratching
video/muEqLs4xcvs_000030/video.mp4,"female speech, woman speaking"
video/zZKrLJQmzDI_000095/video.mp4,people slapping
video/A-YKT8XB0xg_000000/video.mp4,people farting
video/wjLClGwjeIU_000114/video.mp4,airplane flyby
video/Bf1rXGdwZzA_000030/video.mp4,rapping
video/ZIktpr-Ic4U_000010/video.mp4,people running
video/M1P1xla8rg0_000000/video.mp4,playing tambourine
video/MaHNl_UKEgU_000000/video.mp4,playing harpsichord
video/GNQUA0bI5b0_000260/video.mp4,baby babbling
video/OOjELlVUF8E_000182/video.mp4,cat hissing
video/OZk2KE5L7WU_000045/video.mp4,arc welding
video/RUx39qofQ4M_000000/video.mp4,pumping water
video/iw8AL6xHoYE_000120/video.mp4,wind noise
video/pf00DOALuZ0_000275/video.mp4,people eating crisps
video/Y-qOOR0izlE_000102/video.mp4,helicopter
video/fyM-gTgZeM8_000456/video.mp4,running electric fan
video/2r0iftxu5vc_000265/video.mp4,police radio chatter
video/6lJjWi0OMTc_000000/video.mp4,shot football
video/cpGLTc_21MA_000320/video.mp4,"motorboat, speedboat acceleration"
video/ZQqgwiTnKII_000494/video.mp4,train horning
video/vfIylWPACmg_000088/video.mp4,playing double bass
video/aC1gI3ugAJ0_000518/video.mp4,people gargling
video/mX3LnpqdHuY_000040/video.mp4,playing sitar
video/Q_-Z8fhVANk_000450/video.mp4,playing tabla
video/myOH_8igzTw_000161/video.mp4,playing djembe
video/N_NCQdSQ0eA_000220/video.mp4,toilet flushing
video/AaWkG1mi-Hc_000069/video.mp4,"fly, housefly buzzing"
video/7mXmO2XpH_A_000105/video.mp4,strike lighter
video/YTceZ7LYVJs_000102/video.mp4,playing lacrosse
video/PsZQ3cKwQNM_000000/video.mp4,"vehicle horn, car horn, honking"
video/wFTlySgdWX4_000030/video.mp4,playing vibraphone
video/aOa2KHuEPgs_000137/video.mp4,playing lacrosse
video/NyWZtL6Essc_000038/video.mp4,people belly laughing
video/fMZaRGIpPIE_000035/video.mp4,hail
video/icKojlQtWv0_000400/video.mp4,ocean burbling
video/39IZIbmQPzA_000040/video.mp4,people coughing
video/AgLNBaSMRBA_000000/video.mp4,chipmunk chirping
video/B6d2FiFv8tU_000002/video.mp4,"donkey, ass braying"
video/BT2JPFpMrzM_000002/video.mp4,lions growling
video/bYwoYjbPm-I_000030/video.mp4,wind rustling leaves
video/3MUeg3nD2OU_000120/video.mp4,playing acoustic guitar
video/h0vsyCyimhY_000155/video.mp4,people eating crisps
video/jwZHGy2SI88_000215/video.mp4,driving snowmobile
video/4Vq6WDtxTt4_000030/video.mp4,fire truck siren
video/moiUAO3CKbM_000420/video.mp4,cattle mooing
video/9WXz_4FvZCw_000069/video.mp4,canary calling
video/NJUl3gPX07o_000030/video.mp4,chainsawing trees
video/jKjj66pRXZA_000020/video.mp4,playing didgeridoo
video/YRmyucD5GhI_000217/video.mp4,blowtorch igniting
video/6s2pBWctGDM_000006/video.mp4,snake rattling
video/kYvyOw8ZDS4_000016/video.mp4,bull bellowing
video/60G21K-9XWc_000233/video.mp4,police radio chatter
video/dmHcDWrMH-8_000060/video.mp4,"playing violin, fiddle"
video/vd2Ov9nGycg_000031/video.mp4,playing mandolin
video/x9XEArjH_pY_000032/video.mp4,cat growling
video/hGogSm0O5aE_000024/video.mp4,missile launch
video/09LqFbgwszg_000155/video.mp4,"heart sounds, heartbeat"
video/f52NbtQr2KQ_000010/video.mp4,playing french horn
video/FrJx8vk4GWs_000100/video.mp4,playing cornet
video/g-FzdV9ZTJQ_000018/video.mp4,cat hissing
video/6uxFXWS8xvw_000020/video.mp4,dog bow-wow
video/tnr3diicTLI_000230/video.mp4,mosquito buzzing
video/mA1d-1wXTgU_000056/video.mp4,playing trombone
video/ddrPr5hBDLY_000211/video.mp4,opening or closing car electric windows
video/yQa3SuKpfLE_000093/video.mp4,people eating apple
video/hrqspJV1DT8_000079/video.mp4,lions growling
video/8_rFjamYo1Y_000022/video.mp4,bathroom ventilation fan running
video/2p37j052q3o_000004/video.mp4,alarm clock ringing
video/izIKm2yBDlw_000088/video.mp4,hammering nails
video/0_O6nVfnCH8_000210/video.mp4,splashing water
video/8-viBoPGFCA_000003/video.mp4,playing oboe
video/tIPnM_oW39U_000173/video.mp4,yodelling
video/b6x51a8ipG0_000469/video.mp4,children shouting
video/T_cHwVO2Eac_000147/video.mp4,air conditioning noise
video/9bQDhTTpkiQ_000176/video.mp4,playing snare drum
video/v1lL0vPKMq0_000030/video.mp4,fire crackling
video/S_wmiCKYUhE_000030/video.mp4,people shuffling
video/BZRZcFA9Dr4_000260/video.mp4,cattle mooing
video/uBRNy4AKKqA_000026/video.mp4,playing guiro
video/KXuB62SMFvA_000030/video.mp4,playing theremin
video/U9o30JY6aYc_000030/video.mp4,cap gun shooting
video/Wl2iTlhjKls_000033/video.mp4,playing erhu
video/V131AERGFH8_000058/video.mp4,chopping food
video/F5ykiEXsNPc_000466/video.mp4,"race car, auto racing"
video/X1FfFZwJI4g_000120/video.mp4,playing cymbal
video/1CRvPsMwqrc_000030/video.mp4,duck quacking
video/tXevNDmTzyo_000141/video.mp4,"heart sounds, heartbeat"
video/TY7UehpsaFQ_000144/video.mp4,"playing steel guitar, slide guitar"
video/PgoalJe2WYM_000000/video.mp4,playing tuning fork
video/GCwUX8jj57o_000156/video.mp4,dog baying
video/6sfjS8pGgjM_000030/video.mp4,fire crackling
video/MLHEeVVOx-E_000181/video.mp4,chipmunk chirping
video/qilVdOks5WY_000030/video.mp4,baby laughter
video/I1puFLEIQcs_000387/video.mp4,fox barking
video/ZRQ3vw3wNQ0_000010/video.mp4,vacuum cleaner cleaning floors
video/mhCzYK5JCBM_000030/video.mp4,duck quacking
video/cIFLW7R3_po_000002/video.mp4,cupboard opening or closing
video/xv35vO58cjY_000271/video.mp4,cell phone buzzing
video/MMCrV1ia670_000030/video.mp4,mouse squeaking
video/KuFurXDu4l8_000000/video.mp4,people marching
video/7LsexUAG4ps_000032/video.mp4,civil defense siren
video/MovR7hxXYOg_000037/video.mp4,playing lacrosse
video/_AopX_dxdZ0_000010/video.mp4,church bell ringing
video/XX4v2slgAq4_000014/video.mp4,police radio chatter
video/_F44HNywbIQ_000290/video.mp4,francolin calling
video/4vsI0Kwn8jY_000030/video.mp4,playing banjo
video/Yw-nhBQAlr0_000013/video.mp4,people eating crisps
video/TpPHH7wQz_M_000030/video.mp4,playing bagpipes
video/6GMjSV0D0Hk_000030/video.mp4,people eating
video/492jB4DXETM_000240/video.mp4,"bird chirping, tweeting"
video/VwaLVY1oF6k_000026/video.mp4,dog whimpering
video/fllbxiLid5c_000530/video.mp4,pumping water
video/8_2zsOKcxK0_000023/video.mp4,horse neighing
video/iEhCQX3a44k_000313/video.mp4,slot machine
video/DuewD1imTvQ_000019/video.mp4,sheep bleating
video/-vAtBe4LMCQ_000063/video.mp4,people eating crisps
video/M428cu9VTT8_000026/video.mp4,snake rattling
video/ckzLHmauwI8_000030/video.mp4,chainsawing trees
video/nzwmPWAAQFg_000030/video.mp4,baby crying
video/k4k-ULQJzAI_000030/video.mp4,toilet flushing
video/rNyJbdv2KF4_000060/video.mp4,airplane
video/lXJLde6LGWk_000030/video.mp4,people eating
video/Y5Qrawu3guY_000030/video.mp4,playing banjo
video/tXLaQKRWM8I_000000/video.mp4,dog baying
video/DtGb--vw5F4_000390/video.mp4,"playing marimba, xylophone"
video/oG2EfK_jLI0_000205/video.mp4,bowling impact
video/ozUwXoIovV0_000100/video.mp4,lawn mowing
video/4uTU0OXWUHM_000089/video.mp4,lathe spinning
video/ADtA2TMXVvo_000042/video.mp4,playing cornet
video/qwoyjr7tSBA_000531/video.mp4,male singing
video/YFoWfT2ijhw_000475/video.mp4,striking pool
video/RI2T1BBL_8I_000030/video.mp4,people shuffling
video/cReLETAjLHI_000030/video.mp4,chainsawing trees
video/7RNTXUuCKoQ_000029/video.mp4,children shouting
video/FzS3nUnoDPQ_000110/video.mp4,playing timpani
video/QFnwnAHcttY_000030/video.mp4,toilet flushing
video/AtjcXV7VchY_000030/video.mp4,duck quacking
video/oTfkeIJmkHw_000201/video.mp4,elk bugling
video/aUq3toj7jDo_000018/video.mp4,people running
video/Kwpn3utYEHM_000030/video.mp4,"engine accelerating, revving, vroom"
video/_5A8lI5UEgo_000030/video.mp4,singing bowl
video/eqgRyEINfKM_000335/video.mp4,playing tennis
video/16TsDMjHzYU_000030/video.mp4,female singing
video/eNf20D3BlIs_000015/video.mp4,hedge trimmer running
video/H8KqQWxixQU_000030/video.mp4,playing harmonica
video/cXXD34V2Lvw_000016/video.mp4,playing volleyball
video/CC-HqfuDBxg_000030/video.mp4,singing bowl
video/8jDanS4ZzRc_000240/video.mp4,orchestra
video/JKpxK1rUW4A_000030/video.mp4,lawn mowing
video/WdGkP2ID5S4_000030/video.mp4,turkey gobbling
video/RhsXiHgKzyY_000023/video.mp4,gibbon howling
video/S_XSchdmUn4_000732/video.mp4,playing hockey
video/edKvAj0fYxQ_000030/video.mp4,playing acoustic guitar
video/KxxDWc08nSo_000028/video.mp4,playing guiro
video/BQ86IY0M860_000030/video.mp4,sailing
video/aDclY0lRUu8_000129/video.mp4,people eating noodle
video/gMwbOxrQP9Q_000030/video.mp4,lions roaring
video/WMcin-2RF7s_000078/video.mp4,striking bowling
video/qj6xuSzUgUg_000382/video.mp4,bowling impact
video/l1S8rIqKfq4_000050/video.mp4,slot machine
video/MHa0HKSzgwE_000005/video.mp4,playing squash
video/8Admm68VCj0_000030/video.mp4,goose honking
video/9i3NIA1NLeY_000060/video.mp4,playing harpsichord
video/gklbB7TYoK4_000030/video.mp4,baby laughter
video/E6QQRZHrx6s_000030/video.mp4,dog growling
video/QPaUQdAWmLM_000236/video.mp4,"electric shaver, electric razor shaving"
video/ON25BO3hJP4_000110/video.mp4,"subway, metro, underground"
video/SQ71Y_g116A_000090/video.mp4,ocean burbling
video/orCsY5aMGlo_000424/video.mp4,playing hockey
video/JLtieDCSa6Y_000000/video.mp4,people coughing
video/E3rjAlJCmUs_000422/video.mp4,playing congas
video/o7QGPyy4lvs_000089/video.mp4,playing badminton
video/1_iqBlxMkBU_000030/video.mp4,printer printing
video/8dMtEVjgsHs_000017/video.mp4,elephant trumpeting
video/We8gO_xIDcQ_000029/video.mp4,playing timbales
video/JQ0I1NSdYkw_000015/video.mp4,elk bugling
video/VYyXt12fTHg_000240/video.mp4,playing tabla
video/hAehs6GdfIQ_000030/video.mp4,printer printing
video/zHmBpBw3Fnw_000043/video.mp4,cat caterwauling
video/BfQ3-G4gjlM_000030/video.mp4,people sobbing
video/8TNLqJ0dJDA_000297/video.mp4,skiing
video/WiNjp9FhaHw_000380/video.mp4,people belly laughing
video/kv335KZ0ZR8_000030/video.mp4,basketball bounce
video/c-qYpm6h0Ew_000220/video.mp4,driving motorcycle
video/Vb5-6-BQzlI_000502/video.mp4,elephant trumpeting
video/-0vPFx-wRRI_000030/video.mp4,people finger snapping
video/reAsBqZsfyo_000110/video.mp4,playing saxophone
video/m5I_M9d80Wg_000030/video.mp4,cat meowing
video/BE1qG9iQZlg_000190/video.mp4,eating with cutlery
video/nt9PKJU4LLk_000047/video.mp4,child singing
video/bfOLFECH_W8_000350/video.mp4,lighting firecrackers
video/Uka_Qhmi9cY_000017/video.mp4,zebra braying
video/tmabzx6yxqs_000030/video.mp4,pig oinking
video/GINmvzOpfvc_000006/video.mp4,"bird chirping, tweeting"
video/7jWRIjFaoeU_000030/video.mp4,wind rustling leaves
video/wMLgi-rb6UM_000000/video.mp4,playing steelpan
video/RgaGL8DBg4M_000149/video.mp4,plastic bottle crushing
video/-PvlrLjIAYo_000009/video.mp4,parrot talking
video/ciVsS-oZEPc_000103/video.mp4,elephant trumpeting
video/M9vFSRWvpPg_000001/video.mp4,canary calling
video/hw6GduHoFEg_000004/video.mp4,popping popcorn
video/oIUof9ZzRcs_000001/video.mp4,chinchilla barking
video/0dd6AlyOnfc_000030/video.mp4,pumping water
video/Lep1tjEIkJc_000030/video.mp4,playing harp
video/lRfashuCd28_000101/video.mp4,volcano explosion
video/2ZhiOvhUTGA_000030/video.mp4,"motorboat, speedboat acceleration"
video/Ddo9DOeh-PA_000218/video.mp4,people slurping
video/iTkzTbXi23U_000075/video.mp4,smoke detector beeping
video/dEalkJ7fbY4_000049/video.mp4,train whistling
video/DmTSz-8AGRg_000003/video.mp4,pheasant crowing
video/aKWG9CWMoWo_000696/video.mp4,mouse clicking
video/8FZM56axVms_000081/video.mp4,elk bugling
video/0XBOuAycZ-k_000150/video.mp4,playing double bass
video/NgAEMX5d5iM_000083/video.mp4,train wheels squealing
video/APd9MpjVRRU_000030/video.mp4,bouncing on trampoline
video/kfl9X8KIMTg_000000/video.mp4,playing electronic organ
video/IDzUjPhY080_000340/video.mp4,people burping
video/O41WqVK8Cjw_000100/video.mp4,playing shofar
video/9uwWavcx0E4_000000/video.mp4,bowling impact
video/TFV2NXfePww_000195/video.mp4,playing castanets
video/fh3sWiAtViA_000033/video.mp4,people slurping
video/3ClbaJYWVO4_000030/video.mp4,playing electric guitar
video/6_zzu2KON6c_000080/video.mp4,playing electric guitar
video/FJ6cTKn5MUw_000010/video.mp4,waterfall burbling
video/ca9cb9AGvi4_000030/video.mp4,people farting
video/1hoUEfsTmdE_000030/video.mp4,female singing
video/qIKzxOrcrhE_000016/video.mp4,baby laughter
video/F2-PKsD5-Vk_000381/video.mp4,sea waves
video/bMYRySDXzco_000257/video.mp4,wind chime
video/OgcHNErCE28_000094/video.mp4,zebra braying
video/Ey6ulciy5hs_000020/video.mp4,"race car, auto racing"
video/gsoxPkxJw_4_000380/video.mp4,"playing marimba, xylophone"
video/leTMkrc4KGI_000106/video.mp4,wood thrush calling
video/BwSvj6wEgCs_000076/video.mp4,barn swallow calling
video/5Q5R_a86vYA_000090/video.mp4,baby laughter
video/dMzQiu2mUlE_000030/video.mp4,playing bagpipes
video/3KwulXmBX-8_000030/video.mp4,baby crying
video/GvegcC3HzLA_000058/video.mp4,sea lion barking
video/CjO1ZZZI8CE_000030/video.mp4,"female speech, woman speaking"
video/28StN9ykZ68_000094/video.mp4,beat boxing
video/2vycuIKwnnA_000000/video.mp4,baltimore oriole calling
video/sXQ41sxfPa8_000253/video.mp4,lathe spinning
video/5kQF4r03yRI_000000/video.mp4,people screaming
video/26oZCMP4Kqo_000131/video.mp4,parrot talking
video/R7EhJNlGPm0_000009/video.mp4,tornado roaring
video/461QChXkDlA_000029/video.mp4,running electric fan
video/TmXQL325rjw_000450/video.mp4,slot machine
video/r7l5v7X-1lk_000056/video.mp4,air horn
video/JwcX-Kftu4k_000013/video.mp4,playing washboard
video/MmgJAGpHOek_000190/video.mp4,mouse pattering
video/LsBCiA7jkHI_000030/video.mp4,basketball bounce
video/jPKhBkLgFLk_000016/video.mp4,"playing violin, fiddle"
video/qtnE1hnCD0M_000030/video.mp4,playing synthesizer
video/01Iho7loxL0_000015/video.mp4,barn swallow calling
video/Y8pS5H0cnaA_000100/video.mp4,people sobbing
video/8jN7n8lhkiI_000092/video.mp4,"alligators, crocodiles hissing"
video/W2Q3cVvu5fU_000393/video.mp4,beat boxing
video/Vx3kxcFd5GU_000035/video.mp4,people giggling
video/r6HmaswQ7ug_000030/video.mp4,car engine knocking
video/CIJ9L83uKtE_000030/video.mp4,lawn mowing
video/pKG3RMK__dc_000110/video.mp4,car passing by
video/-AeiYb4vDK0_000340/video.mp4,people eating
video/A1qKwuz07ss_000030/video.mp4,playing tabla
video/CZf-yC8pkwk_000106/video.mp4,people gargling
video/g-ydIGNxjbE_000004/video.mp4,pig oinking
video/-KBH8YmHR-0_000050/video.mp4,snake rattling
video/dEKMvDkP41A_000015/video.mp4,volcano explosion
video/3-qCp_EP-5Q_000234/video.mp4,parrot talking
video/i-_tqqQ8fcc_000017/video.mp4,plastic bottle crushing
video/uJJ494MYSmo_000007/video.mp4,sea waves
video/O15hBKDfG1k_000350/video.mp4,people sobbing
video/3oaky81Equ8_000016/video.mp4,electric grinder grinding
video/kSeiFzV1J9w_000110/video.mp4,people finger snapping
video/KdhMumvB4vs_000030/video.mp4,rapping
video/py6G9r0fydU_000030/video.mp4,sliding door
video/KiCB6pP6EEo_000100/video.mp4,skidding
video/an2mZpaPTpA_000410/video.mp4,chainsawing trees
video/pzAiXfVmLGA_000504/video.mp4,people eating noodle
video/FKLiINxnzK0_000004/video.mp4,dinosaurs bellowing
video/U8kJ9DFX6S0_000140/video.mp4,toilet flushing
video/V2znI68sdJQ_000030/video.mp4,typing on computer keyboard
video/fZOzFfVl07o_000052/video.mp4,metronome
video/DcNVcRK4F4g_000030/video.mp4,horse neighing
video/hU9mxdQctYQ_000047/video.mp4,"electric shaver, electric razor shaving"
video/MLJvuEjyTTk_000057/video.mp4,people humming
video/0mkj5A9qg9A_000086/video.mp4,shot football
video/lBzEk72sMr0_000370/video.mp4,eating with cutlery
video/_2hETAEaX3c_000106/video.mp4,ice cracking
video/JixXL5s6fnE_000070/video.mp4,whale calling
video/QiUyP9xX8jY_000160/video.mp4,waterfall burbling
video/ohgUAJN2ymk_000083/video.mp4,chinchilla barking
video/ImmxOJnsNuk_000588/video.mp4,rope skipping
video/BnccD3gqbKI_000004/video.mp4,golf driving
video/pxfDwsH7jk8_000398/video.mp4,running electric fan
video/YuvRe690m2I_000030/video.mp4,frog croaking
video/SgfHJ5fkMiY_000040/video.mp4,"cattle, bovinae cowbell"
video/cNqTAf7urnk_000254/video.mp4,tornado roaring
video/bkH3khklMuk_000110/video.mp4,airplane flyby
video/QKu30d-ZlQo_000113/video.mp4,chimpanzee pant-hooting
video/PYOPQuhdoQM_000335/video.mp4,playing bassoon
video/K5aJwQ2X2Sc_000260/video.mp4,"child speech, kid speaking"
video/MYsN37I-lfQ_000012/video.mp4,playing badminton
video/FpLAlaQCI5w_000010/video.mp4,playing harpsichord
video/j7LDdHAhIbo_000030/video.mp4,fire crackling
video/WD2mC7r0gc8_000215/video.mp4,playing congas
video/2XOTejBfF2g_000514/video.mp4,chopping wood
video/1mkIuq3rjUg_000019/video.mp4,playing guiro
video/DSdCxzO0q0g_000077/video.mp4,cutting hair with electric trimmers
video/B2L6sS4DsMY_000000/video.mp4,playing harmonica
video/4Z-JoGVIs2k_000051/video.mp4,eagle screaming
video/9EsgN-WS2qY_000030/video.mp4,reversing beeps
video/kAE_Lb-f39I_000007/video.mp4,dog baying
video/2ASyuuVhr6M_000052/video.mp4,cat hissing
video/jxaMR0I4YSY_000016/video.mp4,skidding
video/eJSpibgl0-c_000030/video.mp4,"motorboat, speedboat acceleration"
video/usDISc3rmPI_000030/video.mp4,playing french horn
video/5WW-N4kyFN8_000030/video.mp4,child singing
video/CfPbKzvW0SQ_000070/video.mp4,playing trombone
video/Y3WXrp3JFxU_000030/video.mp4,people shuffling
video/l78ooOwvRyY_000000/video.mp4,toilet flushing
video/tpbdbCtj86c_000021/video.mp4,"playing steel guitar, slide guitar"
video/BWVovghBe2c_000030/video.mp4,playing bass guitar
video/JmBXrC4S5as_000525/video.mp4,forging swords
video/lchja4Ln8lw_000037/video.mp4,people gargling
video/fB9W0awy06E_000160/video.mp4,electric grinder grinding
video/OIx8kHKwMl8_000035/video.mp4,sea lion barking
video/0a4UPHowiOM_000011/video.mp4,people gargling
video/kLsZZrklCGw_000071/video.mp4,mouse clicking
video/i4woNas3E00_000150/video.mp4,forging swords
video/Ps9aynOCRME_000043/video.mp4,cupboard opening or closing
video/Wxiwqieqy2Y_000030/video.mp4,ambulance siren
video/QEE70zlVRoM_000019/video.mp4,people sneezing
video/Tpg9LiS6K-M_000234/video.mp4,train whistling
video/Ar5r0pzgaRU_000030/video.mp4,cat purring
video/R6EbA_Is4gc_000520/video.mp4,playing tabla
video/8DHtPopFvII_000080/video.mp4,female singing
video/JNUF3mMSnSI_000010/video.mp4,church bell ringing
video/ToIdgjI3u4Q_000030/video.mp4,playing trombone
video/WcSu_xJYc18_000310/video.mp4,goose honking
video/1tz4xNRRR4M_000010/video.mp4,playing vibraphone
video/8WkvjD1ZK5o_000046/video.mp4,skidding
video/4hixl1PkJ0I_000085/video.mp4,playing bassoon
video/DK1tZljrwAc_000027/video.mp4,ocean burbling
video/1f-s2gYqyh8_000019/video.mp4,shot football
video/067izxXJJu4_000020/video.mp4,running electric fan
video/FHaWu2rcP94_000080/video.mp4,"bee, wasp, etc. buzzing"
video/NVTJVKF_ZTw_000030/video.mp4,door slamming
video/oPlat3jrels_000120/video.mp4,playing trombone
video/-w8maIWtnUk_000030/video.mp4,playing electric guitar
video/Aj8BKEbijso_000010/video.mp4,sliding door
video/98DR68euGmo_000079/video.mp4,francolin calling
video/NSfsygAoz0I_000001/video.mp4,warbler chirping
video/Fs462T7ODUQ_000030/video.mp4,sliding door
video/kdAs1Kcttvw_000030/video.mp4,mouse pattering
video/KLWutuuzmco_000012/video.mp4,pheasant crowing
video/eE2OsnPVzzI_000157/video.mp4,canary calling
video/ss-QmKzI9l4_000030/video.mp4,door slamming
video/gF5gfblw13c_000370/video.mp4,people babbling
video/VpYJRHq8TC0_000110/video.mp4,singing bowl
video/HCmwbTIHIcw_000002/video.mp4,snake hissing
video/WrwRZ0NgEss_000538/video.mp4,forging swords
video/ePXInfDyqAc_000028/video.mp4,mynah bird singing
video/8xoenlVVBZw_000030/video.mp4,cat meowing
video/ocU-q__LOQc_000048/video.mp4,foghorn
video/OUIkTOSII9w_000050/video.mp4,elk bugling
video/0ju5RWqEwGQ_000108/video.mp4,playing darts
video/-CZ1LIc8aos_000020/video.mp4,car passing by
video/2Hj6ogt1TJo_000080/video.mp4,cattle mooing
video/s8PkY2iW4e8_000030/video.mp4,goose honking
video/0u5dddSWuj8_000030/video.mp4,playing bagpipes
video/61T8j-vXtnA_000430/video.mp4,opening or closing drawers
video/6EIgJvYx4AE_000551/video.mp4,playing oboe
video/M7GSBDc6s_w_000340/video.mp4,playing sitar
video/1QtsF8qkX1Y_000070/video.mp4,raining
video/Wqqx_L1r8Hk_000019/video.mp4,baby crying
video/ad6gQQ_0evk_000030/video.mp4,playing banjo
video/B9Aaspp7sy8_000463/video.mp4,striking pool
video/1mMqLP36sCQ_000070/video.mp4,striking pool
video/pb1RbeEwwmc_000057/video.mp4,playing congas
video/dZ7a5F_NZKE_000158/video.mp4,ripping paper
video/gm7VuxbyNkw_000772/video.mp4,ripping paper
video/CLtTzEgjeJk_000066/video.mp4,playing bugle
video/6rpRjYMA3n4_000073/video.mp4,disc scratching
video/aHAgeOx1cBM_000010/video.mp4,hair dryer drying
video/3qe9RK3sMBs_000000/video.mp4,basketball bounce
video/eSKFXcMdFXI_000606/video.mp4,"alligators, crocodiles hissing"
video/9YeN0TWM6xo_000033/video.mp4,firing muskets
video/apiwldD6mRo_000020/video.mp4,cow lowing
video/fLNiZuKgPtM_000030/video.mp4,sliding door
video/U8LzhDe8lzY_000273/video.mp4,"playing steel guitar, slide guitar"
video/VfD2zft-E-M_000030/video.mp4,turkey gobbling
video/R9qOM83klNc_000081/video.mp4,children shouting
video/EWmPRu5DaI0_000254/video.mp4,scuba diving
video/p_6nbBAJNxI_000032/video.mp4,otter growling
video/SUyaiLzdWDk_000030/video.mp4,sailing
video/3N-ZROndJyA_000012/video.mp4,people nose blowing
video/G9ezMnDioco_000024/video.mp4,spraying water
video/qYMsdQCggKI_000229/video.mp4,elephant trumpeting
video/YTfulKH5hu4_000098/video.mp4,scuba diving
video/a7cRojOdljw_000169/video.mp4,playing tennis
video/6gMuI6vSK6k_000492/video.mp4,striking bowling
video/vhKjv9GuARQ_000013/video.mp4,tornado roaring
video/DkWAn4rtLa4_000160/video.mp4,"vehicle horn, car horn, honking"
video/EMUhJi30xJU_000030/video.mp4,crow cawing
video/h-Krpgn00Ik_000250/video.mp4,"playing marimba, xylophone"
video/z6oOz1AYk7Y_000041/video.mp4,smoke detector beeping
video/h_hwxcgSr3g_000065/video.mp4,"donkey, ass braying"
video/1DDBWHBebR4_000050/video.mp4,car engine idling
video/FeXZY4eVLlo_000040/video.mp4,basketball bounce
video/3ZZDuYU2HM4_000520/video.mp4,"subway, metro, underground"
video/kxkk4w2yzbk_000030/video.mp4,playing electronic organ
video/kpsYSXR1wao_000300/video.mp4,playing accordion
video/AfyG5j2p39g_000010/video.mp4,playing lacrosse
video/KTo-TxTrfUE_000050/video.mp4,hair dryer drying
video/c3OHPJY7nhA_000022/video.mp4,snake hissing
video/Ed3l6dxQG-Y_000128/video.mp4,"fly, housefly buzzing"
video/O4XYhK_tQnk_000028/video.mp4,"playing violin, fiddle"
video/rPGgxEE2hjk_000091/video.mp4,pheasant crowing
video/h_MVI_0kIkI_000030/video.mp4,people farting
video/XLVBUXkAlJ0_000027/video.mp4,playing darts
video/e8l9BGprwb0_000016/video.mp4,lions growling
video/fNttvad732o_000006/video.mp4,otter growling
video/U3Zom0wPRg0_000030/video.mp4,playing electronic organ
video/zxxWGaZIxD0_000289/video.mp4,alarm clock ringing
video/L-qLeq5E6Xc_000013/video.mp4,bowling impact
video/JGeotTAFVWw_000444/video.mp4,sharpen knife
video/JQ_4fYOd-R0_000030/video.mp4,toilet flushing
video/UWFjhEYXbbU_000009/video.mp4,cricket chirping
video/hFdTLz4HW78_000280/video.mp4,eating with cutlery
video/8ooVSXeHb94_000030/video.mp4,church bell ringing
video/DNBpRJMEm4s_000030/video.mp4,playing electric guitar
video/2iAO9PKZDGk_000000/video.mp4,church bell ringing
video/_eOCm8F0tmk_000003/video.mp4,dinosaurs bellowing
video/hTDVhi-O1I4_000061/video.mp4,planing timber
video/0YIyGEM0yG0_000550/video.mp4,train wheels squealing
video/2sKmbnOi5S0_000006/video.mp4,playing table tennis
video/nKM-84B_FN8_000028/video.mp4,foghorn
video/nCztCv5Ebrk_000260/video.mp4,people giggling
video/XRfi2Lx5wRY_000137/video.mp4,ice cracking
video/36in3UXI64k_000017/video.mp4,zebra braying
video/Hi6yZLHQ2SA_000000/video.mp4,bathroom ventilation fan running
video/0-EgET9q3qE_000030/video.mp4,playing electronic organ
video/2kDORB3vR8s_000327/video.mp4,train horning
video/_zMzODntmas_000040/video.mp4,child singing
video/RSgmATBcCwE_000110/video.mp4,cow lowing
video/uJ4gkjQ6Jt0_000190/video.mp4,playing theremin
video/QiFBbt-6yfU_000000/video.mp4,cat caterwauling
video/io2ZMAWqkeQ_000010/video.mp4,lions growling
video/SM6m56nzTWM_000007/video.mp4,pheasant crowing
video/RQRipbhO86I_000040/video.mp4,playing volleyball
video/5fLzQegwHUg_000030/video.mp4,reversing beeps
video/8msF1eDDeJM_000030/video.mp4,pumping water
video/xwJ4G84jc1w_000051/video.mp4,playing bugle
video/1xhSBniwGbM_000030/video.mp4,male singing
video/LhpzNXhZ44c_000030/video.mp4,"motorboat, speedboat acceleration"
video/L3a132_uApg_000090/video.mp4,"railroad car, train wagon"
video/JF-fcOJbN2k_000015/video.mp4,bowling impact
video/dLRlnhW9_Pc_000070/video.mp4,machine gun shooting
video/jG08q-1E8AE_000030/video.mp4,sloshing water
video/XpYGqiG8tDc_000107/video.mp4,mynah bird singing
video/pt41PSOsG8c_000001/video.mp4,dog baying
video/fRhLjcR1DtQ_000631/video.mp4,striking bowling
video/yosIoc4WCsM_000008/video.mp4,"donkey, ass braying"
video/2YJpjSldLtg_000495/video.mp4,driving snowmobile
video/vJZiTPZ2YTQ_000160/video.mp4,hair dryer drying
video/AJY56V2Iul4_000510/video.mp4,waterfall burbling
video/LXhmTaN0sEE_000140/video.mp4,printer printing
video/iPFoT3Iz234_000010/video.mp4,magpie calling
video/bl5PHVntD70_000009/video.mp4,"fly, housefly buzzing"
video/RgEEH6TgOEI_000020/video.mp4,playing gong
video/TauSQlIbIME_000030/video.mp4,people belly laughing
video/WkkhcwXpYy4_000030/video.mp4,playing theremin
video/DV1C1XbdG7A_000220/video.mp4,playing harmonica
video/16CvcIXIjzQ_000332/video.mp4,chinchilla barking
video/pPljucNzQJY_000038/video.mp4,plastic bottle crushing
video/4PRjMiZOx5I_000030/video.mp4,wind rustling leaves
video/Vu-x88iPIv8_000013/video.mp4,people shuffling
video/qAbV36uy-gc_000054/video.mp4,snake rattling
video/A91s78YZt-Y_000010/video.mp4,people farting
video/U4UtZeTl2DE_000030/video.mp4,playing sitar
video/teoER4j9H14_000290/video.mp4,car engine starting
video/hT8dAeHe7Ow_000050/video.mp4,playing hammond organ
video/RjcslELyrRQ_000058/video.mp4,ice cracking
video/r1XXnstW6Vk_000066/video.mp4,playing glockenspiel
video/S3cNSKFQkXo_000875/video.mp4,magpie calling
video/KUrZc88Ma3g_000010/video.mp4,playing harmonica
video/zW_741B6ugQ_000100/video.mp4,firing cannon
video/XnI2G45cMdY_000132/video.mp4,"electric shaver, electric razor shaving"
video/-0yRK50zyTI_000030/video.mp4,fire crackling
video/qV_QfHwVCVo_000016/video.mp4,dinosaurs bellowing
video/PRU9zAtcQDs_000000/video.mp4,dog howling
video/5bSfEeWEtUg_000028/video.mp4,beat boxing
video/FNFgjJ00J9w_000030/video.mp4,chicken crowing
video/ge3cIE2a9yU_000574/video.mp4,ripping paper
video/Qw468qlDaAE_000180/video.mp4,playing synthesizer
video/_ALGXHquYkM_000030/video.mp4,playing steelpan
video/fSbFFvSeYF4_000029/video.mp4,ferret dooking
video/cyHNChAtP5g_000010/video.mp4,cuckoo bird calling
video/mhZMQF-y8n0_000061/video.mp4,playing snare drum
video/3DK5YAQAVlI_000080/video.mp4,people nose blowing
video/ucNLu7zH3Qc_000470/video.mp4,typing on computer keyboard
video/5HQ0rDexH84_000184/video.mp4,people humming
video/OKhsHZQy3YY_000062/video.mp4,opening or closing car electric windows
video/yBRU7xe4kEQ_000055/video.mp4,playing guiro
video/y1DgTYLdesA_000136/video.mp4,beat boxing
video/5a1tM6p8Gw4_000000/video.mp4,people battle cry
video/lqWv4X8OhkA_000300/video.mp4,goose honking
video/dq75lff004o_000001/video.mp4,elk bugling
video/4WI58vmEOmw_000866/video.mp4,playing hockey
video/Hp-9hVWWpIw_000260/video.mp4,ocean burbling
video/zywjuHhWmF8_000003/video.mp4,striking bowling
video/GN6kEiASxaE_000030/video.mp4,basketball bounce
video/2EYGJpU7juM_000130/video.mp4,playing tympani
video/2Yo0MGR2kmA_000020/video.mp4,playing bagpipes
video/ZqZG_CV2qQU_000030/video.mp4,playing acoustic guitar
video/476vNb6thyM_000030/video.mp4,playing acoustic guitar
video/lNTgZsEJqEo_000103/video.mp4,train whistling
video/z7vNtEcM9Bk_000030/video.mp4,people finger snapping
video/3vp3XshIuSI_000189/video.mp4,playing bassoon
video/AiHq9qStg00_000075/video.mp4,people marching
video/d_Hdkt1_ivo_000030/video.mp4,"motorboat, speedboat acceleration"
video/nA1cZ1g8auk_000080/video.mp4,mynah bird singing
video/jP3F__n2uRs_000030/video.mp4,playing clarinet
video/chtrHNfaT9U_000070/video.mp4,people belly laughing
video/2t8rYnARZuI_000030/video.mp4,raining
video/Qa_6nlhGR9k_000051/video.mp4,canary calling
video/-WIDMrHskbI_000350/video.mp4,"playing marimba, xylophone"
video/Y6-EXl7Njzg_000030/video.mp4,people babbling
video/QMrxyrv_KXc_000226/video.mp4,volcano explosion
video/gE-sdOo_bck_000000/video.mp4,people sobbing
video/b7WsLwjRYQY_000290/video.mp4,eating with cutlery
video/ZZO50JTetDE_000580/video.mp4,ambulance siren
video/9HT3ezdUlQs_000330/video.mp4,"railroad car, train wagon"
video/FEGa4e6RAlw_000030/video.mp4,driving buses
video/HOqx0IZGgBk_000286/video.mp4,train whistling
video/NNaqLB7dxY0_000133/video.mp4,running electric fan
video/u0VZUjxb4p8_000157/video.mp4,beat boxing
video/l6RTgFxEWFY_000181/video.mp4,"race car, auto racing"
video/C4YMjmJ7tt4_000090/video.mp4,people screaming
video/fpLnClEY4IU_000000/video.mp4,people sniggering
video/tQi00qSZC60_000003/video.mp4,baltimore oriole calling
video/KXRngbBe0bg_000080/video.mp4,tapping guitar
video/iX5fyNvNOuk_000010/video.mp4,playing piano
video/jwxvQraiIGs_000032/video.mp4,pheasant crowing
video/V8pFubugOSc_000037/video.mp4,cat growling
video/fZS9lPmqgl0_000030/video.mp4,helicopter
video/AZfD5KrH5d8_000030/video.mp4,playing harp
video/7O2qPT8vgfI_000015/video.mp4,sliding door
video/cEjYmO5-dLk_000010/video.mp4,playing cello
video/7mtYFBOmeNs_000030/video.mp4,people whispering
video/985zNO7Wo1w_000182/video.mp4,children shouting
video/J0lA7ZDfPLE_000030/video.mp4,playing electric guitar
video/g0RkIkC2meo_000030/video.mp4,fire truck siren
video/DK_6C29B2zs_000014/video.mp4,ambulance siren
video/7Zdx61aQOyY_000321/video.mp4,playing squash
video/IyXxPbuvGSM_000011/video.mp4,ferret dooking
video/lqhZAplaWbg_000088/video.mp4,hail
video/hwSuNTGOaZc_000030/video.mp4,"pigeon, dove cooing"
video/XPqdiAWk4Bw_000012/video.mp4,foghorn
video/d4C6qujTJtc_000031/video.mp4,ferret dooking
video/AUbQtsMg0uk_000030/video.mp4,ocean burbling
video/8tdsgBg2m3k_000011/video.mp4,sloshing water
video/6dFdcTWdues_000400/video.mp4,playing electric guitar
video/k7rGUmOV6wQ_000261/video.mp4,shot football
video/Vux4c-4LtVU_000012/video.mp4,sheep bleating
video/yTc-ENutOD4_000000/video.mp4,playing mandolin
video/wm4O1oQKpcU_000073/video.mp4,woodpecker pecking tree
video/caI1iADQPVA_000130/video.mp4,toilet flushing
video/EzCuOP46kpM_000210/video.mp4,playing harp
video/lA3KGYqG5rQ_000458/video.mp4,bull bellowing
video/IgbGOMBaGmw_000013/video.mp4,chimpanzee pant-hooting
video/7MbgmOLTLhk_000030/video.mp4,owl hooting
video/Ev-JWIcNW7A_000030/video.mp4,wind noise
video/EXFiFg2GX6w_000039/video.mp4,tap dancing
video/6oc_R4FnK84_000018/video.mp4,wood thrush calling
video/Fc_P1r8SSRw_000071/video.mp4,people sniggering
video/PkV-dIbY9ic_000084/video.mp4,playing darts
video/YjOOi6WAjtI_000023/video.mp4,cow lowing
video/FI6SwkcxekM_000540/video.mp4,opening or closing drawers
video/onEBRYQ_Xew_000095/video.mp4,hedge trimmer running
video/wJh4tzIlGLg_000029/video.mp4,playing guiro
video/Gf-6YdQYRFQ_000013/video.mp4,cell phone buzzing
video/GjZbmBXxTBw_000340/video.mp4,playing squash
video/EhmWEYp0vno_000190/video.mp4,bird squawking
video/BHajqlL5wmw_000500/video.mp4,opening or closing drawers
video/jtlf6ZQ6w6o_000178/video.mp4,playing snare drum
video/NJo3COkwasM_000017/video.mp4,"ice cream truck, ice cream van"
video/ZiQxjsEyPtQ_000065/video.mp4,people humming
video/2BbBEozEiak_000186/video.mp4,mouse clicking
video/cw9_3bI1Kv8_000081/video.mp4,ice cracking
video/RVV2k3G6hes_000014/video.mp4,people slapping
video/evvK3lYqQ00_000089/video.mp4,playing timbales
video/CmGHMSQZOVw_000370/video.mp4,cattle mooing
video/3HgbEKrbA9s_000054/video.mp4,playing double bass
video/9pgSPM4_wjM_000540/video.mp4,playing timpani
video/A5pf6D1ZYi4_000030/video.mp4,horse neighing
video/avhgeclEu8k_000050/video.mp4,driving motorcycle
video/MBpo7SjWMLk_000001/video.mp4,playing tennis
video/5Cam1KCQ4aY_000050/video.mp4,typing on typewriter
video/2TE2oO9QpT8_000181/video.mp4,foghorn
video/G4kqAg8lxc4_000218/video.mp4,foghorn
video/nGUISzqeoTY_000654/video.mp4,striking bowling
video/qGRJybFcxqY_000007/video.mp4,"fly, housefly buzzing"
video/zA1qfTalFGY_000015/video.mp4,chinchilla barking
video/ceJxRCjUEWk_000158/video.mp4,sheep bleating
video/Y5oaCVCDhYI_000033/video.mp4,whale calling
video/h3P2Si6bC6Y_000560/video.mp4,wind noise
video/AOKeCClythw_000000/video.mp4,people sneezing
video/UbrXzBhg96Y_000042/video.mp4,roller coaster running
video/zzbTaK7CXJY_000030/video.mp4,wind noise
video/5BaYRFSfA68_000206/video.mp4,"electric shaver, electric razor shaving"
video/RZlDaLFuxxQ_000046/video.mp4,chipmunk chirping
video/BmS2NiuT2c0_000160/video.mp4,train wheels squealing
video/Hbp4cnuQS_Q_000080/video.mp4,playing harmonica
video/JWd6vF4yfG8_000030/video.mp4,fire truck siren
video/f4X127h2Slk_000037/video.mp4,children shouting
video/DjXyE3_g0b4_000156/video.mp4,playing cornet
video/HGpEAOwHBuI_000004/video.mp4,"electric shaver, electric razor shaving"
video/lBkMCUiitNU_000030/video.mp4,child singing
video/Fsu8KjtWhPo_000079/video.mp4,cat caterwauling
video/Ysqh1uzqGrc_000000/video.mp4,child singing
video/KxLMzuKzpOM_000571/video.mp4,people eating noodle
video/PLWeVDUH_Cw_000019/video.mp4,playing table tennis
video/GNSjTutOSG4_000119/video.mp4,playing bongo
video/dNNoEFMJ_94_000000/video.mp4,firing muskets
video/Mtkhv22SoZ8_000030/video.mp4,horse neighing
video/0UF1FHDPM1A_000030/video.mp4,people sniggering
video/3XQz8AOcq7o_000146/video.mp4,writing on blackboard with chalk
video/GqhUujqVRZQ_000060/video.mp4,cattle mooing
video/W7KbboEOmeM_000030/video.mp4,playing electric guitar
video/CZgx_6XaEkg_000030/video.mp4,driving motorcycle
video/9IuFwl2AtcI_000030/video.mp4,baby crying
video/chqnTo5-BZk_000014/video.mp4,"fly, housefly buzzing"
video/SgtbfaaL8KQ_000000/video.mp4,skidding
video/mVSSv6-fr8M_000040/video.mp4,people finger snapping
video/9W1W43n9-3g_000037/video.mp4,cutting hair with electric trimmers
video/nIIsm5x-9CY_000368/video.mp4,chopping wood
video/-hss7xpzIVc_000030/video.mp4,male singing
video/mr8uEQKL1GY_000178/video.mp4,running electric fan
video/_OpeUO-JnJ0_000196/video.mp4,chopping wood
video/6Y5Ad3Mg068_000018/video.mp4,chicken clucking
video/v0a6jM7PALg_000307/video.mp4,dog baying
video/fL6pMyvoGVg_000024/video.mp4,playing glockenspiel
video/BuK7qr_TY3g_000100/video.mp4,train horning
video/Byndzwec79o_000030/video.mp4,printer printing
video/h8-Z6EtIYQA_000030/video.mp4,ocean burbling
video/Z9xfJDftEUA_000261/video.mp4,playing oboe
video/QUte9W0g2Yo_000017/video.mp4,eletric blender running
video/RxCzh7EoIFU_000025/video.mp4,missile launch
video/hpmojn45XJI_000030/video.mp4,people clapping
video/0kK-PnupAow_000086/video.mp4,opening or closing car doors
video/a1THgU6-Wj0_000440/video.mp4,tractor digging
video/-c6baaENcjA_000204/video.mp4,sea lion barking
video/Vv0caKE6h-U_000067/video.mp4,hail
video/UBeTeMzdBhI_000030/video.mp4,"rowboat, canoe, kayak rowing"
video/zk1GeJP6Y00_000000/video.mp4,sea lion barking
video/qcDtb4adATE_000160/video.mp4,cow lowing
video/D39kBvBeVJs_000048/video.mp4,cupboard opening or closing
video/O9dNbswLJu0_000331/video.mp4,playing congas
video/Fu-lnC9KbdI_000052/video.mp4,playing badminton
video/GW4XJ_zY-SQ_000010/video.mp4,"ice cream truck, ice cream van"
video/sQbEIVxAfQ4_000583/video.mp4,planing timber
video/HgT_xT587MY_000030/video.mp4,owl hooting
video/oVcQgIsw2Ac_000030/video.mp4,playing accordion
video/lWcI81hX8p4_000018/video.mp4,people cheering
video/oU9hqerWWRw_000000/video.mp4,skidding
video/ZJHlHb-VyDc_000030/video.mp4,playing sitar
video/0slFEpnTKkY_000115/video.mp4,"playing steel guitar, slide guitar"
video/AVmJF1uaRuE_000030/video.mp4,playing sitar
video/tR4zs1xwI98_000009/video.mp4,police car (siren)
video/ZggvCXDeTPo_000355/video.mp4,playing bass drum
video/Lj8Oo7QRjcQ_000030/video.mp4,people eating apple
video/lGjXKrsWDYc_000008/video.mp4,sheep bleating
video/3XhpZyBrIVk_000018/video.mp4,woodpecker pecking tree
video/ZZx7tmufUYg_000102/video.mp4,running electric fan
video/IRD6JNSw4T0_000049/video.mp4,opening or closing car doors
video/BWnhWNwnshk_000148/video.mp4,cupboard opening or closing
video/ZZoM-leT_0U_000028/video.mp4,dog baying
video/81-cd_Kh-Ko_000007/video.mp4,bull bellowing
video/WKlLEyxuUqo_000410/video.mp4,playing didgeridoo
video/I6IWqqszDH0_000030/video.mp4,playing zither
video/BeZqhYLzRg4_000181/video.mp4,running electric fan
video/AFJN5sQt1ec_000030/video.mp4,singing choir
video/kqMKI1W3YRU_000054/video.mp4,fox barking
video/8WQnGWD-XJE_000040/video.mp4,printer printing
video/bgGgPPudjlQ_000209/video.mp4,arc welding
video/-FKrYTj_eCU_000000/video.mp4,people screaming
video/zi5NCXyuLMI_000230/video.mp4,gibbon howling
video/jtRq_vXe9uQ_000246/video.mp4,lathe spinning
video/khAfL-JGSkI_000323/video.mp4,people gargling
video/_JfHPN3Xu_o_000030/video.mp4,singing bowl
video/9jVVZ1Y9Alc_000134/video.mp4,ferret dooking
video/mKVAgtsoQjA_000180/video.mp4,using sewing machines
video/Ldy55yHcRxk_000055/video.mp4,missile launch
video/HfnGMq0S-vo_000019/video.mp4,popping popcorn
video/LYjYqGEschw_000004/video.mp4,lathe spinning
video/Y2HCBtg6HQg_000142/video.mp4,playing erhu
video/FhaYvI1yrUM_000021/video.mp4,horse neighing
video/AHPRhJ4u0ss_000027/video.mp4,duck quacking
video/J4IWp4vNFnw_000100/video.mp4,slot machine
video/qXedsy6pIEg_000002/video.mp4,playing guiro
video/4QmXsg-lZQw_000165/video.mp4,car engine idling
video/LmlCcoUOaOs_000030/video.mp4,lighting firecrackers
video/DegSrwcSF3k_000030/video.mp4,horse neighing
video/3JLjivK2fLg_000490/video.mp4,playing table tennis
video/-rqhMzJRYoc_000030/video.mp4,people hiccup
video/mDtpxEQFyts_000051/video.mp4,cat caterwauling
video/D3ZsXH8yrh0_000000/video.mp4,electric grinder grinding
video/X9OCse6z94E_000000/video.mp4,writing on blackboard with chalk
video/84meJQWFquM_000084/video.mp4,parrot talking
video/PtJZP4L8vB4_000068/video.mp4,alarm clock ringing
video/xK-7W3ZPd3o_000094/video.mp4,chopping wood
video/1k0R3npPdKI_000252/video.mp4,eletric blender running
video/MInPDok3qRQ_000015/video.mp4,air horn
video/387WVkfK-5w_000057/video.mp4,cow lowing
video/BewKANkRYN8_000030/video.mp4,dog whimpering
video/QVprWKMTOz8_000030/video.mp4,people sobbing
video/33LKhqn96SY_000143/video.mp4,people battle cry
video/KkDJHfcz-K0_000000/video.mp4,"playing marimba, xylophone"
video/1W83RMliwv8_000049/video.mp4,francolin calling
video/1P9yEzO1Bic_000025/video.mp4,playing erhu
video/qCYHZCKHrdc_000233/video.mp4,footsteps on snow
video/7-z44NWB-84_000107/video.mp4,gibbon howling
video/NwjeIU2xKE8_000238/video.mp4,hammering nails
video/MhyCM-4Qy24_000205/video.mp4,bowling impact
video/OePJCEQ8soo_000161/video.mp4,smoke detector beeping
video/WmdAGcaop4Q_000028/video.mp4,skiing
video/GlnhrMSrP5c_000014/video.mp4,cat growling
video/oRLzsvwP-0I_000030/video.mp4,wind noise
video/f5s9bD_3IY4_000002/video.mp4,cow lowing
video/ZBNtUM91gcI_000155/video.mp4,people humming
video/fQRh2QW5RX8_000030/video.mp4,"bird chirping, tweeting"
video/dxvhJNXKIw0_000030/video.mp4,fire crackling
video/OwbF9baVlN4_000264/video.mp4,hammering nails
video/TxEAwc91Qos_000200/video.mp4,thunder
video/zyMH_BNFQfA_000032/video.mp4,cheetah chirrup
video/FPmtQAIfLBQ_000030/video.mp4,ocean burbling
video/pqHot_n_kB8_000150/video.mp4,"cattle, bovinae cowbell"
video/VojIJTqZM5k_000861/video.mp4,"alligators, crocodiles hissing"
video/g295Y8wuo7w_000024/video.mp4,playing trumpet
video/-Z1ZSWDouUU_000030/video.mp4,"motorboat, speedboat acceleration"
video/4XZ9Z_3BnDU_000214/video.mp4,arc welding
video/u7iUfykuaOk_000001/video.mp4,playing tuning fork
video/YbZXTk6NgTo_000030/video.mp4,"rowboat, canoe, kayak rowing"
video/Us0qIYoVRvU_000144/video.mp4,slot machine
video/Ax1rIOmzMWY_000000/video.mp4,"fly, housefly buzzing"
video/1tjJmArxVBM_000030/video.mp4,wind rustling leaves
video/1CZ-bybGzu4_000030/video.mp4,people crowd
video/8F5XEhvohvA_000021/video.mp4,sheep bleating
video/ANPjV_rudog_000030/video.mp4,skateboarding
video/AKmkhvb9shk_000000/video.mp4,baltimore oriole calling
video/4dVhbo5rq7w_000212/video.mp4,playing djembe
video/9uSTEQy8DKg_000030/video.mp4,duck quacking
video/M7kdWvNks4U_000060/video.mp4,playing clarinet
video/6FUmapkqPn0_000080/video.mp4,cat caterwauling
video/wFmekjmLAp4_000030/video.mp4,people whispering
video/IMOQv1QHxSQ_000041/video.mp4,chipmunk chirping
video/KOFUT2G63qU_000038/video.mp4,woodpecker pecking tree
video/xooxjB2CNgE_000166/video.mp4,bouncing on trampoline
video/fuHTeKmz5vw_000530/video.mp4,playing tabla
video/hyGuS5WiPk8_000060/video.mp4,playing timpani
video/fakJJOOLBhw_000140/video.mp4,elk bugling
video/7hKG33wkr0k_000080/video.mp4,playing theremin
video/KGvBATcuyLY_000010/video.mp4,wind chime
video/6xL7BK7WeMU_000001/video.mp4,wind chime
video/4fzJQ0tYOAE_000035/video.mp4,sea waves
video/9FOxcwocgJA_000540/video.mp4,"child speech, kid speaking"
video/r0sNIPmMxTY_000111/video.mp4,playing badminton
video/zAgJRZWBQI8_000050/video.mp4,child singing
video/00wORCOKNHw_000014/video.mp4,horse clip-clop
video/BxnLAGsByCI_000010/video.mp4,driving motorcycle
video/0nvBTp-q7tU_000112/video.mp4,driving snowmobile
video/u7ZjZYuYL8w_000030/video.mp4,fire crackling
video/pwKHEMzqG00_000020/video.mp4,frog croaking
video/RJtn6Td3rco_000068/video.mp4,missile launch
video/QyVrKAoUmW4_000287/video.mp4,playing hockey
video/XycngevWDfQ_000040/video.mp4,strike lighter
video/E-pIudhSCSg_000496/video.mp4,playing oboe
video/GWTZtu3NOCc_000030/video.mp4,singing choir
video/wYB9X7mykNE_000170/video.mp4,airplane
video/5fjy_2ajEkg_000030/video.mp4,fire truck siren
video/aP4t-BGt2O0_000043/video.mp4,eletric blender running
video/Jj3Ie49Mzik_000020/video.mp4,people whistling
video/LQsjgYb7i90_000068/video.mp4,sea waves
video/6J8rol0Cg3w_000006/video.mp4,wind chime
video/tLJgj3kUmPI_000112/video.mp4,dog baying
video/CKkbZCb9Y18_000030/video.mp4,chainsawing trees
video/AgtY6m-b3Gk_000030/video.mp4,playing acoustic guitar
video/TuRlMGut6iY_000564/video.mp4,swimming
video/BjhbSpnsbWc_000053/video.mp4,swimming
video/Hfa-bfdZtKI_000019/video.mp4,"motorboat, speedboat acceleration"
video/0HXYdGGKV2k_000030/video.mp4,playing banjo
video/c-8SLUH5pp4_000030/video.mp4,playing bass guitar
video/FsO5303dhUc_000041/video.mp4,sheep bleating
video/Bt_kR7u6mM4_000000/video.mp4,people farting
video/5sqCl5xhlKk_000000/video.mp4,playing steelpan
video/tvcJENqxr1c_000030/video.mp4,"playing steel guitar, slide guitar"
video/2uagA3ujRtM_000000/video.mp4,cat purring
video/E7JkJyUuujE_000307/video.mp4,people battle cry
video/BI96CRWSZd4_000374/video.mp4,ripping paper
video/-DnZ_ZY3lgA_000160/video.mp4,playing timpani
video/0QYedLfOwcI_000040/video.mp4,people farting
video/2Wk4Y3_dMuc_000440/video.mp4,opening or closing drawers
video/7spslajA0hc_000099/video.mp4,strike lighter
video/Jd9x5dQKzEM_000030/video.mp4,firing cannon
video/Gi7JTC44t18_000019/video.mp4,playing snare drum
video/3rn-tCQafl8_000030/video.mp4,dog bow-wow
video/IHSblFkJ6-Y_000039/video.mp4,cheetah chirrup
video/c6VWQGFmNUE_000030/video.mp4,thunder
video/8ZZmWTveDvU_000037/video.mp4,volcano explosion
video/qP7us0v_mAY_000040/video.mp4,people running
video/oa2hf1Qqy3A_000281/video.mp4,playing volleyball
video/SCbqy_gry8c_000240/video.mp4,cell phone buzzing
video/f9xzBsBljts_000030/video.mp4,mouse squeaking
video/UtMZGT9opoU_000265/video.mp4,people eating noodle
video/KfRnwi5tJUs_000040/video.mp4,zebra braying
video/ZJOblt2XUJI_000004/video.mp4,mosquito buzzing
video/-8pCMgGKZY8_000012/video.mp4,dog bow-wow
video/O99ncoIkg2U_000000/video.mp4,wind noise
video/g_xHi_VQRRg_000100/video.mp4,mouse pattering
video/kdanFLQ7A_s_000000/video.mp4,playing cymbal
video/-h5ZGw9Ci5c_000450/video.mp4,playing drum kit
video/Qsk2a2khvVA_000230/video.mp4,skidding
video/5jNp0IQb5QQ_000320/video.mp4,"vehicle horn, car horn, honking"
video/ZHoUO-Mpao8_000065/video.mp4,playing snare drum
video/h7Ge_EYH2Dc_000032/video.mp4,train whistling
video/3QEd9nR_p7w_000018/video.mp4,playing washboard
video/fujIcWQsUhE_000001/video.mp4,eagle screaming
video/fIvbiwYuQC0_000018/video.mp4,cuckoo bird calling
video/6a5b72cfSbk_000039/video.mp4,"pigeon, dove cooing"
video/Qe71m678qEU_000030/video.mp4,tapping guitar
video/X1aRTyM821w_000024/video.mp4,wood thrush calling
video/F3mT4K_sX5Y_000036/video.mp4,air horn
video/FWWM9d899l0_000030/video.mp4,people sniggering
video/fw5gg4WM-ko_000321/video.mp4,"playing steel guitar, slide guitar"
video/_qL20ImF8bE_000014/video.mp4,people giggling
video/6w4aTpqQRXg_000026/video.mp4,foghorn
video/AqjB8DGt85U_000034/video.mp4,cat caterwauling
video/aBohtzHbu-k_000167/video.mp4,cheetah chirrup
video/HpseKJL6jRQ_000129/video.mp4,sharpen knife
video/S7C51ZWaw6A_000034/video.mp4,airplane
video/ioKcaLG7y_A_000030/video.mp4,car engine knocking
video/7ThRRhiB4R4_000000/video.mp4,male singing
video/LvE-KeIoTC4_000085/video.mp4,tractor digging
video/raCETItMU_g_000299/video.mp4,playing bassoon
video/9aR-uBVtrVA_000010/video.mp4,lions roaring
video/soQAsg_7CYw_000000/video.mp4,people hiccup
video/O4zq35Kga1c_000170/video.mp4,baby babbling
video/qyaKDCbV0nc_000587/video.mp4,ripping paper
video/bD5MT2FoOJg_000030/video.mp4,hair dryer drying
video/Ir3oV9gxOMk_000170/video.mp4,playing bagpipes
video/LNf7s1uPB1c_000222/video.mp4,chimpanzee pant-hooting
video/lBftiRlNTYI_000363/video.mp4,alarm clock ringing
video/LHY9L1MjQvQ_000030/video.mp4,cat meowing
video/V54-dh4RQdQ_000000/video.mp4,singing bowl
video/yuQhlkeLh5U_000051/video.mp4,playing timbales
video/_BoK6vI1wWA_000035/video.mp4,air horn
video/KVqJ750fZmY_000010/video.mp4,playing gong
video/Uv8z7inZKpU_000230/video.mp4,skidding
video/Ta3F2prvIZY_000091/video.mp4,slot machine
video/Uvn7waPvseo_000030/video.mp4,typing on computer keyboard
video/Bo3Mvu8I81g_000458/video.mp4,playing bassoon
video/U2TFN0L9NgU_000310/video.mp4,opening or closing drawers
video/ey4343JKiis_000254/video.mp4,playing badminton
video/RD7ho_gPnnY_000201/video.mp4,driving snowmobile
video/ZfkO1HlI0zM_000030/video.mp4,driving motorcycle
video/3KQxT20mY-k_000030/video.mp4,goat bleating
video/3SyOlb_hSjg_000030/video.mp4,playing electric guitar
video/jzBR9ihZBbI_000140/video.mp4,playing squash
video/VB-yZzj969U_000240/video.mp4,people burping
video/fFucfdLwSPM_000010/video.mp4,people cheering
video/LjzOeolKo94_000084/video.mp4,playing volleyball
video/AMLvdc8Dbq4_000170/video.mp4,playing clarinet
video/_AUtYTaYMrE_000100/video.mp4,people sobbing
video/NFkZs_B6Cew_000006/video.mp4,people marching
video/XzFCiDLLQpE_000021/video.mp4,yodelling
video/aBdr7mO5nyw_000288/video.mp4,francolin calling
video/WaGwzEFsJLs_000246/video.mp4,eletric blender running
video/S9x1Kop188c_000253/video.mp4,electric grinder grinding
video/6wRJg4fbELE_000196/video.mp4,bull bellowing
video/3Gyi7AvDLzc_000030/video.mp4,playing banjo
video/zhOI8JLAO8Q_001073/video.mp4,swimming
video/LspJN_1R27Q_000030/video.mp4,people sneezing
video/YZRQU3bsHko_000004/video.mp4,opening or closing car doors
video/7r1ZIR38fFY_000050/video.mp4,playing french horn
video/JBCFIEjHh2o_000005/video.mp4,eletric blender running
video/IGLL0_qVomg_000013/video.mp4,sea waves
video/kpqMjTYU64g_000253/video.mp4,"fly, housefly buzzing"
video/Aq58qBpVkv8_000160/video.mp4,people shuffling
video/_qJTgi-q4s0_000030/video.mp4,printer printing
video/amniAzV2-jM_000030/video.mp4,people burping
video/Zjld_hYWTJ8_000030/video.mp4,singing choir
video/4WRgvRI06zc_000030/video.mp4,"engine accelerating, revving, vroom"
video/8RjJvfW0Q3M_000130/video.mp4,ocean burbling
video/3OlQmVVOzbQ_000250/video.mp4,"rowboat, canoe, kayak rowing"
video/fybJWy6rywA_000089/video.mp4,alarm clock ringing
video/D1eDJb5FMw0_000065/video.mp4,dog growling
video/GYXA8WsJoFw_000030/video.mp4,sliding door
video/bNsdqz8CYbs_000230/video.mp4,opening or closing drawers
video/V2XG0N1k2Po_000381/video.mp4,spraying water
video/OKJH2jdRk0E_000210/video.mp4,bouncing on trampoline
video/QTCgvm9f768_000030/video.mp4,"rowboat, canoe, kayak rowing"
video/QIuP8om7fYE_000069/video.mp4,popping popcorn
video/JcLwOkkxaXo_000095/video.mp4,coyote howling
video/6Qfh2r3VSlI_000040/video.mp4,playing clarinet
video/QxoFXPR3nOI_000086/video.mp4,footsteps on snow
video/pHV_4lmj5ck_000020/video.mp4,cell phone buzzing
video/5zBNpxyX-KI_000000/video.mp4,baby babbling
video/LG94osOX9YA_000000/video.mp4,baby babbling
video/BbLHZJoHXdU_000123/video.mp4,hedge trimmer running
video/UfJg3VBTLow_000420/video.mp4,driving buses
video/zdFS8K0fJJI_000297/video.mp4,bouncing on trampoline
video/GgI_d01sJ8I_000030/video.mp4,playing harmonica
video/Nluf6HIYXXQ_000030/video.mp4,dog howling
video/0apGJGFHQO4_000067/video.mp4,"playing violin, fiddle"
video/G5jekk6z4tQ_000045/video.mp4,opening or closing car doors
video/p1yLo4O1sK4_000026/video.mp4,pheasant crowing
video/muQm_S77_E0_000070/video.mp4,turkey gobbling
video/ErZKE4k_PKI_000090/video.mp4,horse neighing
video/QaL51pYn4uQ_000020/video.mp4,playing harp
video/ObV0Fz5rJHQ_000008/video.mp4,cuckoo bird calling
video/Weu8nsJRMqE_000030/video.mp4,playing ukulele
video/6CAeNbbyoJc_000080/video.mp4,playing synthesizer
video/Ay1cYP9Wb3s_000004/video.mp4,cat hissing
video/LdljbBlb1Vs_000010/video.mp4,people sniggering
video/bTuKGXDrqdQ_000030/video.mp4,playing didgeridoo
video/IDNjtuhsyok_000005/video.mp4,wood thrush calling
video/V3PyScAbdV0_000381/video.mp4,ripping paper
video/QZWJoKvjWgY_000048/video.mp4,cheetah chirrup
video/EkP005U571U_000000/video.mp4,"child speech, kid speaking"
video/BXoTkN2Frl4_000118/video.mp4,playing trombone
video/aJBHU0__eZI_000413/video.mp4,playing bongo
video/BsnjK6DypAg_000030/video.mp4,playing didgeridoo
video/a23NBJ73THw_000045/video.mp4,tractor digging
video/Via5YWUC1Lk_000180/video.mp4,black capped chickadee calling
video/FLfRPHFr7mY_000011/video.mp4,footsteps on snow
video/CsBwBct0_5U_000030/video.mp4,"playing steel guitar, slide guitar"
video/IID8ylEYH5o_000062/video.mp4,canary calling
video/KZdCMu_uTlI_000048/video.mp4,golf driving
video/bLeHEeicZPY_000156/video.mp4,running electric fan
video/0_9-dbUW0hU_000030/video.mp4,playing theremin
video/WLX3Db60418_000020/video.mp4,driving motorcycle
video/-Sd-j0rKeKw_000030/video.mp4,dog whimpering
video/DBW6rwVoIcQ_000056/video.mp4,"heart sounds, heartbeat"
video/bG7GnOHpnj8_000030/video.mp4,basketball bounce
video/TxELr6cZr7s_000018/video.mp4,cuckoo bird calling
video/hfIfBPkH8Fo_000300/video.mp4,waterfall burbling
video/_Zl_z4n_T9M_000471/video.mp4,playing drum kit
video/vJilhGo626U_000053/video.mp4,playing lacrosse
video/Dm8tMkoPiX0_000090/video.mp4,playing djembe
video/KBmULhoBXDY_000010/video.mp4,playing tennis
video/1Thl21awe2g_000020/video.mp4,car engine knocking
video/D1Ck6nksu8s_000030/video.mp4,playing bagpipes
video/hjRCaD9JmJY_000511/video.mp4,playing cornet
video/jwxvQraiIGs_000084/video.mp4,pheasant crowing
video/rffMu_Y9rSY_000480/video.mp4,mouse pattering
video/QYY8g4sMVWU_000030/video.mp4,basketball bounce
video/xRRtOJqB8PU_000171/video.mp4,orchestra
video/AO-plgsoaoQ_000194/video.mp4,roller coaster running
video/YUro_o-hcsY_000030/video.mp4,"bird chirping, tweeting"
video/zORO3O4k08M_000002/video.mp4,golf driving
video/tuL0hAaeb_I_000060/video.mp4,playing bass guitar
video/i5DPJogIxdE_000256/video.mp4,popping popcorn
video/INQWH7mOGeQ_000030/video.mp4,cricket chirping
video/kShykuz60oA_000036/video.mp4,police car (siren)
video/tPE0GmzqkRY_000030/video.mp4,"male speech, man speaking"
video/amKlD9GdFvM_000030/video.mp4,raining
video/PObLY87wyIU_000190/video.mp4,baby babbling
video/_NW6RuwbP1Q_000020/video.mp4,people giggling
video/oEFUBoCTThI_000002/video.mp4,bull bellowing
video/2_-SUOI680U_000130/video.mp4,playing gong
video/eskqejEOXyU_000045/video.mp4,train wheels squealing
video/QJfusheJ-uE_000055/video.mp4,playing timbales
video/SuND8p4dhos_000367/video.mp4,playing harpsichord
video/DHDn79ee98Q_000030/video.mp4,playing theremin
video/fCdjNwWJ5y4_000115/video.mp4,"playing steel guitar, slide guitar"
video/F5M_tjEX948_000000/video.mp4,playing hammond organ
video/HIcEcJ7R1Qg_000160/video.mp4,strike lighter
video/bHmbZDvqpyo_000020/video.mp4,people babbling
video/MyUItl-2v0U_000050/video.mp4,waterfall burbling
video/i-ywi0EpUtE_000001/video.mp4,gibbon howling
video/mU3BktTVq9Q_000220/video.mp4,playing saxophone
video/WGn2wGR20BQ_000040/video.mp4,child singing
video/Hjj6LamDw20_000030/video.mp4,"motorboat, speedboat acceleration"
video/Y6w2drYRvg8_000054/video.mp4,shot football
video/V5dlaF4rqrA_000060/video.mp4,fireworks banging
video/IG5-s_G2csM_000030/video.mp4,playing electronic organ
video/BEGgDbKEXMw_000028/video.mp4,coyote howling
video/kwPl5Nrc1zs_000212/video.mp4,cutting hair with electric trimmers
video/Rd_14Gr4acw_000102/video.mp4,dog baying
video/I-Lr26bQ7nI_000448/video.mp4,"ice cream truck, ice cream van"
video/jpHrNr6bDmU_000230/video.mp4,playing electronic organ
video/_22gJ5kB31k_000030/video.mp4,people burping
video/tlFgdrl3NQA_000065/video.mp4,turkey gobbling
video/i2bo1Epmgls_000253/video.mp4,firing muskets
video/yFV4SbZv10s_000072/video.mp4,otter growling
video/b3Dy4bghasU_000150/video.mp4,people sobbing
video/6ySJtrDjp8w_000030/video.mp4,people crowd
video/_HEzeeRT5_0_000040/video.mp4,basketball bounce
video/uercY3R8Tjc_000361/video.mp4,people eating apple
video/bsHlyV39TG4_000000/video.mp4,basketball bounce
video/lX7W1jwY6-8_000658/video.mp4,slot machine
video/7M1kEj6HebM_000395/video.mp4,people slurping
video/ijTDR6YQ9V4_000030/video.mp4,people burping
video/Ey7CIPAeqsY_000030/video.mp4,dog barking
video/PtXXQg3DpcI_000264/video.mp4,playing cornet
video/RSPZSkLWsH4_000079/video.mp4,sheep bleating
video/00KM53yZi2A_000030/video.mp4,printer printing
video/YvxuyNi_wJM_000001/video.mp4,volcano explosion
video/GIQPZ8xVEXU_000024/video.mp4,hail
video/WFgIargH3-4_000039/video.mp4,dog baying
video/-aUJLRXkj-Y_000118/video.mp4,children shouting
video/PL9BvKpDa4Y_000014/video.mp4,playing tambourine
video/S0pMBvbIKRU_000030/video.mp4,playing zither
video/eTQJQIujf4g_000114/video.mp4,air horn
video/iW8es1xXsG4_000225/video.mp4,people marching
video/Kt_KpRjgQfg_000230/video.mp4,skidding
video/Hpqueb0nov4_000141/video.mp4,firing muskets
video/xYFJmxNwcCw_000003/video.mp4,civil defense siren
video/4MhGEzpMaxU_000030/video.mp4,people crowd
video/OV8eysG8KEk_000001/video.mp4,cat meowing
video/LvHVrKhkKBE_000420/video.mp4,raining
video/oNj-Q5gtYz4_000030/video.mp4,typing on computer keyboard
video/17cwMjZ3MZs_000113/video.mp4,air conditioning noise
video/AABgGgkXH94_000030/video.mp4,"female speech, woman speaking"
video/F6oEu35qy_A_000025/video.mp4,fire truck siren
video/-spqqACI6UQ_000070/video.mp4,skateboarding
video/HKkTmjvMq38_000143/video.mp4,people sniggering
video/7UoFNdp0UYg_000020/video.mp4,lighting firecrackers
video/culudqMRJM4_000503/video.mp4,people eating crisps
video/dfYYRopvVx0_000030/video.mp4,"female speech, woman speaking"
video/K0nW8q0RzTU_000030/video.mp4,opening or closing drawers
video/j4QXK7I4kfk_000030/video.mp4,cat meowing
video/rf8nGoe0u2M_000043/video.mp4,footsteps on snow
video/uCWzv5Ss-B0_000030/video.mp4,playing harpsichord
video/qhyrLOJ7LcQ_000440/video.mp4,fire truck siren
video/qwI32Si0ipE_000030/video.mp4,people clapping
video/rssAK31eM6I_000098/video.mp4,forging swords
video/3zQPWg-F8Xk_000030/video.mp4,male singing
video/I3gYd_mSx18_000062/video.mp4,cutting hair with electric trimmers
video/SB1dEgUQh3w_000168/video.mp4,electric grinder grinding
video/1iP-Y7FDMys_000070/video.mp4,lathe spinning
video/amHGECYhLoY_000055/video.mp4,"electric shaver, electric razor shaving"
video/rHu3VN5Jq_8_000060/video.mp4,waterfall burbling
video/mCDlfWV3vzY_000240/video.mp4,playing timpani
video/NXWZm-WE3w0_000060/video.mp4,mosquito buzzing
video/WxFEd6umyB0_000001/video.mp4,snake hissing
video/Rv99VXUmaIc_000000/video.mp4,spraying water
video/B-T-SjROHwQ_000009/video.mp4,people slapping
video/_BJ3x6LqnYg_000073/video.mp4,bowling impact
video/Pz8w3ZDCD3w_000030/video.mp4,turkey gobbling
video/o1K1Bpk08ig_000020/video.mp4,car engine knocking
video/LnKNEwJ8LHg_000002/video.mp4,golf driving
video/lNEMzNU9Unc_000080/video.mp4,wood thrush calling
video/bzRimnuUqVc_000017/video.mp4,"ice cream truck, ice cream van"
video/9Y1bZa7Arj8_000000/video.mp4,bowling impact
video/Cgb7x_fbmHk_000014/video.mp4,scuba diving
video/u1J8YFkRSEs_000145/video.mp4,blowtorch igniting
video/F2a-LMXUKcY_000032/video.mp4,mouse clicking
video/sbkfFiRlJXc_000021/video.mp4,owl hooting
video/lSr8MKcWTdo_000130/video.mp4,cap gun shooting
video/mTM0WQRcfNU_000050/video.mp4,machine gun shooting
video/__p-iA312kg_000070/video.mp4,dog growling
video/SZGBlB8DlYM_000016/video.mp4,roller coaster running
video/qoAgI0zz8qI_000030/video.mp4,duck quacking
video/A68tYY9AA9Q_000030/video.mp4,helicopter
video/fTGzxGJUcfw_000025/video.mp4,chipmunk chirping
video/GX78OoBoroQ_000001/video.mp4,people crowd
video/U7WkuGO-lps_000020/video.mp4,toilet flushing
video/mDovspDoLAE_000030/video.mp4,sliding door
video/381IrDcy1S8_000080/video.mp4,"cattle, bovinae cowbell"
video/cy8lehO7nqg_000030/video.mp4,mouse squeaking
video/ZnZtPgz8Sfw_000030/video.mp4,playing zither
video/KTHsyIQI2L0_000200/video.mp4,dog growling
video/kYV-JxDfdYM_000080/video.mp4,playing piano
video/Xr_wJ4xCnUA_000198/video.mp4,francolin calling
video/DYQ9vEEw9_s_000077/video.mp4,bowling impact
video/UWpt-VrUroI_000000/video.mp4,ice cracking
video/Arah6WF7OPM_000026/video.mp4,playing erhu
video/RtjWfV8ZZcc_000312/video.mp4,firing muskets
video/GmIZBYNqyT0_000010/video.mp4,eagle screaming
video/J_5UGUOiu3c_000000/video.mp4,elephant trumpeting
video/ds-nE2iRIRw_000106/video.mp4,swimming
video/fLMDVMm1uV8_000170/video.mp4,"bird chirping, tweeting"
video/E8SPrMj1cto_000030/video.mp4,baby crying
video/gX-HTzpXCkU_000178/video.mp4,chopping wood
video/q221aOp6MDo_000022/video.mp4,telephone bell ringing
video/AcYJvz2tqkA_000050/video.mp4,playing harp
video/ljQ1uYYhtxM_000164/video.mp4,telephone bell ringing
video/F-yyHi8weHk_000030/video.mp4,people running
video/x9MU-enAr8A_000257/video.mp4,alarm clock ringing
video/pWked2HMtkY_000027/video.mp4,dog howling
video/cbieKCgNvvU_000200/video.mp4,playing flute
video/7FBIBPKPzAA_000035/video.mp4,air conditioning noise
video/eJsVdyNPVh0_000500/video.mp4,raining
video/m-XV3AbXE3o_000000/video.mp4,thunder
video/n156ypVdysY_000449/video.mp4,golf driving
video/43R5uK6JJoA_000030/video.mp4,wind rustling leaves
video/pJpAIDrXzJY_000120/video.mp4,"bee, wasp, etc. buzzing"
video/4IZKViDklnM_000030/video.mp4,wind rustling leaves
video/nSBDyxxscks_000220/video.mp4,"female speech, woman speaking"
video/0jy-sVREk4o_000030/video.mp4,horse clip-clop
video/LdeIAOUu15M_000091/video.mp4,striking bowling
video/aKiYt30HO0k_000004/video.mp4,pheasant crowing
video/T0DQyRrjewU_000003/video.mp4,chicken clucking
video/ZHksjiNWM-0_000030/video.mp4,lighting firecrackers
video/8AYXpxT4jcs_000090/video.mp4,baby babbling
video/nvIIa2B7P_0_000440/video.mp4,"bee, wasp, etc. buzzing"
video/MjTuAV036yY_000080/video.mp4,thunder
video/fe3dZmkaq0Q_000070/video.mp4,tap dancing
video/h5gvpYSIifs_000080/video.mp4,"playing marimba, xylophone"
video/4G92jhdrbhs_000030/video.mp4,"engine accelerating, revving, vroom"
video/HeSsGP8y2AM_000141/video.mp4,civil defense siren
video/MTkvHwqj9v4_000161/video.mp4,wind noise
video/Mo0WiG_6T80_000011/video.mp4,playing gong
video/XIdfyskZjj0_000003/video.mp4,train whistling
video/kQ_5qrWH7v4_000338/video.mp4,airplane flyby
video/U24BkLFGDtg_000490/video.mp4,"bee, wasp, etc. buzzing"
video/JurvV_uIqjA_000026/video.mp4,lip smacking
video/IixugYA0nKg_000135/video.mp4,people marching
video/VV_-L-GMh8g_000230/video.mp4,bird squawking
video/_-UGWlp0IG0_000150/video.mp4,people whistling
video/YVWCiLMmIaw_000683/video.mp4,"race car, auto racing"
video/GjqHhBTAO0U_000030/video.mp4,playing electronic organ
video/GmCCNlPZIQU_000050/video.mp4,playing bagpipes
video/qV-1zIzfDS4_000017/video.mp4,underwater bubbling
video/Qlov2pGggJ0_000101/video.mp4,tractor digging
video/ortMPr9w06U_000021/video.mp4,"donkey, ass braying"
video/5bU5bCN2y54_000046/video.mp4,cell phone buzzing
video/qUF8raImRZM_000440/video.mp4,baby babbling
video/I5_9FYVk6cQ_000096/video.mp4,people nose blowing
video/aaA_khSU0BE_000003/video.mp4,zebra braying
video/xnA7O5ESAbY_000030/video.mp4,"playing violin, fiddle"
video/nU7x170OvJ4_000030/video.mp4,"playing steel guitar, slide guitar"
video/uz-_ROIn0bM_000035/video.mp4,blowtorch igniting
video/i6G_2fsacJc_000062/video.mp4,warbler chirping
video/6fk7dtIgSpk_000040/video.mp4,mosquito buzzing
video/zey5f-NjbtE_000201/video.mp4,people giggling
video/DeiK0fdPv8Y_000008/video.mp4,people booing
video/O3ulYoQ5EiY_000030/video.mp4,playing sitar
video/-UKH_6moRZc_000180/video.mp4,opening or closing drawers
video/gA_MFQncHyc_000012/video.mp4,sheep bleating
video/Pkm7v1pHu6Y_000030/video.mp4,"engine accelerating, revving, vroom"
video/uEtmoOj6wHY_000086/video.mp4,sea lion barking
video/dEsYWbxla08_000030/video.mp4,people whispering
video/xc0092TjO14_000063/video.mp4,zebra braying
video/Lvv2W9sKXJc_000122/video.mp4,tap dancing
video/GzPqONtFJXA_000060/video.mp4,lions roaring
video/BWlYf-hKucs_000083/video.mp4,people gargling
video/QayWG1ZPKGE_000012/video.mp4,gibbon howling
video/qOeghW4g5pk_000087/video.mp4,black capped chickadee calling
video/XyIAPpcvVro_000000/video.mp4,people sneezing
video/49nqh7uI9fw_000030/video.mp4,baby babbling
video/BKgwRJP-wDI_000010/video.mp4,wind rustling leaves
video/4Mj0Eu8AThg_000002/video.mp4,hedge trimmer running
video/T4aReg7Awxo_000040/video.mp4,playing clarinet
video/GUJCLsTnqTA_000174/video.mp4,telephone bell ringing
video/Y8JWmw7VjtI_000317/video.mp4,people slurping
video/Klg9f9U3kDQ_000552/video.mp4,whale calling
video/fuKUA573aPQ_000040/video.mp4,chicken crowing
video/Xgq-pbUmEVM_000026/video.mp4,ferret dooking
video/smJRVhMRxIQ_000007/video.mp4,chinchilla barking
video/WftXzNONXZo_000169/video.mp4,baltimore oriole calling
video/wNG49_jvQto_000030/video.mp4,people sniggering
video/BZU01hhyVKs_000480/video.mp4,people coughing
video/QVpsAY9oR_4_000190/video.mp4,playing steelpan
video/cVwrv5-V1gs_000016/video.mp4,playing trombone
video/tjqqCEt7A8c_000224/video.mp4,people humming
video/fuwbfvaUMAw_000211/video.mp4,playing badminton
video/-M6K3QoHh40_000030/video.mp4,people shuffling
video/tK_LmidEivQ_000212/video.mp4,police radio chatter
video/4kXW4Vds4xg_000030/video.mp4,people clapping
video/9-8P2AsfmzU_000030/video.mp4,car passing by
video/n-tBbgUkFxo_000021/video.mp4,woodpecker pecking tree
video/3VfSV1vJydw_000191/video.mp4,playing mandolin
video/MUJmWnjGEBk_000000/video.mp4,dog howling
video/kLsZZrklCGw_000027/video.mp4,mouse clicking
video/jgsr6_SIPUw_000031/video.mp4,bowling impact
video/AzcRIvaea7o_000030/video.mp4,waterfall burbling
video/FwnRxfcUHIE_000029/video.mp4,chopping food
video/il1Jf4JAysQ_000029/video.mp4,"heart sounds, heartbeat"
video/4rk6hCR_PVk_000123/video.mp4,"ice cream truck, ice cream van"
video/kTu8XtF-gzc_000057/video.mp4,rope skipping
video/caYu_xoFeF4_000040/video.mp4,playing tabla
video/3JYjNHFJfO4_000363/video.mp4,baby laughter
video/ePS2u0DXIMA_000010/video.mp4,playing zither
video/RFbWkL818XQ_000030/video.mp4,playing banjo
video/2INpPpv4NRg_000560/video.mp4,using sewing machines
video/ol06eXPnh2Q_000025/video.mp4,air conditioning noise
video/EUXUKCqUKyo_000005/video.mp4,playing shofar
video/d7-vdIhBo6c_000011/video.mp4,volcano explosion
video/s4PCAzr_fdY_000286/video.mp4,golf driving
video/Gp8F6AaP1OM_000053/video.mp4,children shouting
video/Ggh5JPnDPNw_000070/video.mp4,playing double bass
video/hzcbx3uU3SI_000073/video.mp4,people hiccup
video/OkAT5LKBbIE_000190/video.mp4,dog bow-wow
video/rsOO65qFPv8_000380/video.mp4,people eating noodle
video/2G4lyzAZ1vk_000030/video.mp4,female singing
video/Yn2KgQjK5R4_000200/video.mp4,toilet flushing
video/m6zxg9yBcRE_000013/video.mp4,zebra braying
video/O-VVb8Ag49g_000040/video.mp4,ocean burbling
video/JJYrTD7P1Ys_000183/video.mp4,people nose blowing
video/gUNC_cONok8_000060/video.mp4,"electric shaver, electric razor shaving"
video/AMxnCzC33lo_000070/video.mp4,turkey gobbling
video/D7z57SPBpaU_000044/video.mp4,volcano explosion
video/ZmCFKnBaTBw_000130/video.mp4,wind noise
video/_xOa-Sw2UeY_000397/video.mp4,ripping paper
video/p_dE26TA8ig_000030/video.mp4,playing ukulele
video/CgzmlbU6hsk_000030/video.mp4,playing banjo
video/DAbcAA6XbfE_000117/video.mp4,playing lacrosse
video/kYs6dijZaY8_000108/video.mp4,magpie calling
video/GxnUY0u8fY8_000030/video.mp4,sailing
video/yfcMvoqT0iM_000073/video.mp4,air conditioning noise
video/yc4mmvlO39M_000030/video.mp4,people sniggering
video/UUoEKp0yqLY_000120/video.mp4,"bee, wasp, etc. buzzing"
video/y3kw_CanxUk_000169/video.mp4,"race car, auto racing"
video/qPLJ0Gbu5D8_000013/video.mp4,fox barking
video/korCJgM6ex4_000054/video.mp4,cuckoo bird calling
video/q1SftfE_LF4_000028/video.mp4,playing castanets
video/bOtUES6eNxs_000010/video.mp4,machine gun shooting
video/qYKjgznlWUk_000278/video.mp4,chimpanzee pant-hooting
video/G880gxjj9dI_000030/video.mp4,dog whimpering
video/TeweFm49s4M_000090/video.mp4,opening or closing drawers
video/8EYWMAUKRHU_000100/video.mp4,typing on typewriter
video/IHlgJYdUxKo_000030/video.mp4,crow cawing
video/bOOJRGRy0zc_000030/video.mp4,rapping
video/Y9pGt8ax3PA_000010/video.mp4,sharpen knife
video/pNIN0FTNHTk_000190/video.mp4,sloshing water
video/2ZNKLUHeJtg_000030/video.mp4,playing cello
video/zG2xJ0Q5QtI_000090/video.mp4,playing snare drum
video/MDotfX0EyFg_000110/video.mp4,"railroad car, train wagon"
video/GWlU-skSlAg_000100/video.mp4,black capped chickadee calling
video/4PYTtp78Ig0_000060/video.mp4,people screaming
video/-HAoExLVs6Q_000380/video.mp4,"railroad car, train wagon"
video/gflvYpShFzo_000001/video.mp4,playing tuning fork
video/CljO1-A89-g_000030/video.mp4,people crowd
video/Coxhwm4cDIQ_000494/video.mp4,bouncing on trampoline
video/78N2SP6JFaI_000000/video.mp4,playing trombone
video/bGlg8keKV_k_000002/video.mp4,telephone bell ringing
video/DvAImxOHY0g_000006/video.mp4,"heart sounds, heartbeat"
video/1o_gJNHZBZs_000110/video.mp4,footsteps on snow
video/euXI2Bdq52g_000192/video.mp4,sailing
video/MKocTMZZnTs_000040/video.mp4,"male speech, man speaking"
video/5bHACxteut8_000259/video.mp4,eletric blender running
video/HgJaV3YXwnM_000030/video.mp4,playing harp
video/JXmpEFLhr9E_000030/video.mp4,fireworks banging
video/OPHQZIBdXo8_000023/video.mp4,people whistling
video/_3t8P1eqyvo_000030/video.mp4,playing bagpipes
video/px6RnApJYgk_000040/video.mp4,bird wings flapping
video/ztTsKk1Fxgg_000041/video.mp4,skiing
video/o_ruuyYruBU_000127/video.mp4,sailing
video/e7Awkja4J04_000120/video.mp4,lions roaring
video/8je0jX-O_Eg_000040/video.mp4,cupboard opening or closing
video/3Liy9uBgsQM_000060/video.mp4,people coughing
video/lqCx0HgF1ZM_000030/video.mp4,playing ukulele
video/A4P0IgZQf90_000136/video.mp4,people slurping
video/KkWAE8JyDgY_000042/video.mp4,elk bugling
video/6DwlcJyDyxc_000290/video.mp4,playing drum kit
video/4M-KQ67k3uQ_000011/video.mp4,"vehicle horn, car horn, honking"
video/0KAeUAAoVnY_000186/video.mp4,firing muskets
video/kLtAyepYMZ4_000010/video.mp4,waterfall burbling
video/5MMIZJ0zCZk_000030/video.mp4,goat bleating
video/C0p_h5307Mg_000000/video.mp4,car engine knocking
video/VSxoWInFsIA_000030/video.mp4,mouse squeaking
video/DkhdvvtvwTE_000020/video.mp4,owl hooting
video/n-eMAdCZnNI_000030/video.mp4,sloshing water
video/mpXv8WKFHRc_000435/video.mp4,strike lighter
video/RF8fPkV9HNc_000010/video.mp4,people screaming
video/2jpLS2TQjlI_000000/video.mp4,people whistling
video/MasEB_CwVoI_000175/video.mp4,car engine idling
video/253aGgk7NSE_000010/video.mp4,playing bugle
video/B8prYj0sbgw_000000/video.mp4,air horn
video/W8XlZWqklbY_000200/video.mp4,raining
video/vnvMxxgYlgo_000200/video.mp4,playing piano
video/b2yU1j1P7n4_000058/video.mp4,beat boxing
video/0ut4if4B6zM_000056/video.mp4,plastic bottle crushing
video/djJ4ETLTBWE_000090/video.mp4,wood thrush calling
video/8ewn7JCJbEM_000030/video.mp4,cat meowing
video/mFI667MN3NY_000030/video.mp4,mouse pattering
video/znKsInR4DN0_000183/video.mp4,playing djembe
video/DSnhM5tKZSQ_000000/video.mp4,"donkey, ass braying"
video/WEybCL_yQ8k_000138/video.mp4,playing tympani
video/Jcz09Kj0nAY_000490/video.mp4,typing on computer keyboard
video/N0eKjpEcyH4_000000/video.mp4,playing castanets
video/AR6GMOzCjRE_000190/video.mp4,orchestra
video/dEuEtrdRX9o_000030/video.mp4,playing zither
video/1MgcrYdYas0_000030/video.mp4,chainsawing trees
video/eu_Ehoag0Vg_000244/video.mp4,people booing
video/kUR6_bQLU-E_000154/video.mp4,plastic bottle crushing
video/VR3BEMxNhz8_000030/video.mp4,fire crackling
video/l1NjISbLXY8_000017/video.mp4,playing squash
video/DaiRHQA9CW0_000030/video.mp4,lawn mowing
video/Ih3hZZRw9Fg_000146/video.mp4,bathroom ventilation fan running
video/gRDt262JpQQ_000080/video.mp4,car engine knocking
video/j5SIt_cHb38_000060/video.mp4,playing french horn
video/R3ykwo65XIQ_000560/video.mp4,lip smacking
video/BXfE7YV-KrY_000030/video.mp4,fireworks banging
video/oVd-PG3vmQo_000013/video.mp4,car passing by
video/y4T4YGZKamk_000240/video.mp4,telephone bell ringing
video/0E6KS8B6DMc_000540/video.mp4,playing bass drum
video/_0m_YMpQayA_000168/video.mp4,playing tennis
video/cIjZv7BPYew_000009/video.mp4,skiing
video/iG0P6bjyUNI_000070/video.mp4,playing cymbal
video/Fr6WH57YHxM_000070/video.mp4,mouse pattering
video/9Ijpv6e57a4_000030/video.mp4,skateboarding
video/0OH28bnOdEE_000058/video.mp4,people gargling
video/eVhGXZQx-t8_000036/video.mp4,elephant trumpeting
video/KWCQUZQ9D-Q_000030/video.mp4,"child speech, kid speaking"
video/1z96Z0DSNlM_000004/video.mp4,people nose blowing
video/TGJje4EKoKM_000030/video.mp4,female singing
video/naR97KBQ4y0_000030/video.mp4,goat bleating
video/-YfaQljuwwA_000030/video.mp4,horse clip-clop
video/BWD6kurQFNg_000030/video.mp4,playing accordion
video/PE4du0Qz_EI_000030/video.mp4,opening or closing drawers
video/kYXS4eqiMyA_000507/video.mp4,train whistling
video/AKjcrEsYykE_000340/video.mp4,vacuum cleaner cleaning floors
video/K3dENGPyIqc_000050/video.mp4,playing hammond organ
video/xC01ty1ngVQ_000002/video.mp4,alarm clock ringing
video/Ta6H02Kf6ws_000150/video.mp4,driving buses
video/WLPj0LIokkM_000020/video.mp4,chainsawing trees
video/DA2QCyip6mY_000618/video.mp4,forging swords
video/MfX7Q0ucts8_000030/video.mp4,playing bass guitar
video/kwsgIBkX-3k_000300/video.mp4,waterfall burbling
video/2D7jgszuoKA_000512/video.mp4,otter growling
video/JnXpTkm3nlc_000006/video.mp4,cat purring
video/Ydz4uQX5_ow_000023/video.mp4,people booing
video/td_zqOBT6ac_000079/video.mp4,zebra braying
video/RJSOdjarLtk_000044/video.mp4,airplane
video/Z7yFCSsIm8w_000070/video.mp4,stream burbling
video/PovPsoVl7hw_000006/video.mp4,fox barking
video/O30HsIQEeXc_000270/video.mp4,hair dryer drying
video/w_z9oSn-eIM_000280/video.mp4,playing piano
video/1veIcvGPRYw_000003/video.mp4,dog bow-wow
video/OCTGiPOygds_000030/video.mp4,people clapping
video/60AkV1YbZlU_000006/video.mp4,smoke detector beeping
video/PaZ4aVEsPsE_000019/video.mp4,"playing violin, fiddle"
video/T-SCw4PMUYI_000490/video.mp4,playing harmonica
video/mVUNo3EwTYo_000188/video.mp4,people slapping
video/4E5pTaX0G5M_000372/video.mp4,playing darts
video/UKgZCUgOSfo_000062/video.mp4,warbler chirping
video/JXZuAd9Lgew_000020/video.mp4,dog bow-wow
video/M2ItM1UNiyU_000325/video.mp4,hedge trimmer running
video/fXGErRbyv6M_000079/video.mp4,"playing steel guitar, slide guitar"
video/I9DXY3uVflY_000119/video.mp4,opening or closing car doors
video/kuNDPraGm58_000004/video.mp4,footsteps on snow
video/U9oonzVSTtY_000056/video.mp4,gibbon howling
video/yosIoc4WCsM_000031/video.mp4,"donkey, ass braying"
video/3T7FYQRx0YM_000054/video.mp4,"donkey, ass braying"
video/1ZwVoNUvaAE_000000/video.mp4,playing snare drum
video/XzqUa_35-xs_000002/video.mp4,pheasant crowing
video/fIer0uCLqSM_000030/video.mp4,people coughing
video/zSMmaftkVX8_000380/video.mp4,baby babbling
video/1JY4rwQZn3s_000011/video.mp4,"donkey, ass braying"
video/E6_602iIrgY_000561/video.mp4,forging swords
video/GxTD3hqJoM0_000146/video.mp4,writing on blackboard with chalk
video/5DjZHCumLfs_000011/video.mp4,reversing beeps
video/lwTJnSlhz-Q_000417/video.mp4,popping popcorn
video/XQbgV10IpoM_000170/video.mp4,playing accordion
video/_YvpqyURFTM_000023/video.mp4,zebra braying
video/YBd5lEnpT_8_000000/video.mp4,cheetah chirrup
video/Qg0JO6CT8Ik_000127/video.mp4,chopping wood
video/SAcpESN_Fk4_000089/video.mp4,female singing
video/GC1ajVlK-ek_000050/video.mp4,"railroad car, train wagon"
video/Jre2f0ixPnU_000027/video.mp4,playing zither
video/s_8Mu0lIyFg_000104/video.mp4,striking pool
video/8B3FjLzkdPA_000020/video.mp4,playing clarinet
video/um-biLfru-c_000040/video.mp4,lathe spinning
video/3zcm-TZ5s1Y_000377/video.mp4,metronome
video/SSor5MN-QJM_000056/video.mp4,barn swallow calling
video/ncJgdczUs_8_000000/video.mp4,bird squawking
video/eW0xSVw2gXc_000290/video.mp4,playing gong
video/9jrTswHdg4I_000290/video.mp4,hair dryer drying
video/rR39rDVGPXk_000166/video.mp4,ice cracking
video/RjzKZrdgmlA_000030/video.mp4,"motorboat, speedboat acceleration"
video/ECVzhzOC5Q0_000030/video.mp4,chicken clucking
video/ZtxAGRDyw-I_000060/video.mp4,ambulance siren
video/lpkrkwIVJLc_000053/video.mp4,plastic bottle crushing
video/5gFmWJBNd9o_000560/video.mp4,pumping water
video/xHPKvUzFmrA_000092/video.mp4,snake rattling
video/zwBmiXviAAM_000202/video.mp4,missile launch
video/Js0qEfM_bpE_000134/video.mp4,chopping wood
video/XJzWnBLIXQk_000099/video.mp4,popping popcorn
video/e53eD7dpQi0_000030/video.mp4,mouse squeaking
video/yzvEwiMw7Hk_000135/video.mp4,playing erhu
video/xBa0uehB4H8_000000/video.mp4,hammering nails
video/bJwLvaMole4_000061/video.mp4,people giggling
video/HCnJrkCqimQ_000000/video.mp4,people slapping
video/V88sUJKgOsk_000034/video.mp4,missile launch
video/0q6GOUn_dhU_000066/video.mp4,playing castanets
video/nsgI3a1ZodQ_000014/video.mp4,playing hockey
video/JQwirnKysXI_000030/video.mp4,dog barking
video/MaEBVhSzJCg_000003/video.mp4,opening or closing car electric windows
video/EhhmtF1viOo_000076/video.mp4,skiing
video/D30UC-C-lIs_000029/video.mp4,blowtorch igniting
video/I9auMdqQlmY_000030/video.mp4,typing on computer keyboard
video/bGiOkcjz3oA_000012/video.mp4,eagle screaming
video/CEzyxkUbG9A_000030/video.mp4,basketball bounce
video/8u61Rjy5IJM_000004/video.mp4,lip smacking
video/QJAlLhhyawA_000070/video.mp4,"donkey, ass braying"
video/5JHMkSN2rdc_000089/video.mp4,black capped chickadee calling
video/TipVfZMxZbk_000010/video.mp4,playing saxophone
video/r93h4dD3XRU_000020/video.mp4,civil defense siren
video/2T8OhRXZDTs_000030/video.mp4,playing zither
video/BcDXW4fKExE_000086/video.mp4,dog baying
video/tFnfJ5XKIrI_000027/video.mp4,people slapping
video/zL1shfumYZI_000000/video.mp4,snake hissing
video/vn_LymlQAnc_000440/video.mp4,cap gun shooting
video/9ZClVJ2V7bA_000022/video.mp4,telephone bell ringing
video/RgvTdT46MXs_000200/video.mp4,playing harp
video/HOTIBJemUB8_000087/video.mp4,playing bongo
video/fp86HeXZCdo_000068/video.mp4,fox barking
video/vsmkIaKIbNI_000643/video.mp4,ripping paper
video/7uErtxgLWg4_000020/video.mp4,people whistling
video/O84iR7J3oBU_000095/video.mp4,cell phone buzzing
video/H3vSRzkG82U_000030/video.mp4,people screaming
video/eVh-XXe3HRY_000020/video.mp4,lions roaring
video/EyAkVnhBJuU_000030/video.mp4,horse clip-clop
video/qpL6C0YZUYc_000000/video.mp4,playing zither
video/Sirb4ruDmVA_000386/video.mp4,metronome
video/1yxij2nsbZw_000000/video.mp4,air conditioning noise
video/2zec0wuZgLE_000500/video.mp4,opening or closing drawers
video/5JaMY3ZmbXM_000188/video.mp4,tractor digging
video/lwdbb4Rc7_A_000030/video.mp4,bird wings flapping
video/3KbSLoAAzy0_000069/video.mp4,playing guiro
video/PjhKFnOvJII_000030/video.mp4,printer printing
video/B6V6cA5p08M_000083/video.mp4,people belly laughing
video/HIT2YWOALto_000002/video.mp4,dinosaurs bellowing
video/yO8Jl8Jbdik_000005/video.mp4,blowtorch igniting
video/GMKY1SWCmIQ_000055/video.mp4,eletric blender running
video/MG3tQi9ed3A_000079/video.mp4,running electric fan
video/rrWsWt-rDrQ_000100/video.mp4,playing trombone
video/HLncJNvEBH8_000030/video.mp4,wind rustling leaves
video/7S_0fblbIOs_000001/video.mp4,playing washboard
video/aDsnFA2GDQw_000043/video.mp4,playing cornet
video/vzY4mHyr-F8_000214/video.mp4,people humming
video/c4r8Kd6Q1n8_000008/video.mp4,airplane flyby
video/mcDE08Bi64k_000030/video.mp4,playing french horn
video/nqgT85S5Rno_000110/video.mp4,playing double bass
video/S0tXw0I2l8M_000286/video.mp4,swimming
video/rqNRRqAjk6g_000533/video.mp4,lathe spinning
video/ST06L3u-WOo_000240/video.mp4,cricket chirping
video/IblhEF_MiH8_000400/video.mp4,"race car, auto racing"
video/quNBwLp5LE4_000078/video.mp4,chopping wood
video/WohJxQ1ll6w_000052/video.mp4,playing tambourine
video/zZnDRrwcbTE_000021/video.mp4,mosquito buzzing
video/GU782ddSBvk_000390/video.mp4,playing timpani
video/A6p86Kp6tDE_000030/video.mp4,raining
video/2uZt59va3Ss_000050/video.mp4,"subway, metro, underground"
video/0eZHWqzsRqU_000005/video.mp4,elk bugling
video/z8X-Xb03RIc_000003/video.mp4,telephone bell ringing
video/mGKX6kwKvSE_000340/video.mp4,eating with cutlery
video/igPiKZUKwVA_000160/video.mp4,"playing marimba, xylophone"
video/MHfusgSoXiw_000010/video.mp4,playing timpani
video/lfQyTxvpKRk_000030/video.mp4,fire crackling
video/SUclDZHax0w_000120/video.mp4,playing vibraphone
video/8Lo8sTCdz-w_000113/video.mp4,rope skipping
video/UBzbRcWlsKI_000747/video.mp4,cow lowing
video/NXEDGkvzFHg_000028/video.mp4,eagle screaming
video/Vw-veOw_YJg_000040/video.mp4,ocean burbling
video/l7Wo_s7HFIY_000190/video.mp4,ambulance siren
video/dzw5qQo-i4Y_000000/video.mp4,pumping water
video/tnepPZChA5U_000219/video.mp4,"playing violin, fiddle"
video/K_UpUg4-MGw_000001/video.mp4,scuba diving
video/xZjbiCtvuNU_000896/video.mp4,bathroom ventilation fan running
video/EoSrrPIaoMM_000250/video.mp4,mouse pattering
video/EzEz08vL8Po_000030/video.mp4,"playing marimba, xylophone"
video/uXVa0VyKdm0_000024/video.mp4,firing cannon
video/y8Wfo63JFrI_000000/video.mp4,"heart sounds, heartbeat"
video/sKglR9n1aFg_000030/video.mp4,people clapping
video/RTDr2L_OT0M_000030/video.mp4,printer printing
video/rcaxwyTo-E4_000150/video.mp4,dog growling
video/RjW-A2yB9pY_000027/video.mp4,missile launch
video/cmB8l4mQ1XQ_000030/video.mp4,playing accordion
video/Y6lUctPmnoc_000007/video.mp4,"donkey, ass braying"
video/7PK3nvCihMk_000011/video.mp4,bull bellowing
video/Bf2m1sXaXk4_000010/video.mp4,"railroad car, train wagon"
video/-6u76q0L5o8_000067/video.mp4,civil defense siren
video/Ml-jhHJA7s0_000180/video.mp4,playing zither
video/ktXc8h6LfvY_000030/video.mp4,rapping
video/ObhHyU04C40_000197/video.mp4,people slurping
video/n7-lKjrJFA0_000088/video.mp4,telephone bell ringing
video/9W4cZpE6tH8_000037/video.mp4,forging swords
video/DpiGR6_i4Js_000030/video.mp4,"female speech, woman speaking"
video/695GiTHasWE_000066/video.mp4,bathroom ventilation fan running
video/KpzZokdRUuY_000040/video.mp4,people eating crisps
video/ARfWAetq5XE_000010/video.mp4,people finger snapping
video/S6Y0ppbB65E_000000/video.mp4,people cheering
video/2qAlWm3NES8_000034/video.mp4,tap dancing
video/WkavReH4LE0_000020/video.mp4,frog croaking
video/Kvpav8cFKhM_000120/video.mp4,playing electronic organ
video/eor__yOOiNc_000060/video.mp4,playing clarinet
video/-uD3ZbhFTnk_000077/video.mp4,baltimore oriole calling
video/Fzs-OIw-Atw_000000/video.mp4,chicken crowing
video/Q6nMNWRvWfM_000040/video.mp4,playing tabla
video/JLKsLx_SGOU_000030/video.mp4,"male speech, man speaking"
video/VtcXTrVLwb8_000598/video.mp4,beat boxing
video/kO_VmIHmggc_000045/video.mp4,cuckoo bird calling
video/Qy6DeQnCHuU_000030/video.mp4,horse clip-clop
video/vhJeDYQVtdQ_000040/video.mp4,wind noise
video/bVg-KMzzrVA_000137/video.mp4,"ice cream truck, ice cream van"
video/jGrIgDaqDR8_000210/video.mp4,wind noise
video/Ap9gDgwq1DU_000030/video.mp4,"motorboat, speedboat acceleration"
video/bkzGHRpx5MM_000030/video.mp4,playing bass guitar
video/eqWaZmPUnng_000000/video.mp4,foghorn
video/1a-ODBWMUAE_000030/video.mp4,waterfall burbling
video/r0u5T5kqm4Y_000003/video.mp4,sheep bleating
video/3hZIjJKOlzI_000255/video.mp4,sailing
video/JcMhOe-DHoE_000018/video.mp4,sea waves
video/9vDOSz1KxrQ_000169/video.mp4,electric grinder grinding
video/HZDIyvYqEC8_000001/video.mp4,magpie calling
video/i9kg--lMYBk_000062/video.mp4,people slapping
video/zAUlzt_njmk_000028/video.mp4,fox barking
video/3vDDWN5GKAA_000139/video.mp4,playing snare drum
video/I6bNIhsP0DY_000218/video.mp4,disc scratching
video/nfitcQXx-Y0_000058/video.mp4,gibbon howling
video/RrlgSfQrqQc_000020/video.mp4,"subway, metro, underground"
video/F0StNDt5xE8_000330/video.mp4,playing tabla
video/FBywOWQykEc_000492/video.mp4,people humming
video/aCxAhvP0kzI_000043/video.mp4,running electric fan
video/LCFNAzdifzU_000003/video.mp4,people gargling
video/nSBO3brcr58_000225/video.mp4,volcano explosion
video/4xWlOt4GOzs_000094/video.mp4,bull bellowing
video/yhA_TTKetyM_000030/video.mp4,dog howling
video/dBSRk9afGgE_000035/video.mp4,chinchilla barking
video/tmdrHw6-yUY_000181/video.mp4,dog bow-wow
video/uJJ494MYSmo_000019/video.mp4,sea waves
video/RMMcezvEugQ_000011/video.mp4,people battle cry
video/_Sll3DT8FxE_000041/video.mp4,baltimore oriole calling
video/5lyszxMsT20_000110/video.mp4,playing harp
video/HNNDBeHGlBc_000015/video.mp4,snake rattling
video/9WtDINM2mNc_000237/video.mp4,car engine idling
video/Au8g9kAlrLQ_000030/video.mp4,turkey gobbling
video/LjxhswBV1UA_000020/video.mp4,playing ukulele
video/ZPeG32vKQ3w_000030/video.mp4,typing on typewriter
video/yyqydavJ4YQ_000201/video.mp4,airplane flyby
video/EJwOhdjhxXY_000012/video.mp4,francolin calling
video/oYEzy8gH6q8_000030/video.mp4,tapping guitar
video/E75i9rHDHaE_000000/video.mp4,strike lighter